0.242373 0.990738 0.242348 0.990968 0.242073 0.990795
0.242187 0.987430 0.240628 0.987234 0.241334 0.987095
0.242201 0.988393 0.240638 0.990237 0.241433 0.988124
0.240440 0.991496 0.240234 0.991568 0.239917 0.991003
0.239917 0.991003 0.239955 0.991658 0.239501 0.991775
0.251879 0.573101 0.250556 0.576355 0.251340 0.571814
0.240079 0.986869 0.239017 0.986777 0.239453 0.986487
0.239651 0.987941 0.240638 0.990237 0.239356 0.987806
0.239917 0.991003 0.238359 0.991599 0.238302 0.991315
0.239356 0.987806 0.240638 0.990237 0.238626 0.987898
0.251879 0.573101 0.251340 0.571814 0.253145 0.568229
0.251879 0.573101 0.253145 0.568229 0.254397 0.566559
0.238580 0.985553 0.238292 0.985853 0.238139 0.985446
0.251340 0.571814 0.250979 0.568295 0.253145 0.568229
0.238292 0.985853 0.235437 0.985714 0.237839 0.985350
0.237477 0.985822 0.234312 0.987130 0.235437 0.985714
0.250979 0.568295 0.253036 0.564004 0.253145 0.568229
0.250979 0.568295 0.249154 0.567726 0.250817 0.562538
0.250979 0.568295 0.250817 0.562538 0.253036 0.564004
0.237463 0.987975 0.237529 0.989515 0.234312 0.987130
0.236287 0.991639 0.236150 0.991726 0.236407 0.991195
0.253145 0.568229 0.253036 0.564004 0.254397 0.566559
0.235521 0.991935 0.233255 0.991737 0.236407 0.991195
0.254397 0.566559 0.255908 0.563763 0.259864 0.564986
0.254397 0.566559 0.253036 0.564004 0.255908 0.563763
0.259864 0.564986 0.255908 0.563763 0.257832 0.561966
0.236407 0.991195 0.233255 0.991737 0.233193 0.991342
0.234260 0.983471 0.235437 0.985714 0.231918 0.983398
0.255908 0.563763 0.256526 0.559069 0.257832 0.561966
0.255908 0.563763 0.253036 0.564004 0.256526 0.559069
0.235437 0.985714 0.234312 0.987130 0.231784 0.984677
0.689867 0.948914 0.695539 0.949593 0.687717 0.950646
0.253036 0.564004 0.250817 0.562538 0.253266 0.558354
0.253036 0.564004 0.253266 0.558354 0.256526 0.559069
0.695539 0.949593 0.694254 0.953351 0.689386 0.952761
0.233255 0.991737 0.231821 0.991619 0.232248 0.991356
0.235437 0.985714 0.231784 0.984677 0.231918 0.983398
0.695539 0.949593 0.689386 0.952761 0.687717 0.950646
0.233255 0.991737 0.231081 0.992786 0.231166 0.992327
0.257832 0.561966 0.256526 0.559069 0.258897 0.558937
0.234260 0.983471 0.231918 0.983398 0.231334 0.981801
0.232825 0.988722 0.232302 0.988160 0.234312 0.987130
0.231081 0.992786 0.230679 0.992708 0.231166 0.992327
0.235845 0.545415 0.235144 0.542968 0.241328 0.548412
0.231534 0.991182 0.229566 0.991316 0.229104 0.989498
0.235144 0.542968 0.239016 0.545453 0.241328 0.548412
0.235144 0.542968 0.239147 0.543679 0.239016 0.545453
0.231784 0.984677 0.234312 0.987130 0.232181 0.987401
0.698601 0.953567 0.695096 0.956007 0.694254 0.953351
0.694254 0.953351 0.695096 0.956007 0.691497 0.955510
0.694254 0.953351 0.691497 0.955510 0.689386 0.952761
0.851900 0.072439 0.851217 0.072489 0.850089 0.068595
0.258897 0.558937 0.256526 0.559069 0.261000 0.555331
0.264982 0.560887 0.257832 0.561966 0.263447 0.557550
0.258897 0.558937 0.263447 0.557550 0.257832 0.561966
0.231688 0.980327 0.231334 0.981801 0.230421 0.979068
0.229986 0.991853 0.229710 0.992285 0.229349 0.992077
0.231638 0.987218 0.228408 0.984891 0.231784 0.984677
0.236817 0.540533 0.238537 0.541234 0.239147 0.543679
0.231918 0.983398 0.231784 0.984677 0.229633 0.983463
0.231918 0.983398 0.229633 0.983463 0.231334 0.981801
0.229115 0.992907 0.228305 0.992945 0.228935 0.992211
0.231334 0.981801 0.230287 0.980100 0.230421 0.979068
0.239016 0.545453 0.239147 0.543679 0.242095 0.546408
0.239016 0.545453 0.242095 0.546408 0.241328 0.548412
0.250817 0.562538 0.249851 0.558962 0.253266 0.558354
0.253266 0.558354 0.256813 0.555067 0.256526 0.559069
0.231079 0.987370 0.229694 0.988099 0.228408 0.984891
0.228935 0.992211 0.227689 0.992540 0.225962 0.991263
0.228935 0.992211 0.225962 0.991263 0.229104 0.989498
0.263447 0.557550 0.258897 0.558937 0.261000 0.555331
0.851217 0.072489 0.849419 0.069805 0.850089 0.068595
0.256526 0.559069 0.256813 0.555067 0.261000 0.555331
0.269229 0.558154 0.263447 0.557550 0.261000 0.555331
0.231334 0.981801 0.229633 0.983463 0.227736 0.982029
0.231334 0.981801 0.228025 0.979982 0.229428 0.980403
0.231334 0.981801 0.227736 0.982029 0.228025 0.979982
0.227277 0.992881 0.225863 0.992719 0.225962 0.991263
0.231784 0.984677 0.228408 0.984891 0.228752 0.983970
0.253266 0.558354 0.249851 0.558962 0.250446 0.554794
0.242095 0.546408 0.244400 0.545596 0.246420 0.547760
0.827399 0.060415 0.828562 0.061048 0.825098 0.063368
0.238537 0.541234 0.236817 0.540533 0.240788 0.540321
0.239147 0.543679 0.238537 0.541234 0.244400 0.545596
0.239147 0.543679 0.244400 0.545596 0.242095 0.546408
0.852239 0.067528 0.851321 0.065579 0.851935 0.063334
0.229104 0.989498 0.225962 0.991263 0.226455 0.989399
0.236817 0.540533 0.238530 0.537557 0.240788 0.540321
0.253266 0.558354 0.254109 0.554450 0.256813 0.555067
0.228752 0.983970 0.228408 0.984891 0.227060 0.983201
0.242095 0.546408 0.250156 0.552521 0.241328 0.548412
0.242095 0.546408 0.246420 0.547760 0.250156 0.552521
0.825098 0.063368 0.828562 0.061048 0.828907 0.062722
0.238537 0.541234 0.240788 0.540321 0.246296 0.542733
0.238537 0.541234 0.246296 0.542733 0.244400 0.545596
0.256813 0.555067 0.254109 0.554450 0.258794 0.552090
0.261000 0.555331 0.263299 0.552266 0.271219 0.551961
0.828562 0.061048 0.827399 0.060415 0.832001 0.059208
0.225863 0.992719 0.221328 0.989784 0.225962 0.991263
0.241328 0.548412 0.250156 0.552521 0.248319 0.553948
0.850089 0.068595 0.849419 0.069805 0.848916 0.064415
0.850089 0.068595 0.848916 0.064415 0.851321 0.065579
0.253266 0.558354 0.250446 0.554794 0.252947 0.554894
0.229104 0.989498 0.226455 0.989399 0.226319 0.988269
0.229104 0.989498 0.226319 0.988269 0.229694 0.988099
0.849419 0.069805 0.849329 0.070889 0.847321 0.066145
0.849419 0.069805 0.847321 0.066145 0.848916 0.064415
0.828562 0.061048 0.832322 0.061065 0.828907 0.062722
0.832001 0.059208 0.832322 0.061065 0.828562 0.061048
0.261000 0.555331 0.256813 0.555067 0.258794 0.552090
0.261000 0.555331 0.258794 0.552090 0.263299 0.552266
0.827186 0.058457 0.822924 0.058880 0.827670 0.055062
0.246420 0.547760 0.244400 0.545596 0.251280 0.548889
0.246420 0.547760 0.251280 0.548889 0.251840 0.550361
0.244400 0.545596 0.246296 0.542733 0.251280 0.548889
0.228408 0.984891 0.225473 0.985696 0.227060 0.983201
0.012852 0.105125 0.015488 0.102218 0.013620 0.109758
0.249415 0.554517 0.250156 0.552521 0.250446 0.554794
0.832001 0.059208 0.834857 0.059529 0.832322 0.061065
0.017327 0.105308 0.016045 0.107116 0.015488 0.102218
0.827399 0.060415 0.827186 0.058457 0.829987 0.055338
0.827399 0.060415 0.829987 0.055338 0.832001 0.059208
0.253410 0.554271 0.250446 0.554794 0.253445 0.553223
0.827186 0.058457 0.827670 0.055062 0.829987 0.055338
0.250156 0.552521 0.246420 0.547760 0.251840 0.550361
0.250156 0.552521 0.251840 0.550361 0.253445 0.553223
0.225638 0.989645 0.225962 0.991263 0.224178 0.989796
0.250156 0.552521 0.253445 0.553223 0.250446 0.554794
0.228408 0.984891 0.225901 0.986608 0.225473 0.985696
0.225962 0.991263 0.221328 0.989784 0.224178 0.989796
0.258794 0.552090 0.254635 0.553007 0.254991 0.552469
0.229694 0.988099 0.226354 0.987141 0.228408 0.984891
0.832001 0.059208 0.829987 0.055338 0.833650 0.053635
0.822924 0.058880 0.824076 0.054722 0.827670 0.055062
0.832001 0.059208 0.836006 0.056990 0.834857 0.059529
0.832322 0.061065 0.834729 0.062195 0.832285 0.063545
0.832322 0.061065 0.832285 0.063545 0.828907 0.062722
0.254635 0.553007 0.253445 0.553223 0.254991 0.552469
0.251280 0.548889 0.253917 0.549309 0.251840 0.550361
0.225195 0.988862 0.224428 0.987921 0.225507 0.987993
0.832001 0.059208 0.833650 0.053635 0.836038 0.055127
0.832001 0.059208 0.836038 0.055127 0.836006 0.056990
0.849329 0.070889 0.846835 0.067192 0.847321 0.066145
0.828907 0.062722 0.830949 0.064807 0.830076 0.066280
0.258794 0.552090 0.261949 0.549973 0.263299 0.552266
0.251840 0.550361 0.254588 0.551167 0.253445 0.553223
0.251840 0.550361 0.253917 0.549309 0.254588 0.551167
0.848916 0.064415 0.847321 0.066145 0.847445 0.064596
0.240788 0.540321 0.238530 0.537557 0.240508 0.536175
0.225473 0.985696 0.225341 0.986073 0.225167 0.985999
0.851321 0.065579 0.848916 0.064415 0.850783 0.061140
0.851321 0.065579 0.850783 0.061140 0.851935 0.063334
0.224453 0.988919 0.221328 0.989784 0.223553 0.988142
0.832322 0.061065 0.834857 0.059529 0.837637 0.060824
0.832322 0.061065 0.837637 0.060824 0.834729 0.062195
0.822924 0.058880 0.821602 0.056651 0.824076 0.054722
0.225341 0.986073 0.225196 0.986228 0.224891 0.986202
0.251280 0.548889 0.246296 0.542733 0.250687 0.543802
0.251280 0.548889 0.250687 0.543802 0.255100 0.544897
0.967537 0.801487 0.969301 0.798025 0.970071 0.800414
0.224931 0.987456 0.224862 0.986898 0.225139 0.986774
0.224931 0.987456 0.224428 0.987921 0.224716 0.987318
0.835457 0.066426 0.835099 0.065071 0.837052 0.065358
0.836006 0.056990 0.839678 0.057293 0.834857 0.059529
0.225167 0.985999 0.224891 0.986202 0.225473 0.985696
0.240788 0.540321 0.240508 0.536175 0.244231 0.538688
0.251280 0.548889 0.255100 0.544897 0.253917 0.549309
0.224716 0.987318 0.224428 0.987921 0.224319 0.987433
0.836006 0.056990 0.839426 0.056336 0.839678 0.057293
0.836006 0.056990 0.836038 0.055127 0.838816 0.055276
0.246296 0.542733 0.248511 0.540254 0.250687 0.543802
0.240788 0.540321 0.244231 0.538688 0.246296 0.542733
0.846835 0.067192 0.846376 0.066395 0.847321 0.066145
0.967537 0.801487 0.970851 0.805749 0.969384 0.805502
0.258794 0.552090 0.258980 0.550193 0.261949 0.549973
0.238530 0.537557 0.238276 0.534943 0.240508 0.536175
0.224510 0.987279 0.224319 0.987433 0.224469 0.987011
0.970600 0.795980 0.971559 0.796393 0.969301 0.798025
0.835457 0.066426 0.833742 0.065448 0.834157 0.065380
0.253917 0.549309 0.255100 0.544897 0.256492 0.547627
0.258794 0.552090 0.257383 0.550588 0.257829 0.550298
0.246296 0.542733 0.247196 0.539869 0.248511 0.540254
0.838988 0.065937 0.838298 0.065002 0.841674 0.064807
0.253917 0.549309 0.257131 0.549677 0.256549 0.549979
0.253917 0.549309 0.256492 0.547627 0.257131 0.549677
0.848916 0.064415 0.848836 0.061543 0.850783 0.061140
0.837052 0.065358 0.835099 0.065071 0.834729 0.062195
0.837052 0.065358 0.834729 0.062195 0.837246 0.063456
0.839426 0.056336 0.840315 0.056545 0.839678 0.057293
0.839426 0.056336 0.840483 0.056139 0.840315 0.056545
0.221328 0.989784 0.222319 0.987321 0.223553 0.988142
0.839678 0.057293 0.837637 0.060824 0.834857 0.059529
0.838816 0.055276 0.842033 0.054059 0.840386 0.055740
0.246296 0.542733 0.244231 0.538688 0.247196 0.539869
0.821602 0.056651 0.823419 0.053859 0.824076 0.054722
0.257164 0.550414 0.257205 0.550205 0.257444 0.550372
0.848916 0.064415 0.847942 0.063427 0.847717 0.062640
0.827670 0.055062 0.824076 0.054722 0.827251 0.051499
0.827670 0.055062 0.827251 0.051499 0.829987 0.055338
0.840386 0.055740 0.842033 0.054059 0.840638 0.055869
0.838298 0.065002 0.838348 0.063582 0.841674 0.064807
0.839678 0.057293 0.840774 0.057666 0.841235 0.058825
0.838504 0.054164 0.836038 0.055127 0.839706 0.050198
0.838504 0.054164 0.839706 0.050198 0.842033 0.054059
0.263299 0.552266 0.261949 0.549973 0.265771 0.547854
0.830949 0.064807 0.831527 0.065404 0.830076 0.066280
0.841674 0.064807 0.839154 0.062798 0.840463 0.059472
0.842033 0.054059 0.845961 0.054216 0.841907 0.055704
0.840774 0.057666 0.842829 0.056701 0.841920 0.058136
0.837439 0.064243 0.837246 0.063456 0.838348 0.063582
0.845988 0.065154 0.845770 0.064777 0.847321 0.066145
0.261949 0.549973 0.259438 0.549131 0.260028 0.548731
0.823419 0.053859 0.821602 0.056651 0.820461 0.054403
0.238276 0.534943 0.239172 0.534096 0.240508 0.536175
0.829987 0.055338 0.827251 0.051499 0.832583 0.050754
0.829987 0.055338 0.832583 0.050754 0.833650 0.053635
0.223127 0.987541 0.222319 0.987321 0.223038 0.987074
0.836038 0.055127 0.835247 0.050524 0.839706 0.050198
0.261949 0.549973 0.262476 0.548054 0.265771 0.547854
0.836038 0.055127 0.833650 0.053635 0.835247 0.050524
0.837637 0.060824 0.839678 0.057293 0.840463 0.059472
0.969384 0.805502 0.970851 0.805749 0.971190 0.806919
0.837637 0.060824 0.837246 0.063456 0.834729 0.062195
0.970851 0.805749 0.972581 0.807190 0.971190 0.806919
0.833191 0.064004 0.834729 0.062195 0.833771 0.064108
0.842033 0.054059 0.839706 0.050198 0.845703 0.051605
0.059476 0.920975 0.059718 0.920153 0.059982 0.921326
0.839678 0.057293 0.841235 0.058825 0.840463 0.059472
0.059984 0.920557 0.059982 0.921326 0.059718 0.920153
0.842829 0.056701 0.845961 0.054216 0.845265 0.056779
0.842829 0.056701 0.845265 0.056779 0.843259 0.057999
0.847321 0.066145 0.845853 0.064065 0.846183 0.064070
0.841674 0.064807 0.843176 0.062526 0.844573 0.064253
0.824076 0.054722 0.823419 0.053859 0.827251 0.051499
0.257219 0.548619 0.256492 0.547627 0.258505 0.547551
0.259438 0.549131 0.259612 0.548740 0.260028 0.548731
0.842033 0.054059 0.845703 0.051605 0.845961 0.054216
0.258343 0.548950 0.258505 0.547551 0.258848 0.548592
0.846066 0.063915 0.845810 0.063803 0.845986 0.063750
0.844573 0.064253 0.843176 0.062526 0.845285 0.062964
0.820461 0.054403 0.819140 0.052229 0.823419 0.053859
0.841674 0.064807 0.840463 0.059472 0.843176 0.062526
0.848836 0.061543 0.848686 0.060543 0.849783 0.060613
0.832216 0.064883 0.832129 0.065357 0.831527 0.065404
0.833650 0.053635 0.832583 0.050754 0.835247 0.050524
0.845491 0.063893 0.845285 0.062964 0.845815 0.063410
0.845703 0.051605 0.839706 0.050198 0.845990 0.046964
0.250687 0.543802 0.248511 0.540254 0.251896 0.542804
0.831527 0.065404 0.832071 0.065658 0.831799 0.065794
0.831527 0.065404 0.831799 0.065794 0.830076 0.066280
0.240316 0.531185 0.242453 0.531110 0.245154 0.534215
0.059718 0.920153 0.059402 0.920044 0.059322 0.919664
0.847333 0.062197 0.847115 0.062344 0.846977 0.062037
0.845961 0.054216 0.848181 0.054975 0.845265 0.056779
0.823419 0.053859 0.825503 0.049830 0.827251 0.051499
0.845265 0.056779 0.844200 0.058891 0.843259 0.057999
0.849783 0.060613 0.849671 0.059619 0.850275 0.060029
0.849783 0.060613 0.849118 0.059765 0.849671 0.059619
0.256492 0.547627 0.255100 0.544897 0.258505 0.547551
0.244231 0.538688 0.240508 0.536175 0.242544 0.535977
0.259387 0.548194 0.258505 0.547551 0.260097 0.547485
0.837637 0.060824 0.840463 0.059472 0.838915 0.061783
0.819140 0.052229 0.818165 0.050824 0.819366 0.051512
0.837637 0.060824 0.838915 0.061783 0.837246 0.063456
0.846771 0.062157 0.846413 0.062005 0.846711 0.061920
0.258505 0.547551 0.260106 0.545969 0.260097 0.547485
0.819140 0.052229 0.821115 0.051665 0.823419 0.053859
0.262476 0.548054 0.263426 0.546429 0.265771 0.547854
0.845703 0.051605 0.845990 0.046964 0.847638 0.047726
0.260834 0.547716 0.260106 0.545969 0.263426 0.546429
0.839706 0.050198 0.844173 0.046647 0.845990 0.046964
0.846341 0.061716 0.846313 0.058510 0.846889 0.061228
0.842727 0.059197 0.843108 0.059786 0.840463 0.059472
0.244231 0.538688 0.245694 0.537733 0.247196 0.539869
0.244231 0.538688 0.242544 0.535977 0.245694 0.537733
0.845229 0.061758 0.843607 0.061179 0.844133 0.060406
0.239172 0.534096 0.238679 0.533158 0.239059 0.533296
0.839706 0.050198 0.835247 0.050524 0.839513 0.047880
0.846889 0.061228 0.846313 0.058510 0.847166 0.061005
0.250687 0.543802 0.253757 0.542207 0.255100 0.544897
0.845265 0.056779 0.846313 0.058510 0.844200 0.058891
0.842925 0.061846 0.840463 0.059472 0.841907 0.061277
0.247196 0.539869 0.246464 0.538277 0.246843 0.538638
0.847710 0.060691 0.846313 0.058510 0.847729 0.060293
0.848181 0.054975 0.849010 0.056864 0.845265 0.056779
0.247196 0.539869 0.247489 0.538656 0.248511 0.540254
0.240621 0.532873 0.240316 0.531185 0.245154 0.534215
0.240621 0.532873 0.245154 0.534215 0.242544 0.535977
0.245154 0.534215 0.242453 0.531110 0.249251 0.534287
0.245154 0.534215 0.249251 0.534287 0.247730 0.535782
0.818165 0.050824 0.818562 0.050278 0.819311 0.050478
0.240508 0.536175 0.241000 0.534699 0.242544 0.535977
0.240508 0.536175 0.239931 0.533684 0.240322 0.533949
0.058761 0.919695 0.058348 0.919769 0.058506 0.919517
0.248511 0.540254 0.250371 0.538788 0.251009 0.540647
0.057772 0.920134 0.057263 0.920280 0.057269 0.919948
0.843607 0.061179 0.843096 0.060905 0.843233 0.060714
0.849174 0.059484 0.848805 0.059615 0.848857 0.059199
0.840463 0.059472 0.842874 0.060396 0.842539 0.060503
0.819140 0.052229 0.819366 0.051512 0.821115 0.051665
0.845389 0.060663 0.844133 0.060406 0.846313 0.058510
0.845265 0.056779 0.847287 0.058158 0.846313 0.058510
0.245154 0.534215 0.247322 0.536938 0.246874 0.537015
0.845265 0.056779 0.848985 0.057619 0.848330 0.057737
0.247730 0.535782 0.249251 0.534287 0.250978 0.537719
0.823419 0.053859 0.821115 0.051665 0.825503 0.049830
0.847964 0.059718 0.846313 0.058510 0.848226 0.059511
0.242453 0.531110 0.246309 0.530568 0.249251 0.534287
0.245154 0.534215 0.245516 0.536911 0.242544 0.535977
0.251527 0.541760 0.253757 0.542207 0.250687 0.543802
0.245154 0.534215 0.246874 0.537015 0.246476 0.537027
0.258505 0.547551 0.255100 0.544897 0.257378 0.542414
0.258505 0.547551 0.257378 0.542414 0.260106 0.545969
0.240621 0.532873 0.242544 0.535977 0.241424 0.534358
0.247322 0.536938 0.250978 0.537719 0.248076 0.537405
0.247322 0.536938 0.246863 0.537285 0.246874 0.537015
0.250978 0.537719 0.250371 0.538788 0.248273 0.537775
0.263426 0.546429 0.260106 0.545969 0.261700 0.543752
0.240621 0.532873 0.241424 0.534358 0.240933 0.533780
0.819311 0.050478 0.819130 0.049995 0.819437 0.049936
0.239931 0.533684 0.240069 0.533562 0.240322 0.533949
0.248511 0.540254 0.247529 0.538364 0.250371 0.538788
0.849083 0.058700 0.848918 0.058435 0.849320 0.058291
0.545143 0.055787 0.543255 0.055195 0.544214 0.051209
0.058303 0.918738 0.058137 0.918749 0.057774 0.918300
0.057345 0.919215 0.056131 0.918196 0.056634 0.917799
0.263426 0.546429 0.261700 0.543752 0.263768 0.545441
0.839513 0.047880 0.835247 0.050524 0.839736 0.042071
0.839706 0.050198 0.839513 0.047880 0.844173 0.046647
0.848985 0.057619 0.849137 0.057744 0.848937 0.057833
0.058972 0.917530 0.058765 0.917557 0.058925 0.917345
0.845990 0.046964 0.844173 0.046647 0.846227 0.044223
0.250978 0.537719 0.251340 0.539340 0.250371 0.538788
0.058631 0.917848 0.058425 0.917631 0.058765 0.917557
0.253757 0.542207 0.252369 0.541080 0.253239 0.541263
0.058765 0.917557 0.058425 0.917631 0.058672 0.917322
0.250978 0.537719 0.249251 0.534287 0.256977 0.538728
0.250978 0.537719 0.256977 0.538728 0.257373 0.539950
0.250978 0.537719 0.253729 0.539869 0.252215 0.539639
0.250978 0.537719 0.257373 0.539950 0.253729 0.539869
0.246309 0.530568 0.248552 0.528772 0.252729 0.530445
0.542692 0.055517 0.541172 0.055022 0.544214 0.051209
0.058425 0.917631 0.058428 0.916969 0.058629 0.917026
0.056131 0.918196 0.055962 0.917903 0.056634 0.917799
0.251599 0.540605 0.250371 0.538788 0.251669 0.540354
0.252369 0.541080 0.252511 0.540709 0.252917 0.541037
0.825503 0.049830 0.821115 0.051665 0.823747 0.048167
0.255100 0.544897 0.253757 0.542207 0.257378 0.542414
0.249251 0.534287 0.259566 0.536274 0.256977 0.538728
0.835247 0.050524 0.832583 0.050754 0.839736 0.042071
0.246309 0.530568 0.252729 0.530445 0.249251 0.534287
0.821219 0.050151 0.821312 0.049599 0.821115 0.051665
0.832583 0.050754 0.827251 0.051499 0.833224 0.045244
0.252024 0.540603 0.252077 0.540409 0.252511 0.540709
0.821115 0.051665 0.821995 0.049811 0.823747 0.048167
0.844173 0.046647 0.839513 0.047880 0.841810 0.042795
0.844173 0.046647 0.843995 0.041423 0.846227 0.044223
0.252394 0.540159 0.252912 0.540416 0.252446 0.540470
0.827251 0.051499 0.825503 0.049830 0.833224 0.045244
0.058257 0.916622 0.057567 0.916659 0.057659 0.916145
0.058257 0.916622 0.057659 0.916145 0.058359 0.916088
0.057327 0.916694 0.056920 0.916556 0.057659 0.916145
0.493574 0.081799 0.491289 0.081782 0.489543 0.080061
0.493574 0.081799 0.489543 0.080061 0.492359 0.079216
0.257378 0.542414 0.258982 0.542503 0.260106 0.545969
0.254354 0.541014 0.257373 0.539950 0.253757 0.542207
0.249251 0.534287 0.257619 0.532477 0.259566 0.536274
0.249251 0.534287 0.252729 0.530445 0.257619 0.532477
0.260106 0.545969 0.258982 0.542503 0.261700 0.543752
0.844173 0.046647 0.841810 0.042795 0.843995 0.041423
0.257373 0.539950 0.257378 0.542414 0.253757 0.542207
0.257373 0.539950 0.256977 0.538728 0.263841 0.538307
0.259566 0.536274 0.263841 0.538307 0.256977 0.538728
0.832583 0.050754 0.833224 0.045244 0.839736 0.042071
0.821126 0.048546 0.819381 0.048185 0.820740 0.047207
0.544214 0.051209 0.545762 0.046257 0.549114 0.045514
0.821570 0.048553 0.820740 0.047207 0.823747 0.048167
0.825503 0.049830 0.823747 0.048167 0.826843 0.046279
0.257373 0.539950 0.258982 0.542503 0.257378 0.542414
0.544214 0.051209 0.541172 0.055022 0.539291 0.049618
0.491475 0.078280 0.489543 0.080061 0.488868 0.075929
0.491475 0.078280 0.488868 0.075929 0.490900 0.076827
0.490103 0.082133 0.487170 0.084565 0.489543 0.080061
0.263841 0.538307 0.263157 0.540485 0.257373 0.539950
0.839513 0.047880 0.839736 0.042071 0.841810 0.042795
0.257619 0.532477 0.264025 0.532695 0.259566 0.536274
0.257373 0.539950 0.263157 0.540485 0.258982 0.542503
0.825503 0.049830 0.831265 0.044116 0.833224 0.045244
0.544214 0.051209 0.539291 0.049618 0.545762 0.046257
0.259566 0.536274 0.264025 0.532695 0.268798 0.533113
0.257619 0.532477 0.259628 0.530980 0.264025 0.532695
0.263841 0.538307 0.259566 0.536274 0.268798 0.533113
0.258982 0.542503 0.263157 0.540485 0.261700 0.543752
0.823747 0.048167 0.824085 0.046665 0.825095 0.046567
0.549114 0.045514 0.545762 0.046257 0.551099 0.042412
0.549114 0.045514 0.551099 0.042412 0.550966 0.043993
0.263841 0.538307 0.268798 0.533113 0.270003 0.537796
0.825503 0.049830 0.826843 0.046279 0.828579 0.044734
0.261700 0.543752 0.263157 0.540485 0.264169 0.541990
0.263841 0.538307 0.270003 0.537796 0.263157 0.540485
0.489543 0.080061 0.486063 0.079027 0.488868 0.075929
0.823747 0.048167 0.825095 0.046567 0.826843 0.046279
0.825503 0.049830 0.828579 0.044734 0.831265 0.044116
0.264025 0.532695 0.259628 0.530980 0.274057 0.530566
0.823747 0.048167 0.820740 0.047207 0.822855 0.046397
0.484445 0.087578 0.481142 0.083812 0.487170 0.084565
0.489543 0.080061 0.487170 0.084565 0.480174 0.080854
0.541172 0.055022 0.537327 0.051470 0.539291 0.049618
0.820740 0.047207 0.820046 0.045573 0.822855 0.046397
0.826843 0.046279 0.825095 0.046567 0.825200 0.046032
0.489543 0.080061 0.480174 0.080854 0.486063 0.079027
0.825095 0.046567 0.824492 0.046172 0.825200 0.046032
0.841810 0.042795 0.839736 0.042071 0.843995 0.041423
0.551099 0.042412 0.552117 0.037679 0.559881 0.032481
0.824194 0.045755 0.824041 0.045528 0.824114 0.045531
0.824041 0.045528 0.824049 0.045341 0.824114 0.045531
0.824041 0.045528 0.823809 0.045477 0.824049 0.045341
0.824114 0.045531 0.824049 0.045341 0.824257 0.045298
0.487170 0.084565 0.481142 0.083812 0.480174 0.080854
0.823337 0.045581 0.823914 0.044693 0.823821 0.045205
0.545762 0.046257 0.539291 0.049618 0.541642 0.045793
0.545762 0.046257 0.541642 0.045793 0.545907 0.041810
0.484445 0.087578 0.480502 0.086916 0.481142 0.083812
0.822900 0.045673 0.820046 0.045573 0.823248 0.044454
0.486063 0.079027 0.482297 0.077259 0.488868 0.075929
0.264025 0.532695 0.274057 0.530566 0.268798 0.533113
0.839736 0.042071 0.833224 0.045244 0.837854 0.039487
0.839736 0.042071 0.837854 0.039487 0.841071 0.038650
0.831265 0.044116 0.837854 0.039487 0.833224 0.045244
0.826843 0.046279 0.826430 0.043839 0.828579 0.044734
0.828579 0.044734 0.826430 0.043839 0.827696 0.042480
0.823248 0.044454 0.820046 0.045573 0.822914 0.043612
0.823248 0.044454 0.822914 0.043612 0.823782 0.043963
0.545762 0.046257 0.545907 0.041810 0.551099 0.042412
0.480174 0.080854 0.480556 0.078339 0.486063 0.079027
0.537327 0.051470 0.535462 0.048517 0.539291 0.049618
0.825715 0.043544 0.822914 0.043612 0.827696 0.042480
0.843995 0.041423 0.839736 0.042071 0.841071 0.038650
0.486063 0.079027 0.480556 0.078339 0.482297 0.077259
0.488868 0.075929 0.482297 0.077259 0.483173 0.073708
0.559881 0.032481 0.552117 0.037679 0.557582 0.031605
0.539291 0.049618 0.538261 0.044981 0.541642 0.045793
0.488868 0.075929 0.483173 0.073708 0.487743 0.072610
0.843995 0.041423 0.841071 0.038650 0.844614 0.035800
0.551099 0.042412 0.545907 0.041810 0.552117 0.037679
0.828579 0.044734 0.827696 0.042480 0.830157 0.041434
0.828579 0.044734 0.830157 0.041434 0.831265 0.044116
0.831265 0.044116 0.830157 0.041434 0.837854 0.039487
0.552117 0.037679 0.545907 0.041810 0.549364 0.034583
0.827696 0.042480 0.827555 0.041487 0.827969 0.041224
0.827696 0.042480 0.827969 0.041224 0.830157 0.041434
0.827696 0.042480 0.822914 0.043612 0.825843 0.041808
0.480502 0.086916 0.479140 0.088744 0.477151 0.086127
0.480502 0.086916 0.477151 0.086127 0.481142 0.083812
0.541642 0.045793 0.541740 0.040886 0.545907 0.041810
0.830157 0.041434 0.835493 0.038576 0.837854 0.039487
0.822914 0.043612 0.825470 0.040001 0.825518 0.040931
0.830157 0.041434 0.829188 0.040426 0.829755 0.039307
0.481142 0.083812 0.474254 0.083303 0.480174 0.080854
0.826720 0.040169 0.826245 0.040369 0.825470 0.040001
0.828922 0.039100 0.828979 0.038874 0.829324 0.038832
0.481142 0.083812 0.477151 0.086127 0.474254 0.083303
0.487743 0.072610 0.483173 0.073708 0.486234 0.070117
0.830157 0.041434 0.831559 0.039084 0.835493 0.038576
0.480556 0.078339 0.480174 0.080854 0.475761 0.079321
0.480556 0.078339 0.475761 0.079321 0.482297 0.077259
0.539291 0.049618 0.535462 0.048517 0.538261 0.044981
0.545907 0.041810 0.545432 0.035530 0.549364 0.034583
0.832261 0.949210 0.831629 0.949882 0.831608 0.944059
0.480174 0.080854 0.474254 0.083303 0.473959 0.079827
0.829704 0.037803 0.829871 0.037487 0.830093 0.038243
0.830093 0.038243 0.829871 0.037487 0.830246 0.037496
0.541740 0.040886 0.543610 0.037558 0.545907 0.041810
0.826950 0.038830 0.825470 0.040001 0.825428 0.037532
0.617138 0.931787 0.615211 0.930797 0.617049 0.930502
0.822914 0.043612 0.820729 0.040205 0.825470 0.040001
0.831559 0.039084 0.832785 0.038437 0.835493 0.038576
0.480174 0.080854 0.473959 0.079827 0.475761 0.079321
0.830842 0.037910 0.830614 0.037146 0.831244 0.037163
0.552117 0.037679 0.549364 0.034583 0.557582 0.031605
0.545907 0.041810 0.543610 0.037558 0.545432 0.035530
0.835493 0.038576 0.832785 0.038437 0.834164 0.037097
0.832785 0.038437 0.832537 0.036768 0.834164 0.037097
0.831244 0.037163 0.831519 0.036135 0.832537 0.036768
0.557582 0.031605 0.549364 0.034583 0.553753 0.029432
0.825470 0.040001 0.823603 0.037988 0.825428 0.037532
0.841071 0.038650 0.837854 0.039487 0.842626 0.034468
0.541642 0.045793 0.538261 0.044981 0.541740 0.040886
0.483173 0.073708 0.483723 0.070258 0.486234 0.070117
0.844614 0.035800 0.841071 0.038650 0.842626 0.034468
0.831629 0.949882 0.829282 0.945610 0.831608 0.944059
0.535462 0.048517 0.534090 0.047828 0.532786 0.045916
0.617049 0.930502 0.615861 0.930127 0.617095 0.928738
0.617049 0.930502 0.617095 0.928738 0.617744 0.929065
0.477151 0.086127 0.474535 0.086198 0.474254 0.083303
0.825470 0.040001 0.820729 0.040205 0.823603 0.037988
0.538261 0.044981 0.537518 0.043580 0.541740 0.040886
0.483173 0.073708 0.481748 0.070735 0.483723 0.070258
0.538261 0.044981 0.535462 0.048517 0.537518 0.043580
0.832173 0.036167 0.833200 0.035991 0.832537 0.036768
0.837854 0.039487 0.835493 0.038576 0.842626 0.034468
0.832038 0.035464 0.832147 0.035121 0.832525 0.035342
0.832525 0.035342 0.832504 0.034846 0.835248 0.035346
0.832525 0.035342 0.835248 0.035346 0.833200 0.035991
0.835493 0.038576 0.835045 0.035977 0.835248 0.035346
0.619569 0.927103 0.618984 0.927472 0.619154 0.926959
0.549364 0.034583 0.545432 0.035530 0.550556 0.029388
0.535462 0.048517 0.532786 0.045916 0.537518 0.043580
0.618090 0.928187 0.617095 0.928738 0.617221 0.927740
0.618090 0.928187 0.617221 0.927740 0.618032 0.927387
0.835493 0.038576 0.840119 0.033805 0.842626 0.034468
0.486234 0.070117 0.484490 0.068667 0.487381 0.068243
0.615861 0.930127 0.616010 0.928839 0.617095 0.928738
0.549364 0.034583 0.550556 0.029388 0.553753 0.029432
0.619680 0.926329 0.619633 0.925716 0.619930 0.925838
0.483173 0.073708 0.477110 0.072315 0.481748 0.070735
0.617095 0.928738 0.616365 0.928324 0.617221 0.927740
0.486234 0.070117 0.483723 0.070258 0.484490 0.068667
0.835493 0.038576 0.835248 0.035346 0.840119 0.033805
0.618913 0.926467 0.618196 0.925894 0.618974 0.925683
0.618032 0.927387 0.617221 0.927740 0.617745 0.927178
0.482297 0.077259 0.475761 0.079321 0.473945 0.075861
0.482297 0.077259 0.473945 0.075861 0.483173 0.073708
0.474254 0.083303 0.470296 0.081829 0.473959 0.079827
0.473959 0.079827 0.471401 0.076406 0.475761 0.079321
0.473959 0.079827 0.470278 0.077936 0.471401 0.076406
0.617221 0.927740 0.616365 0.928324 0.616361 0.927515
0.617221 0.927740 0.616361 0.927515 0.617383 0.927086
0.842626 0.034468 0.840119 0.033805 0.843441 0.033682
0.835248 0.035346 0.836161 0.034103 0.839004 0.032780
0.835248 0.035346 0.839004 0.032780 0.840119 0.033805
0.599788 0.939012 0.599584 0.934496 0.604386 0.938227
0.618533 0.925209 0.616950 0.924786 0.619869 0.923506
0.475761 0.079321 0.471401 0.076406 0.473945 0.075861
0.587826 0.932884 0.586484 0.931293 0.588296 0.930629
0.587826 0.932884 0.588296 0.930629 0.590433 0.932396
0.612478 0.932063 0.613793 0.929576 0.614196 0.929660
0.541740 0.040886 0.540144 0.039432 0.543610 0.037558
0.483173 0.073708 0.473945 0.075861 0.477110 0.072315
0.541740 0.040886 0.537518 0.043580 0.540144 0.039432
0.537518 0.043580 0.532786 0.045916 0.534261 0.044258
0.994071 0.681755 0.994781 0.681590 0.994016 0.682027
0.614760 0.929211 0.613709 0.929132 0.615038 0.928603
0.619869 0.923506 0.616248 0.920697 0.620629 0.918937
0.112683 0.004806 0.113943 0.003597 0.112800 0.005014
0.840119 0.033805 0.839004 0.032780 0.840603 0.031907
0.234598 0.599365 0.230682 0.599406 0.233769 0.594223
0.590433 0.932396 0.588296 0.930629 0.590411 0.931229
0.992745 0.682677 0.995040 0.682561 0.993739 0.683887
0.532786 0.045916 0.530770 0.046531 0.531624 0.044987
0.532786 0.045916 0.531624 0.044987 0.534261 0.044258
0.473959 0.079827 0.470296 0.081829 0.470278 0.077936
0.995040 0.682561 0.996605 0.684183 0.994884 0.684473
0.586602 0.930796 0.586789 0.929064 0.588296 0.930629
0.537518 0.043580 0.534261 0.044258 0.537055 0.040074
0.021268 0.276159 0.018610 0.277252 0.020658 0.274524
0.833086 0.943752 0.831608 0.944059 0.833762 0.940837
0.550556 0.029388 0.545432 0.035530 0.545677 0.031949
0.612478 0.932063 0.613461 0.936631 0.612315 0.934408
0.613793 0.929576 0.612478 0.932063 0.613512 0.929405
0.613793 0.929576 0.613512 0.929405 0.613709 0.929132
0.991802 0.683860 0.992413 0.684117 0.992083 0.684204
0.615071 0.927460 0.613709 0.929132 0.614600 0.927161
0.545432 0.035530 0.543610 0.037558 0.543677 0.033532
0.545432 0.035530 0.543677 0.033532 0.545677 0.031949
0.003196 0.752164 0.003820 0.752513 0.003501 0.752837
0.003820 0.752513 0.004025 0.752859 0.003501 0.752837
0.470296 0.081829 0.469216 0.080490 0.470278 0.077936
0.997474 0.682673 0.997795 0.683228 0.996535 0.683237
0.588296 0.930629 0.586789 0.929064 0.588582 0.928771
0.588296 0.930629 0.590099 0.929405 0.590411 0.931229
0.588296 0.930629 0.588582 0.928771 0.590099 0.929405
0.020658 0.274524 0.019607 0.274147 0.020348 0.273868
0.020658 0.274524 0.019532 0.274870 0.019607 0.274147
0.992413 0.684117 0.993739 0.683887 0.992502 0.685098
0.992413 0.684117 0.992502 0.685098 0.991751 0.685436
0.620629 0.918937 0.616248 0.920697 0.618717 0.916420
0.590411 0.931229 0.590099 0.929405 0.591489 0.929611
0.590411 0.931229 0.592403 0.930319 0.593000 0.931873
0.590411 0.931229 0.591489 0.929611 0.592403 0.930319
0.996535 0.683237 0.997795 0.683228 0.997265 0.683720
0.534261 0.044258 0.535849 0.041336 0.537055 0.040074
0.227163 0.622360 0.227576 0.622644 0.226902 0.623350
0.620629 0.918937 0.618717 0.916420 0.621647 0.917203
0.534261 0.044258 0.534368 0.042256 0.535530 0.041560
0.613709 0.929132 0.613006 0.928812 0.614600 0.927161
0.002723 0.752472 0.002102 0.752843 0.002212 0.752529
0.612478 0.932063 0.612315 0.934408 0.611602 0.930712
0.615944 0.925471 0.614823 0.925785 0.619869 0.923506
0.593000 0.931873 0.594019 0.931317 0.594720 0.932369
0.593000 0.931873 0.593663 0.930540 0.594019 0.931317
0.019607 0.274147 0.019532 0.274870 0.019231 0.274097
0.997921 0.683593 0.998430 0.683992 0.997883 0.684078
0.534261 0.044258 0.531624 0.044987 0.532855 0.043367
0.019532 0.274870 0.018610 0.277252 0.017897 0.274866
0.019441 0.273949 0.019231 0.274097 0.019486 0.273534
0.537518 0.043580 0.537055 0.040074 0.540144 0.039432
0.613461 0.936631 0.612064 0.935925 0.612315 0.934408
0.020128 0.269857 0.019819 0.270938 0.019307 0.269698
0.553753 0.029432 0.550556 0.029388 0.555105 0.023460
0.992502 0.685098 0.994161 0.684738 0.994714 0.686236
0.992502 0.685098 0.994714 0.686236 0.991956 0.686809
0.992502 0.685098 0.991956 0.686809 0.991751 0.685436
0.994884 0.684473 0.996002 0.684955 0.994714 0.686236
0.228508 0.621426 0.229978 0.620577 0.229635 0.623331
0.228508 0.621426 0.229635 0.623331 0.228140 0.622509
0.594720 0.932369 0.596016 0.931133 0.599584 0.934496
0.991751 0.685436 0.991956 0.686809 0.990733 0.686627
0.238485 0.596596 0.234598 0.599365 0.233769 0.594223
0.238485 0.596596 0.233769 0.594223 0.239814 0.595262
0.997286 0.684065 0.997883 0.684078 0.997342 0.684774
0.018610 0.277252 0.017844 0.278609 0.016510 0.276887
0.018610 0.277252 0.016510 0.276887 0.017897 0.274866
0.599584 0.934496 0.596016 0.931133 0.600809 0.931321
0.228140 0.622509 0.229635 0.623331 0.228202 0.623514
0.230235 0.618723 0.231845 0.618261 0.231448 0.619752
0.230235 0.618723 0.231448 0.619752 0.230203 0.619709
0.473945 0.075861 0.471244 0.072983 0.477110 0.072315
0.619869 0.923506 0.614823 0.925785 0.616248 0.920697
0.713462 0.008909 0.712855 0.009318 0.712101 0.008384
0.998989 0.684455 0.999283 0.684937 0.998495 0.684757
0.226953 0.625075 0.228202 0.623514 0.228911 0.624512
0.226953 0.625075 0.228911 0.624512 0.228945 0.625952
0.017844 0.278609 0.014404 0.279055 0.014612 0.276647
0.588582 0.928771 0.587445 0.927384 0.590149 0.928254
0.588582 0.928771 0.590149 0.928254 0.589830 0.928901
0.831608 0.944059 0.829282 0.945610 0.829655 0.941482
0.202486 0.537757 0.203611 0.539567 0.203412 0.540340
0.229978 0.620577 0.231515 0.622309 0.229635 0.623331
0.229978 0.620577 0.232099 0.621467 0.231515 0.622309
0.534368 0.042256 0.534286 0.041563 0.534545 0.041487
0.589830 0.928901 0.590149 0.928254 0.591915 0.928421
0.990937 0.735360 0.990655 0.735035 0.990876 0.734743
0.471401 0.076406 0.471244 0.072983 0.473945 0.075861
0.991263 0.736690 0.991984 0.735673 0.993759 0.736225
0.991263 0.736690 0.993759 0.736225 0.991634 0.738192
0.712101 0.008384 0.712161 0.009696 0.708513 0.008263
0.712101 0.008384 0.709366 0.007129 0.711727 0.006179
0.712101 0.008384 0.708513 0.008263 0.709366 0.007129
0.587445 0.927384 0.589858 0.926472 0.590149 0.928254
0.711727 0.006179 0.709366 0.007129 0.710514 0.005689
0.829282 0.945610 0.827684 0.943553 0.829655 0.941482
0.590149 0.928254 0.589858 0.926472 0.591915 0.928421
0.535989 0.040548 0.535767 0.039745 0.537055 0.040074
0.540144 0.039432 0.537055 0.040074 0.536986 0.036699
0.991059 0.734362 0.990914 0.734211 0.990946 0.733791
0.991059 0.734362 0.990946 0.733791 0.991032 0.733765
0.531624 0.044987 0.529566 0.044742 0.531213 0.042617
0.017330 0.271382 0.015833 0.273480 0.016839 0.269303
0.593045 0.929573 0.591915 0.928421 0.594736 0.928189
0.593045 0.929573 0.594736 0.928189 0.594830 0.930079
0.231448 0.619752 0.232448 0.618939 0.232792 0.620457
0.231448 0.619752 0.232792 0.620457 0.232099 0.621467
0.593710 0.929890 0.594830 0.930079 0.594372 0.930380
0.543610 0.037558 0.540144 0.039432 0.543677 0.033532
0.531624 0.044987 0.531213 0.042617 0.532037 0.041888
0.712167 0.010103 0.710854 0.012070 0.710067 0.011073
0.712167 0.010103 0.710067 0.011073 0.708513 0.008263
0.596016 0.931133 0.596383 0.929751 0.600809 0.931321
0.535181 0.040700 0.534891 0.040442 0.535082 0.040275
0.229635 0.623331 0.231515 0.622309 0.231774 0.624138
0.612782 0.928361 0.612538 0.928533 0.612133 0.924605
0.612782 0.928361 0.612133 0.924605 0.613643 0.926859
0.016839 0.269303 0.015833 0.273480 0.015433 0.271721
0.016839 0.269303 0.015331 0.268698 0.016815 0.267600
0.613643 0.926859 0.612133 0.924605 0.616248 0.920697
0.239814 0.595262 0.233769 0.594223 0.240745 0.593574
0.591915 0.928421 0.589858 0.926472 0.591704 0.925972
0.591915 0.928421 0.591704 0.925972 0.594736 0.928189
0.241897 0.595065 0.240745 0.593574 0.242849 0.594852
0.232448 0.618939 0.234368 0.618947 0.232792 0.620457
0.471888 0.055997 0.471933 0.056992 0.471620 0.056162
0.469216 0.080490 0.470296 0.081829 0.464964 0.079467
0.016115 0.262399 0.015025 0.262449 0.014086 0.260900
0.992497 0.734492 0.994589 0.733965 0.993759 0.736225
0.472885 0.056364 0.472472 0.059261 0.472081 0.057901
0.484490 0.068667 0.483723 0.070258 0.480254 0.067879
0.203412 0.540340 0.203983 0.540058 0.203981 0.540550
0.532687 0.041631 0.531213 0.042617 0.533385 0.040935
0.550556 0.029388 0.545677 0.031949 0.548383 0.028972
0.231515 0.622309 0.232607 0.622707 0.231774 0.624138
0.550556 0.029388 0.548383 0.028972 0.551871 0.025289
0.233662 0.617424 0.236222 0.616012 0.235528 0.619234
0.533385 0.040935 0.531213 0.042617 0.533626 0.039895
0.014502 0.272812 0.013336 0.272725 0.014307 0.271452
0.014746 0.275154 0.013308 0.276439 0.013225 0.274602
0.540144 0.039432 0.539390 0.034856 0.540419 0.035230
0.540144 0.039432 0.541085 0.034788 0.543677 0.033532
0.483723 0.070258 0.481748 0.070735 0.480254 0.067879
0.709366 0.007129 0.708513 0.008263 0.709301 0.006286
0.616248 0.920697 0.612133 0.924605 0.615253 0.918429
0.709301 0.006286 0.708513 0.008263 0.707525 0.005226
0.540144 0.039432 0.536986 0.036699 0.539390 0.034856
0.708513 0.008263 0.710067 0.011073 0.708240 0.011365
0.594736 0.928189 0.591704 0.925972 0.597686 0.925368
0.594736 0.928189 0.597686 0.925368 0.597206 0.928413
0.710854 0.012070 0.708990 0.012962 0.710067 0.011073
0.993759 0.736225 0.995587 0.734835 0.995962 0.737239
0.710067 0.011073 0.708990 0.012962 0.708240 0.011365
0.599584 0.934496 0.605452 0.933954 0.604386 0.938227
0.470853 0.056239 0.471150 0.056651 0.470578 0.056630
0.610798 0.930823 0.612315 0.934408 0.610321 0.931378
0.610798 0.930823 0.610321 0.931378 0.610371 0.930921
0.011272 0.101666 0.010990 0.100985 0.011527 0.101006
0.593623 0.923240 0.598464 0.924766 0.591704 0.925972
0.706321 0.006561 0.708513 0.008263 0.706947 0.009435
0.555105 0.023460 0.550556 0.029388 0.551871 0.025289
0.014284 0.269583 0.013336 0.272725 0.011576 0.270070
0.014284 0.269583 0.011576 0.270070 0.014683 0.267663
0.706321 0.006561 0.707525 0.005226 0.708513 0.008263
0.598464 0.924766 0.597686 0.925368 0.591704 0.925972
0.014683 0.267663 0.011576 0.270070 0.011080 0.267422
0.014683 0.267663 0.011080 0.267422 0.013510 0.265533
0.233076 0.621195 0.232792 0.620457 0.233461 0.620977
0.706947 0.009435 0.708513 0.008263 0.707176 0.011211
0.708513 0.008263 0.708240 0.011365 0.707176 0.011211
0.229862 0.626164 0.230866 0.625219 0.231199 0.626057
0.229862 0.626164 0.231199 0.626057 0.231488 0.626662
0.012837 0.279432 0.011216 0.278098 0.013308 0.276439
0.229862 0.626164 0.231488 0.626662 0.230166 0.627903
0.611283 0.929415 0.610793 0.928800 0.612133 0.924605
0.612133 0.924605 0.610793 0.928800 0.610876 0.927152
0.013336 0.272725 0.009543 0.276966 0.011576 0.270070
0.013308 0.276439 0.011788 0.275639 0.013225 0.274602
0.598464 0.924766 0.599905 0.925712 0.597686 0.925368
0.013225 0.274602 0.011788 0.275639 0.009543 0.276966
0.706321 0.006561 0.706378 0.009660 0.705025 0.012788
0.706728 0.010586 0.706822 0.011774 0.706628 0.012192
0.612315 0.934408 0.612064 0.935925 0.610352 0.933952
0.597206 0.928413 0.597686 0.925368 0.599905 0.925712
0.597206 0.928413 0.599905 0.925712 0.600809 0.931321
0.232607 0.622707 0.232653 0.623334 0.231774 0.624138
0.232607 0.622707 0.233058 0.623218 0.232653 0.623334
0.232607 0.622707 0.233672 0.622627 0.233058 0.623218
0.706883 0.012873 0.705025 0.012788 0.705812 0.012241
0.604386 0.938227 0.608216 0.939323 0.609687 0.943031
0.531213 0.042617 0.533472 0.038940 0.533626 0.039895
0.537055 0.040074 0.534840 0.037394 0.536986 0.036699
0.612315 0.934408 0.610352 0.933952 0.610104 0.932387
0.599584 0.934496 0.600809 0.931321 0.605452 0.933954
0.537055 0.040074 0.535693 0.038344 0.534840 0.037394
0.231774 0.624138 0.233293 0.624444 0.232086 0.625702
0.233571 0.621094 0.233745 0.620832 0.234052 0.621515
0.470841 0.055222 0.470512 0.055249 0.470682 0.054454
0.477110 0.072315 0.474719 0.070698 0.481748 0.070735
0.995962 0.737239 0.995587 0.734835 0.996983 0.735462
0.232792 0.620457 0.234669 0.620078 0.233745 0.620832
0.233745 0.620832 0.234669 0.620078 0.234052 0.621515
0.533626 0.039895 0.533472 0.038940 0.534475 0.039217
0.481748 0.070735 0.474719 0.070698 0.480254 0.067879
0.535693 0.038344 0.533472 0.038940 0.534840 0.037394
0.995356 0.499471 0.995996 0.499261 0.996173 0.500669
0.995356 0.499471 0.996173 0.500669 0.994552 0.500782
0.995996 0.499261 0.997034 0.499453 0.996979 0.500389
0.543677 0.033532 0.544923 0.030867 0.545677 0.031949
0.616248 0.920697 0.615253 0.918429 0.618717 0.916420
0.185329 0.092183 0.183972 0.092550 0.185381 0.091894
0.232653 0.623334 0.232954 0.623341 0.232976 0.623531
0.185132 0.093283 0.183403 0.093388 0.183592 0.092667
0.545677 0.031949 0.544923 0.030867 0.545598 0.030056
0.235427 0.610345 0.238537 0.610433 0.246257 0.609158
0.235427 0.610345 0.246257 0.609158 0.236222 0.616012
0.203793 0.540854 0.204085 0.540812 0.204200 0.541009
0.203793 0.540854 0.203906 0.541375 0.203330 0.541358
0.706764 0.014007 0.706410 0.014719 0.705025 0.012788
0.543677 0.033532 0.541096 0.033551 0.543311 0.031100
0.707265 0.015982 0.707646 0.017733 0.705025 0.012788
0.707646 0.017733 0.706797 0.018770 0.705025 0.012788
0.531213 0.042617 0.529631 0.039973 0.533472 0.038940
0.233058 0.623218 0.233672 0.622627 0.233633 0.623386
0.545677 0.031949 0.546617 0.029288 0.548383 0.028972
0.182982 0.094061 0.181705 0.094669 0.181557 0.093996
0.182982 0.094061 0.181557 0.093996 0.182019 0.093376
0.181705 0.094669 0.180705 0.094831 0.180535 0.094274
0.181705 0.094669 0.180535 0.094274 0.181090 0.093965
0.233672 0.622627 0.235601 0.621978 0.233858 0.623313
0.593623 0.923240 0.593718 0.922252 0.596888 0.922149
0.593623 0.923240 0.596888 0.922149 0.598464 0.924766
0.181404 0.095400 0.180394 0.095055 0.180705 0.094831
0.829655 0.941482 0.830179 0.937531 0.831608 0.944059
0.182019 0.093376 0.180293 0.093303 0.181066 0.093142
0.013199 0.263986 0.011080 0.267422 0.009816 0.264780
0.705540 0.010403 0.705812 0.012241 0.705025 0.012788
0.484490 0.068667 0.480254 0.067879 0.483568 0.065765
0.484490 0.068667 0.483568 0.065765 0.484972 0.066501
0.598464 0.924766 0.596888 0.922149 0.599905 0.925712
0.706321 0.006561 0.705025 0.012788 0.702413 0.010814
0.469788 0.057418 0.471131 0.057721 0.470093 0.063627
0.469788 0.057418 0.470093 0.063627 0.468146 0.057903
0.604386 0.938227 0.605452 0.933954 0.608216 0.939323
0.835244 0.936522 0.833762 0.940837 0.831763 0.936746
0.468943 0.057180 0.468146 0.057903 0.468471 0.056994
0.234973 0.620669 0.235528 0.619234 0.235601 0.621978
0.833762 0.940837 0.831608 0.944059 0.831763 0.936746
0.620005 0.914102 0.618717 0.916420 0.620209 0.912066
0.235528 0.619234 0.236222 0.616012 0.235601 0.621978
0.469216 0.080490 0.464964 0.079467 0.464280 0.078576
0.469216 0.080490 0.464280 0.078576 0.470278 0.077936
0.600809 0.931321 0.605376 0.931348 0.605452 0.933954
0.009543 0.276966 0.008566 0.270276 0.011576 0.270070
0.008524 0.101951 0.006826 0.100987 0.007614 0.100955
0.012523 0.261541 0.010994 0.260928 0.011594 0.259252
0.230166 0.627903 0.231488 0.626662 0.232363 0.627320
0.011216 0.278098 0.008904 0.280339 0.009543 0.276966
0.234851 0.621254 0.235601 0.621978 0.234932 0.621678
0.232086 0.625702 0.233293 0.624444 0.233648 0.625636
0.011576 0.270070 0.008566 0.270276 0.011080 0.267422
0.599905 0.925712 0.605376 0.931348 0.600809 0.931321
0.543677 0.033532 0.543311 0.031100 0.543527 0.030971
0.539606 0.034495 0.539390 0.034856 0.537323 0.032372
0.180377 0.093450 0.179803 0.093802 0.178337 0.093497
0.612064 0.935925 0.611171 0.936460 0.610352 0.933952
0.238537 0.610433 0.241016 0.606626 0.246257 0.609158
0.180293 0.093303 0.178337 0.093497 0.180184 0.092877
0.178839 0.096522 0.177041 0.097715 0.178016 0.096594
0.477110 0.072315 0.471244 0.072983 0.474719 0.070698
0.235601 0.621978 0.233648 0.625636 0.234218 0.624015
0.599905 0.925712 0.602761 0.924221 0.604078 0.924712
0.179192 0.094574 0.179100 0.094507 0.179195 0.094230
0.540366 0.033482 0.537323 0.032372 0.539445 0.030589
0.540366 0.033482 0.539445 0.030589 0.543311 0.031100
0.609291 0.931565 0.609461 0.932657 0.608537 0.931635
0.471401 0.076406 0.470278 0.077936 0.464670 0.076644
0.471401 0.076406 0.464670 0.076644 0.465930 0.074513
0.471401 0.076406 0.465930 0.074513 0.471244 0.072983
0.178973 0.095542 0.178816 0.095770 0.178186 0.095299
0.599905 0.925712 0.599533 0.921336 0.602734 0.923769
0.175916 0.101783 0.172268 0.103563 0.173852 0.100770
0.175916 0.101783 0.173852 0.100770 0.175369 0.100095
0.246257 0.609158 0.243273 0.614703 0.236222 0.616012
0.605452 0.933954 0.607831 0.934097 0.608216 0.939323
0.236222 0.616012 0.238991 0.622391 0.235601 0.621978
0.240745 0.593574 0.233769 0.594223 0.237909 0.591303
0.599905 0.925712 0.604536 0.927159 0.605376 0.931348
0.470021 0.055017 0.469855 0.055199 0.469802 0.054338
0.178016 0.096594 0.177041 0.097715 0.175467 0.097076
0.469855 0.055199 0.469084 0.054776 0.469802 0.054338
0.468738 0.056100 0.467860 0.055765 0.468600 0.055299
0.609129 0.930568 0.608899 0.930856 0.608686 0.930637
0.204825 0.541912 0.205375 0.543635 0.204615 0.542780
0.178466 0.093883 0.178367 0.093968 0.178183 0.093908
0.471677 0.058775 0.472472 0.059261 0.470093 0.063627
0.236222 0.616012 0.243273 0.614703 0.240985 0.621348
0.609461 0.932657 0.607831 0.934097 0.608537 0.931635
0.533472 0.038940 0.529631 0.039973 0.534840 0.037394
0.831608 0.944059 0.830179 0.937531 0.831763 0.936746
0.546384 0.028520 0.544883 0.027476 0.546205 0.028060
0.546384 0.028520 0.546205 0.028060 0.548383 0.028972
0.177893 0.096214 0.175467 0.097076 0.176578 0.095593
0.545071 0.029386 0.544853 0.029495 0.544840 0.029472
0.618717 0.916420 0.615253 0.918429 0.617135 0.913659
0.470278 0.077936 0.464280 0.078576 0.464670 0.076644
0.706797 0.018770 0.705321 0.018519 0.705025 0.012788
0.829655 0.941482 0.827684 0.943553 0.827708 0.939837
0.705025 0.012788 0.704423 0.017491 0.702413 0.010814
0.177041 0.097715 0.175369 0.100095 0.173852 0.100770
0.177041 0.097715 0.173852 0.100770 0.175467 0.097076
0.543311 0.031100 0.542361 0.029699 0.543222 0.030472
0.605376 0.931348 0.605741 0.927143 0.606614 0.928452
0.605376 0.931348 0.607649 0.931540 0.605452 0.933954
0.543311 0.031100 0.539445 0.030589 0.542361 0.029699
0.232363 0.627320 0.233648 0.625636 0.231687 0.629113
0.551871 0.025289 0.548383 0.028972 0.548698 0.026314
0.605376 0.931348 0.606298 0.930283 0.606999 0.930399
0.178233 0.093963 0.177857 0.094020 0.178183 0.093908
0.551871 0.025289 0.550429 0.025374 0.550612 0.024997
0.472472 0.059261 0.476031 0.062669 0.470093 0.063627
0.701116 0.004747 0.702413 0.010814 0.699897 0.010311
0.612133 0.924605 0.610876 0.927152 0.611544 0.922171
0.605452 0.933954 0.607649 0.931540 0.607831 0.934097
0.548383 0.028972 0.548007 0.026162 0.548698 0.026314
0.608216 0.939323 0.607831 0.934097 0.611441 0.938467
0.543592 0.030240 0.542361 0.029699 0.544883 0.027476
0.544934 0.029250 0.544609 0.029312 0.544883 0.027476
0.612133 0.924605 0.611544 0.922171 0.615253 0.918429
0.178337 0.093497 0.177726 0.093933 0.177080 0.094152
0.536986 0.036699 0.534840 0.037394 0.537323 0.032372
0.536986 0.036699 0.537323 0.032372 0.539390 0.034856
0.706971 0.020826 0.706629 0.022047 0.705553 0.020841
0.827684 0.943553 0.826492 0.941884 0.827708 0.939837
0.611869 0.936870 0.613127 0.939865 0.611441 0.938467
0.620209 0.912066 0.618717 0.916420 0.617135 0.913659
0.615253 0.918429 0.611544 0.922171 0.611407 0.919615
0.599905 0.925712 0.596888 0.922149 0.599533 0.921336
0.702413 0.010814 0.704423 0.017491 0.703776 0.017904
0.702413 0.010814 0.703776 0.017904 0.701375 0.017682
0.615253 0.918429 0.611407 0.919615 0.617135 0.913659
0.173334 0.109785 0.173095 0.111916 0.167363 0.112191
0.233648 0.625636 0.235601 0.621978 0.236246 0.626399
0.611171 0.936460 0.611441 0.938467 0.610013 0.935081
0.539445 0.030589 0.541583 0.028170 0.542361 0.029699
0.551871 0.025289 0.551866 0.023393 0.551558 0.022851
0.551871 0.025289 0.551558 0.022851 0.552364 0.022461
0.238991 0.622391 0.237992 0.624729 0.235601 0.621978
0.610013 0.935081 0.611441 0.938467 0.607831 0.934097
0.233648 0.625636 0.236246 0.626399 0.235148 0.630747
0.542361 0.029699 0.541583 0.028170 0.544883 0.027476
0.173852 0.100770 0.173698 0.097382 0.175467 0.097076
0.173852 0.100770 0.172312 0.098224 0.173698 0.097382
0.705605 0.019988 0.705467 0.020204 0.705368 0.019735
0.471244 0.072983 0.471289 0.071160 0.474719 0.070698
0.829655 0.941482 0.827708 0.939837 0.830179 0.937531
0.546001 0.027396 0.544883 0.027476 0.545804 0.023644
0.172625 0.108496 0.167363 0.112191 0.172268 0.103563
0.826492 0.941884 0.826146 0.941360 0.827708 0.939837
0.550055 0.024446 0.549518 0.024551 0.549485 0.024037
0.702413 0.010814 0.701375 0.017682 0.699897 0.010311
0.467860 0.055765 0.468146 0.057903 0.467678 0.054969
0.611441 0.938467 0.611525 0.940784 0.608216 0.939323
0.608538 0.928781 0.608269 0.929050 0.608108 0.928858
0.608538 0.928781 0.608108 0.928858 0.610876 0.927152
0.205375 0.543635 0.207852 0.546406 0.205360 0.545355
0.205375 0.543635 0.204701 0.544621 0.204536 0.543547
0.205375 0.543635 0.205360 0.545355 0.204701 0.544621
0.704250 0.018859 0.704115 0.019804 0.703465 0.018845
0.608216 0.939323 0.611525 0.940784 0.609687 0.943031
0.699897 0.010311 0.696482 0.009059 0.701116 0.004747
0.613003 0.940644 0.613178 0.941931 0.611441 0.938467
0.606614 0.928452 0.605741 0.927143 0.606797 0.927111
0.176804 0.094193 0.176053 0.094425 0.176071 0.094378
0.176804 0.094193 0.176071 0.094378 0.176029 0.094177
0.235601 0.621978 0.237992 0.624729 0.236246 0.626399
0.547644 0.025696 0.546617 0.025761 0.545804 0.023644
0.534840 0.037394 0.529631 0.039973 0.532115 0.033632
0.705856 0.022586 0.705521 0.022760 0.705290 0.022483
0.705856 0.022586 0.705290 0.022483 0.705030 0.021615
0.474719 0.070698 0.474863 0.068492 0.480254 0.067879
0.175065 0.096258 0.173698 0.097382 0.172630 0.096262
0.175065 0.096258 0.172630 0.096262 0.174578 0.095047
0.609687 0.943031 0.611525 0.940784 0.612117 0.943821
0.604078 0.924712 0.604075 0.923922 0.604630 0.924215
0.468146 0.057903 0.470093 0.063627 0.466163 0.062513
0.705030 0.021615 0.705290 0.022483 0.704693 0.022583
0.705030 0.021615 0.704259 0.022079 0.703536 0.020853
0.199256 0.540758 0.201756 0.542752 0.199870 0.541742
0.468146 0.057903 0.466589 0.055118 0.467678 0.054969
0.704115 0.019804 0.703536 0.020853 0.703465 0.018845
0.602734 0.923769 0.599533 0.921336 0.602810 0.923269
0.830179 0.937531 0.827708 0.939837 0.828518 0.938197
0.611544 0.922171 0.610876 0.927152 0.608899 0.923979
0.173698 0.097382 0.171879 0.097857 0.172630 0.096262
0.550382 0.023378 0.550090 0.023261 0.550248 0.023162
0.703465 0.018845 0.703536 0.020853 0.701747 0.019926
0.703465 0.018845 0.701747 0.019926 0.701375 0.017682
0.238991 0.622391 0.236222 0.616012 0.240985 0.621348
0.705290 0.022483 0.705219 0.022835 0.704693 0.022583
0.550157 0.023416 0.549856 0.023405 0.550090 0.023261
0.173852 0.100770 0.170439 0.099251 0.172007 0.098935
0.173852 0.100770 0.172268 0.103563 0.170439 0.099251
0.548346 0.024573 0.547942 0.022845 0.548815 0.023990
0.548346 0.024573 0.545804 0.023644 0.547942 0.022845
0.238991 0.622391 0.240985 0.621348 0.240601 0.624248
0.241016 0.606626 0.245765 0.603248 0.246257 0.609158
0.204536 0.543547 0.204701 0.544621 0.203930 0.544093
0.480254 0.067879 0.474863 0.068492 0.478631 0.066629
0.240985 0.621348 0.241185 0.623641 0.240601 0.624248
0.827708 0.939837 0.826494 0.938372 0.827127 0.936214
0.825222 0.942134 0.825347 0.941571 0.825507 0.941919
0.611441 0.938467 0.613178 0.941931 0.611525 0.940784
0.238991 0.622391 0.240060 0.625869 0.237992 0.624729
0.174578 0.095047 0.172630 0.096262 0.171418 0.095392
0.706693 0.026028 0.706223 0.026475 0.706110 0.025519
0.706693 0.026028 0.706518 0.027839 0.706223 0.026475
0.604075 0.923922 0.604832 0.923767 0.604630 0.924215
0.827708 0.939837 0.826085 0.940515 0.826494 0.938372
0.550002 0.023130 0.549770 0.023232 0.550077 0.022922
0.604630 0.924215 0.605022 0.923894 0.605478 0.924804
0.172312 0.098224 0.171709 0.098189 0.171879 0.097857
0.607512 0.927464 0.607296 0.926627 0.610876 0.927152
0.549069 0.023493 0.547942 0.022845 0.549333 0.022889
0.238991 0.622391 0.240605 0.625400 0.240060 0.625869
0.701116 0.004747 0.696482 0.009059 0.694502 0.004761
0.830179 0.937531 0.829276 0.937719 0.831763 0.936746
0.819818 0.943193 0.819958 0.940549 0.822297 0.940367
0.819818 0.943193 0.822297 0.940367 0.822883 0.942313
0.603305 0.923346 0.602810 0.923269 0.603461 0.923233
0.544883 0.027476 0.541583 0.028170 0.542217 0.025150
0.544883 0.027476 0.542217 0.025150 0.543331 0.025803
0.544883 0.027476 0.543798 0.025056 0.545804 0.023644
0.703536 0.020853 0.703691 0.022453 0.702017 0.022523
0.703536 0.020853 0.702017 0.022523 0.701747 0.019926
0.476031 0.062669 0.474661 0.064069 0.470093 0.063627
0.541583 0.028170 0.539445 0.030589 0.542217 0.025150
0.467678 0.054969 0.466808 0.054446 0.467568 0.053928
0.217743 0.554559 0.214157 0.554630 0.207852 0.546406
0.529631 0.039973 0.526448 0.040525 0.526911 0.038781
0.464280 0.078576 0.460385 0.077056 0.464670 0.076644
0.605478 0.924804 0.605724 0.923900 0.606870 0.923823
0.605478 0.924804 0.606870 0.923823 0.606759 0.925535
0.824956 0.941836 0.824772 0.940565 0.825093 0.940662
0.829276 0.937719 0.830228 0.935268 0.831763 0.936746
0.241192 0.623059 0.240985 0.621348 0.242324 0.622957
0.241185 0.623641 0.242324 0.622957 0.241862 0.623484
0.243273 0.614703 0.246257 0.609158 0.248410 0.612960
0.549333 0.022889 0.547942 0.022845 0.550111 0.022384
0.171633 0.098437 0.171498 0.098271 0.171709 0.098189
0.704899 0.024009 0.704051 0.024701 0.704061 0.023637
0.534840 0.037394 0.532115 0.033632 0.537323 0.032372
0.171879 0.097857 0.171243 0.097941 0.170156 0.097041
0.171879 0.097857 0.170156 0.097041 0.172630 0.096262
0.249509 0.595970 0.251161 0.596507 0.248495 0.598825
0.474719 0.070698 0.471321 0.069561 0.474863 0.068492
0.610876 0.927152 0.607840 0.926276 0.608899 0.923979
0.172630 0.096262 0.170156 0.097041 0.171418 0.095392
0.172268 0.103563 0.167363 0.112191 0.166268 0.105282
0.207852 0.546406 0.208886 0.549480 0.205670 0.547098
0.207852 0.546406 0.205670 0.547098 0.205360 0.545355
0.822883 0.942313 0.822297 0.940367 0.823943 0.941563
0.479502 0.063964 0.478631 0.066629 0.476999 0.065218
0.479502 0.063964 0.476999 0.065218 0.476031 0.062669
0.606759 0.925535 0.606870 0.923823 0.608899 0.923979
0.603987 0.923234 0.603885 0.923254 0.603878 0.923063
0.835244 0.936522 0.831763 0.936746 0.834094 0.933162
0.171243 0.097941 0.170655 0.098357 0.170156 0.097041
0.471244 0.072983 0.466521 0.072205 0.471289 0.071160
0.240985 0.621348 0.243273 0.614703 0.243784 0.620619
0.705469 0.025471 0.704343 0.025910 0.705269 0.025496
0.547942 0.022845 0.545804 0.023644 0.548463 0.019985
0.240985 0.621348 0.243784 0.620619 0.242324 0.622957
0.474719 0.070698 0.471289 0.071160 0.471321 0.069561
0.204701 0.544621 0.204738 0.545521 0.203563 0.546148
0.204701 0.544621 0.203563 0.546148 0.203930 0.544093
0.478631 0.066629 0.474863 0.068492 0.476999 0.065218
0.245765 0.603248 0.248060 0.601333 0.252482 0.598485
0.201756 0.542752 0.201757 0.543298 0.199870 0.541742
0.203930 0.544093 0.203563 0.546148 0.201757 0.543298
0.599533 0.921336 0.602989 0.922330 0.602421 0.922524
0.250982 0.905853 0.250935 0.906246 0.250523 0.905831
0.835784 0.936048 0.835244 0.936522 0.836023 0.934404
0.241936 0.623927 0.242400 0.623545 0.242170 0.624114
0.172268 0.103563 0.167446 0.099939 0.169239 0.099137
0.823943 0.941563 0.822297 0.940367 0.824772 0.940565
0.827708 0.939837 0.827127 0.936214 0.828304 0.937818
0.243273 0.614703 0.248410 0.612960 0.243784 0.620619
0.825854 0.940284 0.825322 0.940201 0.826494 0.938372
0.242170 0.624114 0.242400 0.623545 0.242506 0.623902
0.701747 0.019926 0.699625 0.020346 0.701375 0.017682
0.701747 0.019926 0.700063 0.022338 0.699625 0.020346
0.245765 0.603248 0.252482 0.598485 0.246257 0.609158
0.203148 0.543669 0.201757 0.543298 0.201756 0.542752
0.248060 0.601333 0.249773 0.600255 0.252482 0.598485
0.611544 0.922171 0.608899 0.923979 0.609021 0.920895
0.611544 0.922171 0.609021 0.920895 0.611407 0.919615
0.242324 0.622957 0.243784 0.620619 0.243721 0.622363
0.242324 0.622957 0.243721 0.622363 0.242941 0.623617
0.476031 0.062669 0.476999 0.065218 0.474661 0.064069
0.605945 0.923172 0.606016 0.922879 0.606418 0.922794
0.704461 0.025244 0.704343 0.025910 0.704051 0.024701
0.207852 0.546406 0.210691 0.551099 0.208886 0.549480
0.171418 0.095392 0.170156 0.097041 0.168183 0.096289
0.171418 0.095392 0.168183 0.096289 0.169637 0.095258
0.249418 0.906617 0.250935 0.906246 0.251564 0.908429
0.237992 0.624729 0.237513 0.628842 0.236246 0.626399
0.699897 0.010311 0.701375 0.017682 0.697930 0.018856
0.199870 0.541742 0.199742 0.542012 0.199019 0.541671
0.526911 0.038781 0.528762 0.036184 0.529631 0.039973
0.603282 0.922837 0.603314 0.922738 0.603479 0.922871
0.169239 0.099137 0.167446 0.099939 0.167747 0.097817
0.169239 0.099137 0.167747 0.097817 0.170156 0.097041
0.464670 0.076644 0.460385 0.077056 0.460180 0.074242
0.464670 0.076644 0.460180 0.074242 0.465930 0.074513
0.702835 0.023263 0.702383 0.024291 0.701769 0.023690
0.828635 0.936977 0.827127 0.936214 0.830228 0.935268
0.170156 0.097041 0.167747 0.097817 0.168183 0.096289
0.835244 0.936522 0.835449 0.934066 0.836023 0.934404
0.831763 0.936746 0.830228 0.935268 0.834094 0.933162
0.701375 0.017682 0.699625 0.020346 0.697930 0.018856
0.474863 0.068492 0.474397 0.066670 0.476999 0.065218
0.207852 0.546406 0.214157 0.554630 0.211712 0.552186
0.207852 0.546406 0.211712 0.552186 0.210691 0.551099
0.529631 0.039973 0.528762 0.036184 0.532115 0.033632
0.470093 0.063627 0.474661 0.064069 0.469882 0.065948
0.248495 0.598825 0.252482 0.598485 0.249773 0.600255
0.476999 0.065218 0.474397 0.066670 0.474661 0.064069
0.537323 0.032372 0.532115 0.033632 0.534839 0.028234
0.537323 0.032372 0.534839 0.028234 0.539445 0.030589
0.835244 0.936522 0.834094 0.933162 0.835449 0.934066
0.172268 0.103563 0.166268 0.105282 0.167446 0.099939
0.603687 0.922838 0.602989 0.922330 0.603747 0.922807
0.204738 0.545521 0.205670 0.547098 0.203563 0.546148
0.607601 0.922870 0.607350 0.922488 0.608899 0.923979
0.248495 0.598825 0.251161 0.596507 0.252482 0.598485
0.703090 0.024917 0.704343 0.025910 0.702663 0.025401
0.703090 0.024917 0.702663 0.025401 0.702134 0.025018
0.699897 0.010311 0.696475 0.017498 0.696482 0.009059
0.543569 0.024559 0.542217 0.025150 0.545804 0.023644
0.236246 0.626399 0.237513 0.628842 0.235148 0.630747
0.243784 0.620619 0.248410 0.612960 0.248931 0.616976
0.608899 0.923979 0.607408 0.922120 0.608298 0.921745
0.526911 0.038781 0.524968 0.039456 0.524333 0.036418
0.237992 0.624729 0.240060 0.625869 0.237513 0.628842
0.465930 0.074513 0.466521 0.072205 0.471244 0.072983
0.702383 0.024291 0.701320 0.024302 0.701769 0.023690
0.822297 0.940367 0.823204 0.938928 0.824696 0.939201
0.169637 0.095258 0.168183 0.096289 0.166244 0.094201
0.075158 0.574945 0.073239 0.574271 0.073685 0.573672
0.474863 0.068492 0.471321 0.069561 0.470431 0.068349
0.474863 0.068492 0.470431 0.068349 0.473607 0.067378
0.474661 0.064069 0.473028 0.066299 0.469882 0.065948
0.199870 0.541742 0.201757 0.543298 0.200257 0.543081
0.244241 0.621912 0.243784 0.620619 0.247654 0.619201
0.244241 0.621912 0.247654 0.619201 0.244432 0.623712
0.167446 0.099939 0.166268 0.105282 0.161549 0.101038
0.240060 0.625869 0.239218 0.628812 0.237513 0.628842
0.167747 0.097817 0.167446 0.099939 0.165943 0.097077
0.167747 0.097817 0.165943 0.097077 0.168183 0.096289
0.243867 0.623140 0.244432 0.623712 0.243783 0.623592
0.466163 0.062513 0.470093 0.063627 0.466756 0.066444
0.617135 0.913659 0.611407 0.919615 0.612784 0.915812
0.075014 0.561167 0.071716 0.565152 0.075954 0.558365
0.252482 0.598485 0.253119 0.604853 0.246257 0.609158
0.542217 0.025150 0.539445 0.030589 0.534839 0.028234
0.699897 0.010311 0.697930 0.018856 0.696475 0.017498
0.168183 0.096289 0.165943 0.097077 0.166244 0.094201
0.824696 0.939201 0.823204 0.938928 0.826494 0.938372
0.599533 0.921336 0.601128 0.921259 0.602989 0.922330
0.473028 0.066299 0.470431 0.068349 0.469882 0.065948
0.830228 0.935268 0.831789 0.932262 0.834094 0.933162
0.252482 0.598485 0.251161 0.596507 0.253316 0.594689
0.252482 0.598485 0.256843 0.600524 0.253119 0.604853
0.830228 0.935268 0.827127 0.936214 0.826805 0.933281
0.830228 0.935268 0.826805 0.933281 0.829620 0.932483
0.246257 0.609158 0.253119 0.604853 0.255141 0.607712
0.246257 0.609158 0.255141 0.607712 0.248410 0.612960
0.243784 0.620619 0.248931 0.616976 0.247654 0.619201
0.471289 0.071160 0.466521 0.072205 0.471321 0.069561
0.167446 0.099939 0.161549 0.101038 0.163956 0.099140
0.167446 0.099939 0.163956 0.099140 0.165943 0.097077
0.699625 0.020346 0.698057 0.020809 0.697930 0.018856
0.071893 0.568097 0.071559 0.569105 0.071165 0.568855
0.071893 0.568097 0.071165 0.568855 0.070878 0.568171
0.071893 0.568097 0.070878 0.568171 0.071716 0.565152
0.072044 0.570054 0.071490 0.569929 0.071348 0.569754
0.470093 0.063627 0.469882 0.065948 0.466756 0.066444
0.166268 0.105282 0.167363 0.112191 0.160973 0.106285
0.752131 0.467808 0.752280 0.467505 0.751940 0.469608
0.694502 0.004761 0.696482 0.009059 0.691885 0.007982
0.694502 0.004761 0.691885 0.007982 0.692846 0.004891
0.700063 0.022338 0.697703 0.021794 0.698731 0.021273
0.700063 0.022338 0.697864 0.023851 0.697703 0.021794
0.465930 0.074513 0.460180 0.074242 0.466521 0.072205
0.545804 0.023644 0.542217 0.025150 0.546585 0.019626
0.252482 0.598485 0.255957 0.596519 0.258485 0.596909
0.528762 0.036184 0.528861 0.032764 0.532115 0.033632
0.822297 0.940367 0.819958 0.940549 0.820939 0.936860
0.822297 0.940367 0.820939 0.936860 0.823204 0.938928
0.201757 0.543298 0.201209 0.544468 0.200915 0.544397
0.201757 0.543298 0.203563 0.546148 0.201917 0.545209
0.071944 0.571799 0.073239 0.574271 0.071608 0.571792
0.239218 0.628812 0.238708 0.630024 0.238570 0.629202
0.466163 0.062513 0.466756 0.066444 0.463090 0.065344
0.700052 0.023715 0.700129 0.024423 0.699773 0.024884
0.371924 0.994990 0.372938 0.994392 0.373632 0.996027
0.372435 0.990285 0.373727 0.990435 0.372933 0.991040
0.252482 0.598485 0.258485 0.596909 0.256843 0.600524
0.166268 0.105282 0.160973 0.106285 0.161511 0.104914
0.166268 0.105282 0.161511 0.104914 0.161549 0.101038
0.165943 0.097077 0.163956 0.099140 0.163760 0.097858
0.165943 0.097077 0.164666 0.096733 0.166244 0.094201
0.599533 0.921336 0.599386 0.920147 0.600621 0.920522
0.697930 0.018856 0.698057 0.020809 0.696599 0.020135
0.697930 0.018856 0.695597 0.019399 0.696475 0.017498
0.071716 0.565152 0.075427 0.558966 0.075954 0.558365
0.239218 0.628812 0.238621 0.628902 0.237513 0.628842
0.698731 0.021273 0.697703 0.021794 0.698057 0.020809
0.823204 0.938928 0.825494 0.932675 0.826494 0.938372
0.602989 0.922330 0.601838 0.921575 0.602145 0.921603
0.751940 0.469608 0.752467 0.467219 0.752956 0.466198
0.469882 0.065948 0.470431 0.068349 0.466756 0.066444
0.751940 0.469608 0.752956 0.466198 0.752781 0.469771
0.073239 0.574271 0.075434 0.578186 0.075624 0.581766
0.073239 0.574271 0.075624 0.581766 0.073620 0.582235
0.166244 0.094201 0.164666 0.096733 0.163793 0.096199
0.373390 0.988497 0.375186 0.987778 0.374235 0.989379
0.217743 0.554559 0.216958 0.558047 0.214157 0.554630
0.831789 0.932262 0.830228 0.935268 0.829620 0.932483
0.526911 0.038781 0.524333 0.036418 0.524666 0.035572
0.526911 0.038781 0.525624 0.035365 0.528762 0.036184
0.471321 0.069561 0.466521 0.072205 0.467293 0.069906
0.700744 0.025916 0.700450 0.026281 0.700516 0.025716
0.528762 0.036184 0.525624 0.035365 0.527130 0.033548
0.528762 0.036184 0.527130 0.033548 0.528861 0.032764
0.471321 0.069561 0.467293 0.069906 0.470431 0.068349
0.696482 0.009059 0.696475 0.017498 0.694054 0.013976
0.700843 0.026448 0.700792 0.026737 0.700450 0.026281
0.167363 0.112191 0.161834 0.114964 0.160973 0.106285
0.069957 0.568197 0.069490 0.567925 0.069989 0.567674
0.373155 0.993648 0.374386 0.993226 0.374033 0.994945
0.203563 0.546148 0.205670 0.547098 0.203589 0.547988
0.217743 0.554559 0.219968 0.557621 0.216958 0.558047
0.466756 0.066444 0.465614 0.067837 0.463481 0.067641
0.466756 0.066444 0.462795 0.067133 0.463090 0.065344
0.602145 0.921603 0.601575 0.921281 0.601942 0.921322
0.238708 0.630024 0.238565 0.630688 0.238192 0.630088
0.696482 0.009059 0.694054 0.013976 0.691885 0.007982
0.752546 0.466723 0.752644 0.466130 0.752956 0.466198
0.070449 0.567206 0.069989 0.567674 0.071716 0.565152
0.698057 0.020809 0.697703 0.021794 0.696599 0.020135
0.542217 0.025150 0.534839 0.028234 0.539786 0.020986
0.248410 0.612960 0.250497 0.615211 0.248931 0.616976
0.248410 0.612960 0.253367 0.613601 0.250497 0.615211
0.163956 0.099140 0.162221 0.098352 0.163760 0.097858
0.163956 0.099140 0.161549 0.101038 0.162221 0.098352
0.235148 0.630747 0.237513 0.628842 0.236683 0.632285
0.209744 0.551852 0.209199 0.553525 0.208886 0.549480
0.209744 0.551852 0.210662 0.553935 0.209199 0.553525
0.466756 0.066444 0.470431 0.068349 0.465614 0.067837
0.211594 0.553291 0.214157 0.554630 0.211337 0.554148
0.211594 0.553291 0.211337 0.554148 0.210668 0.552892
0.071716 0.565152 0.072429 0.563631 0.075427 0.558966
0.373486 0.991215 0.374109 0.990709 0.373685 0.991501
0.373685 0.991501 0.374109 0.990709 0.374522 0.991393
0.532115 0.033632 0.532365 0.026725 0.534839 0.028234
0.070979 0.571731 0.073239 0.574271 0.069969 0.572110
0.070979 0.571731 0.069969 0.572110 0.069912 0.570942
0.070017 0.565852 0.071356 0.563375 0.070626 0.565430
0.208886 0.549480 0.209199 0.553525 0.205670 0.547098
0.164666 0.096733 0.163001 0.097123 0.163374 0.096320
0.164666 0.096733 0.163374 0.096320 0.163793 0.096199
0.470431 0.068349 0.467293 0.069906 0.465614 0.067837
0.205670 0.547098 0.209199 0.553525 0.207814 0.554123
0.203563 0.546148 0.201990 0.546425 0.201876 0.546129
0.256843 0.600524 0.258485 0.596909 0.258679 0.600245
0.256843 0.600524 0.258679 0.600245 0.258152 0.602450
0.256843 0.600524 0.258152 0.602450 0.253119 0.604853
0.542217 0.025150 0.539786 0.020986 0.541185 0.018251
0.374235 0.989379 0.375186 0.987778 0.375157 0.989198
0.532115 0.033632 0.528861 0.032764 0.532365 0.026725
0.697703 0.021794 0.697864 0.023851 0.695834 0.023179
0.697703 0.021794 0.695834 0.023179 0.695189 0.020197
0.829620 0.932483 0.826805 0.933281 0.828013 0.932127
0.237992 0.629891 0.237372 0.631323 0.237513 0.628842
0.073239 0.574271 0.073620 0.582235 0.068347 0.577609
0.253119 0.604853 0.258152 0.602450 0.255141 0.607712
0.466521 0.072205 0.460180 0.074242 0.460040 0.073152
0.071356 0.563375 0.072698 0.562342 0.071479 0.564470
0.374386 0.993226 0.375093 0.993026 0.375072 0.993537
0.374386 0.993226 0.374871 0.994069 0.374033 0.994945
0.069686 0.570194 0.069409 0.570147 0.069226 0.569626
0.069226 0.569626 0.069028 0.570850 0.067515 0.569198
0.466521 0.072205 0.465288 0.070996 0.467293 0.069906
0.826494 0.938372 0.825494 0.932675 0.827127 0.936214
0.752721 0.465277 0.752852 0.464857 0.752956 0.466198
0.238101 0.630033 0.237971 0.630247 0.237372 0.631323
0.374542 0.992532 0.374782 0.992579 0.374756 0.992840
0.223291 0.557688 0.222690 0.563025 0.219968 0.557621
0.202327 0.547050 0.203563 0.546148 0.202547 0.547543
0.752781 0.469771 0.752956 0.466198 0.754104 0.466823
0.237513 0.628842 0.237372 0.631323 0.237077 0.631677
0.258485 0.596909 0.260342 0.601066 0.258794 0.599911
0.827127 0.936214 0.825494 0.932675 0.826805 0.933281
0.752956 0.466198 0.753034 0.465250 0.754306 0.464488
0.161834 0.114964 0.156127 0.111273 0.160973 0.106285
0.205670 0.547098 0.207814 0.554123 0.203974 0.549193
0.205670 0.547098 0.203974 0.549193 0.203840 0.548826
0.162706 0.097772 0.162476 0.097498 0.163001 0.097123
0.162706 0.097772 0.162221 0.098352 0.162227 0.097539
0.072429 0.563631 0.072698 0.562342 0.075427 0.558966
0.223291 0.557688 0.225315 0.561796 0.222690 0.563025
0.465614 0.067837 0.463838 0.068401 0.463481 0.067641
0.073239 0.574271 0.068347 0.577609 0.069969 0.572110
0.163001 0.097123 0.162469 0.096678 0.163374 0.096320
0.375157 0.989198 0.375876 0.989824 0.375286 0.989822
0.251564 0.908429 0.254896 0.909221 0.251799 0.910497
0.162221 0.098352 0.161549 0.101038 0.159674 0.098842
0.162221 0.098352 0.159674 0.098842 0.162227 0.097539
0.219968 0.557621 0.218559 0.558970 0.216958 0.558047
0.458095 0.076511 0.456439 0.074928 0.460385 0.077056
0.696475 0.017498 0.691062 0.014842 0.694054 0.013976
0.375186 0.987778 0.376601 0.986659 0.376553 0.988248
0.518001 0.035987 0.518399 0.034049 0.519199 0.035900
0.518399 0.034049 0.519870 0.034836 0.519199 0.035900
0.237840 0.630585 0.237724 0.630791 0.237372 0.631323
0.248410 0.612960 0.255141 0.607712 0.253367 0.613601
0.066166 0.568052 0.066038 0.568597 0.065372 0.568270
0.066166 0.568052 0.061770 0.568616 0.065439 0.567391
0.161549 0.101038 0.161511 0.104914 0.160027 0.104332
0.161549 0.101038 0.160027 0.104332 0.156807 0.102871
0.161549 0.101038 0.156807 0.102871 0.159674 0.098842
0.069028 0.570850 0.068347 0.577609 0.067905 0.572270
0.069028 0.570850 0.067905 0.572270 0.066214 0.569829
0.374954 0.994580 0.375871 0.995474 0.374569 0.995627
0.375272 0.993383 0.375527 0.992895 0.375807 0.993063
0.225315 0.561796 0.231520 0.562086 0.227298 0.565684
0.161511 0.104914 0.160973 0.106285 0.160027 0.104332
0.375022 0.990607 0.375286 0.989822 0.375497 0.989989
0.467293 0.069906 0.464010 0.071262 0.463283 0.070752
0.467293 0.069906 0.463283 0.070752 0.465614 0.067837
0.752956 0.466198 0.754306 0.464488 0.754104 0.466823
0.258485 0.596909 0.261194 0.597860 0.261600 0.600199
0.258485 0.596909 0.261600 0.600199 0.260342 0.601066
0.823204 0.938928 0.820939 0.936860 0.820456 0.932410
0.823204 0.938928 0.820456 0.932410 0.825494 0.932675
0.374569 0.995627 0.375871 0.995474 0.374872 0.997450
0.753053 0.463984 0.753238 0.463044 0.754306 0.464488
0.695597 0.019399 0.693085 0.018908 0.696475 0.017498
0.210662 0.553935 0.210388 0.554434 0.209199 0.553525
0.258152 0.602450 0.259370 0.600921 0.260342 0.601066
0.375779 0.991818 0.376647 0.992169 0.376384 0.992420
0.212849 0.982218 0.215046 0.988913 0.210620 0.983361
0.820939 0.936860 0.819460 0.934658 0.820074 0.933224
0.820939 0.936860 0.820074 0.933224 0.820456 0.932410
0.207814 0.554123 0.204816 0.550645 0.204646 0.550178
0.254896 0.909221 0.252745 0.911626 0.251938 0.911945
0.460385 0.077056 0.456439 0.074928 0.460180 0.074242
0.214157 0.554630 0.214354 0.558397 0.211321 0.554679
0.524333 0.036418 0.522416 0.036977 0.522530 0.035706
0.255141 0.607712 0.258152 0.602450 0.259420 0.605985
0.064042 0.566077 0.063949 0.566220 0.060763 0.565125
0.060763 0.565125 0.063643 0.566233 0.062379 0.566080
0.466521 0.072205 0.460040 0.073152 0.463243 0.071565
0.375876 0.989824 0.376595 0.989212 0.376879 0.989929
0.527130 0.033548 0.526538 0.030538 0.528861 0.032764
0.254896 0.909221 0.255729 0.913916 0.253581 0.912257
0.254896 0.909221 0.253581 0.912257 0.252745 0.911626
0.465614 0.067837 0.463283 0.070752 0.462310 0.069263
0.465614 0.067837 0.462310 0.069263 0.463312 0.068597
0.066214 0.569829 0.065969 0.571505 0.061770 0.568616
0.214157 0.554630 0.216958 0.558047 0.214354 0.558397
0.247654 0.619201 0.248931 0.616976 0.250112 0.618198
0.376387 0.993871 0.376815 0.993959 0.376955 0.994830
0.212849 0.982218 0.214201 0.983873 0.215046 0.988913
0.695189 0.020197 0.695834 0.023179 0.692801 0.022117
0.695189 0.020197 0.692801 0.022117 0.693085 0.018908
0.752781 0.469771 0.754104 0.466823 0.753783 0.471103
0.261194 0.597860 0.262257 0.597805 0.261600 0.600199
0.462390 0.067956 0.463312 0.068597 0.462310 0.069263
0.532365 0.026725 0.528861 0.032764 0.530389 0.025533
0.258152 0.602450 0.260342 0.601066 0.259420 0.605985
0.162226 0.095937 0.160827 0.097142 0.160060 0.095642
0.225315 0.561796 0.227298 0.565684 0.222690 0.563025
0.248628 0.620311 0.247654 0.619201 0.248976 0.620366
0.160827 0.097142 0.159674 0.098842 0.157878 0.097252
0.160827 0.097142 0.157878 0.097252 0.160060 0.095642
0.696475 0.017498 0.693085 0.018908 0.691176 0.017659
0.696475 0.017498 0.691176 0.017659 0.691062 0.014842
0.996393 0.984277 0.996013 0.981749 0.996627 0.984123
0.216670 0.983007 0.216503 0.984733 0.214201 0.983873
0.219968 0.557621 0.222690 0.563025 0.220972 0.563609
0.219968 0.557621 0.220972 0.563609 0.219209 0.560112
0.002023 0.132558 0.004622 0.132603 0.003540 0.134103
0.160027 0.104332 0.160973 0.106285 0.157609 0.105751
0.160027 0.104332 0.157609 0.105751 0.156807 0.102871
0.463243 0.071565 0.460040 0.073152 0.463283 0.070752
0.231520 0.562086 0.234695 0.563181 0.232792 0.566394
0.374872 0.997450 0.376916 0.995935 0.377431 0.997684
0.695834 0.023179 0.693621 0.024624 0.692801 0.022117
0.075427 0.558966 0.074982 0.559126 0.075641 0.557730
0.376798 0.988668 0.377084 0.988418 0.376946 0.988826
0.060763 0.565125 0.061380 0.566611 0.058596 0.565677
0.261600 0.600199 0.262257 0.597805 0.262922 0.599200
0.753783 0.471103 0.754627 0.471787 0.753858 0.471777
0.528861 0.032764 0.528327 0.028672 0.530389 0.025533
0.255141 0.607712 0.259420 0.605985 0.255670 0.611677
0.255141 0.607712 0.255670 0.611677 0.253367 0.613601
0.753413 0.462081 0.753549 0.461992 0.754306 0.464488
0.519951 0.035911 0.519870 0.034836 0.522530 0.035706
0.211289 0.555322 0.214354 0.558397 0.210500 0.556298
0.826805 0.933281 0.825494 0.932675 0.828013 0.932127
0.231520 0.562086 0.232792 0.566394 0.227298 0.565684
0.210620 0.983361 0.215046 0.988913 0.212131 0.990176
0.996964 0.984743 0.997050 0.984557 0.997209 0.984656
0.525072 0.034493 0.524333 0.036418 0.524806 0.034082
0.377159 0.987897 0.378356 0.986049 0.378012 0.988462
0.159674 0.098842 0.157135 0.099888 0.157878 0.097252
0.159674 0.098842 0.156807 0.102871 0.157135 0.099888
0.252745 0.911626 0.253581 0.912257 0.252285 0.912001
0.260342 0.601066 0.261600 0.600199 0.264929 0.601678
0.260342 0.601066 0.264929 0.601678 0.259420 0.605985
0.376879 0.989929 0.377764 0.990232 0.377067 0.990468
0.216958 0.558047 0.217131 0.560172 0.216406 0.560738
0.216958 0.558047 0.216406 0.560738 0.214354 0.558397
0.248931 0.616976 0.251629 0.616850 0.251238 0.617373
0.376955 0.994830 0.377405 0.994196 0.377909 0.994457
0.376955 0.994830 0.377909 0.994457 0.378018 0.995391
0.234695 0.563181 0.235334 0.566160 0.232792 0.566394
0.248931 0.616976 0.251238 0.617373 0.250909 0.617838
0.753513 0.461669 0.754095 0.461379 0.754306 0.464488
0.160973 0.106285 0.156127 0.111273 0.157609 0.105751
0.063181 0.567286 0.061770 0.568616 0.062692 0.567250
0.518399 0.034049 0.518050 0.029937 0.520735 0.029625
0.518399 0.034049 0.522190 0.030877 0.519870 0.034836
0.518399 0.034049 0.520735 0.029625 0.522190 0.030877
0.820456 0.932410 0.822719 0.931870 0.825494 0.932675
0.065969 0.571505 0.068347 0.577609 0.061770 0.568616
0.525132 0.034049 0.524806 0.034082 0.524609 0.033918
0.534839 0.028234 0.534296 0.022217 0.539786 0.020986
0.754045 0.472360 0.754627 0.471787 0.754788 0.473102
0.262701 0.597734 0.264245 0.599219 0.262922 0.599200
0.754306 0.464488 0.754095 0.461379 0.755281 0.461777
0.061770 0.568616 0.061904 0.567632 0.062576 0.567657
0.247654 0.619201 0.250122 0.619352 0.250100 0.619577
0.210259 0.555001 0.210500 0.556298 0.209199 0.553525
0.076053 0.585629 0.075960 0.586555 0.072693 0.583856
0.524333 0.036418 0.524363 0.033945 0.524806 0.034082
0.996559 0.983216 0.996013 0.981749 0.997920 0.980715
0.377909 0.994457 0.378729 0.994519 0.378018 0.995391
0.075249 0.584690 0.072693 0.583856 0.073620 0.582235
0.058596 0.565677 0.060463 0.566613 0.059560 0.566901
0.159675 0.115244 0.158393 0.115112 0.161834 0.114964
0.250214 0.619460 0.250359 0.619286 0.251195 0.618811
0.534839 0.028234 0.532365 0.026725 0.534296 0.022217
0.376916 0.995935 0.378927 0.995691 0.378986 0.997484
0.376916 0.995935 0.378986 0.997484 0.377431 0.997684
0.753783 0.471103 0.754104 0.466823 0.754627 0.471787
0.828013 0.932127 0.825494 0.932675 0.826320 0.930270
0.519870 0.034836 0.522190 0.030877 0.522530 0.035706
0.251238 0.617373 0.251578 0.617215 0.251269 0.617886
0.820456 0.932410 0.820945 0.930993 0.822719 0.931870
0.061770 0.568616 0.068347 0.577609 0.059570 0.570136
0.377965 0.991464 0.378661 0.990204 0.378520 0.991845
0.378012 0.988462 0.378356 0.986049 0.379455 0.988689
0.378012 0.988462 0.379455 0.988689 0.378254 0.988919
0.829620 0.932483 0.828013 0.932127 0.828668 0.928089
0.214201 0.983873 0.216503 0.984733 0.215894 0.986308
0.460040 0.073152 0.459187 0.070930 0.463283 0.070752
0.210620 0.983361 0.212131 0.990176 0.210531 0.987342
0.463283 0.070752 0.459187 0.070930 0.461331 0.070177
0.693085 0.018908 0.692801 0.022117 0.690838 0.020546
0.693085 0.018908 0.690838 0.020546 0.691176 0.017659
0.252115 0.616238 0.253367 0.613601 0.253963 0.615159
0.252284 0.912476 0.253581 0.912257 0.255729 0.913916
0.252284 0.912476 0.255729 0.913916 0.247857 0.914725
0.524333 0.036418 0.522530 0.035706 0.523307 0.033925
0.825494 0.932675 0.822719 0.931870 0.826320 0.930270
0.378729 0.994519 0.378880 0.995002 0.378018 0.995391
0.378520 0.991845 0.379006 0.992565 0.378693 0.992475
0.378520 0.991845 0.379454 0.992479 0.379006 0.992565
0.378254 0.988919 0.379455 0.988689 0.379043 0.989623
0.378356 0.986049 0.379024 0.984487 0.379455 0.988689
0.263357 0.599643 0.264245 0.599219 0.261600 0.600199
0.072693 0.583856 0.075907 0.586742 0.075682 0.586720
0.217783 0.560943 0.220972 0.563609 0.216406 0.560738
0.209199 0.553525 0.210500 0.556298 0.207814 0.554123
0.232792 0.566394 0.235334 0.566160 0.233507 0.567923
0.997038 0.982954 0.997920 0.980715 0.997563 0.982754
0.259420 0.605985 0.264929 0.601678 0.263978 0.607002
0.259420 0.605985 0.263978 0.607002 0.261018 0.609101
0.259420 0.605985 0.261018 0.609101 0.255670 0.611677
0.214201 0.983873 0.215894 0.986308 0.215046 0.988913
0.251165 0.618654 0.251443 0.618459 0.251195 0.618811
0.754104 0.466823 0.754306 0.464488 0.754627 0.471787
0.524820 0.033133 0.523798 0.032639 0.526538 0.030538
0.997920 0.980715 0.996013 0.981749 0.996350 0.981483
0.261600 0.600199 0.264245 0.599219 0.264929 0.601678
0.252331 0.616642 0.253963 0.615159 0.252425 0.616943
0.161834 0.114964 0.157454 0.113646 0.156127 0.111273
0.157878 0.097252 0.157135 0.099888 0.154242 0.095718
0.157878 0.097252 0.154046 0.094068 0.154421 0.092802
0.157878 0.097252 0.154242 0.095718 0.154046 0.094068
0.157609 0.105751 0.153591 0.105396 0.156807 0.102871
0.264245 0.599219 0.265095 0.599914 0.264929 0.601678
0.004790 0.132441 0.005267 0.132916 0.004622 0.132603
0.522530 0.035706 0.522190 0.030877 0.522248 0.033166
0.210500 0.556298 0.209654 0.558128 0.207814 0.554123
0.819646 0.931597 0.819955 0.930891 0.820456 0.932410
0.378927 0.995691 0.379680 0.995204 0.380042 0.995903
0.378927 0.995691 0.380042 0.995903 0.378986 0.997484
0.251010 0.621000 0.251195 0.618811 0.251019 0.621491
0.755281 0.461777 0.758197 0.461032 0.754306 0.464488
0.251195 0.618811 0.252722 0.617878 0.255569 0.617649
0.520735 0.029625 0.518162 0.024926 0.519751 0.025348
0.520735 0.029625 0.519751 0.025348 0.522005 0.027609
0.456439 0.074928 0.455834 0.074537 0.460180 0.074242
0.227298 0.565684 0.232792 0.566394 0.230175 0.570844
0.227298 0.565684 0.227063 0.568896 0.225123 0.566684
0.379043 0.989623 0.379455 0.988689 0.379686 0.990020
0.528861 0.032764 0.526538 0.030538 0.528327 0.028672
0.157135 0.099888 0.156807 0.102871 0.155065 0.101049
0.340294 0.994481 0.341948 0.994061 0.343004 0.996202
0.340294 0.994481 0.340388 0.992247 0.341886 0.992955
0.340294 0.994481 0.341886 0.992955 0.341948 0.994061
0.754627 0.471787 0.755234 0.472216 0.755206 0.472677
0.158161 0.115735 0.157584 0.116372 0.157957 0.115357
0.343004 0.996202 0.341948 0.994061 0.344223 0.994067
0.343004 0.996202 0.344223 0.994067 0.345481 0.996180
0.754990 0.473199 0.755626 0.473126 0.756459 0.473009
0.265134 0.598384 0.266410 0.598881 0.265095 0.599914
0.253367 0.613601 0.255670 0.611677 0.255839 0.613190
0.154421 0.092802 0.152555 0.092847 0.153241 0.091175
0.534296 0.022217 0.532365 0.026725 0.530389 0.025533
0.253367 0.613601 0.255026 0.614395 0.253963 0.615159
0.539786 0.020986 0.534296 0.022217 0.537718 0.017864
0.068347 0.577609 0.073620 0.582235 0.069421 0.580870
0.822719 0.931870 0.821673 0.928962 0.825358 0.927501
0.822719 0.931870 0.825358 0.927501 0.826320 0.930270
0.460180 0.074242 0.455834 0.074537 0.460040 0.073152
0.255670 0.611677 0.256088 0.612918 0.255839 0.613190
0.754627 0.471787 0.757406 0.471518 0.755438 0.472108
0.075497 0.588007 0.075767 0.590146 0.074606 0.589750
0.075497 0.588007 0.074606 0.589750 0.072693 0.583856
0.072693 0.583856 0.072397 0.586589 0.073620 0.582235
0.252968 0.617311 0.253963 0.615159 0.255569 0.617649
0.755265 0.472437 0.755438 0.472108 0.755626 0.473126
0.222690 0.563025 0.221216 0.566256 0.220972 0.563609
0.255670 0.611677 0.256995 0.612442 0.256088 0.612918
0.255670 0.611677 0.261489 0.612144 0.256995 0.612442
0.214354 0.558397 0.213137 0.560390 0.210500 0.556298
0.216406 0.560738 0.214546 0.560974 0.214354 0.558397
0.153241 0.091175 0.152555 0.092847 0.152141 0.091428
0.523798 0.032639 0.522190 0.030877 0.524223 0.031202
0.523798 0.032639 0.524223 0.031202 0.526538 0.030538
0.255670 0.611677 0.261018 0.609101 0.261489 0.612144
0.518162 0.024926 0.518183 0.022231 0.519962 0.023493
0.518162 0.024926 0.519962 0.023493 0.519751 0.025348
0.227298 0.565684 0.225123 0.566684 0.222690 0.563025
0.539786 0.020986 0.537718 0.017864 0.541185 0.018251
0.755281 0.461777 0.756933 0.460307 0.758197 0.461032
0.265095 0.599914 0.266522 0.599732 0.264929 0.601678
0.265095 0.599914 0.266410 0.598881 0.266522 0.599732
0.755438 0.472108 0.757406 0.471518 0.756459 0.473009
0.755438 0.472108 0.756459 0.473009 0.755626 0.473126
0.075767 0.590146 0.076348 0.592323 0.074606 0.589750
0.222690 0.563025 0.225123 0.566684 0.221216 0.566256
0.247857 0.914725 0.255729 0.913916 0.251953 0.917656
0.210500 0.556298 0.213137 0.560390 0.209654 0.558128
0.754306 0.464488 0.757176 0.466939 0.754627 0.471787
0.767726 0.969437 0.766292 0.970543 0.766287 0.969608
0.767726 0.969437 0.766287 0.969608 0.764768 0.968969
0.754627 0.471787 0.757176 0.466939 0.757180 0.467869
0.754627 0.471787 0.757180 0.467869 0.757406 0.471518
0.822719 0.931870 0.820951 0.930188 0.821673 0.928962
0.016885 0.029221 0.016646 0.030394 0.016248 0.029306
0.059570 0.570136 0.055246 0.570380 0.061770 0.568616
0.002617 0.136300 0.003540 0.134103 0.003045 0.136153
0.220972 0.563609 0.221216 0.566256 0.220403 0.565800
0.828668 0.928089 0.828013 0.932127 0.827914 0.925995
0.156804 0.114533 0.157084 0.116164 0.154455 0.112786
0.216406 0.560738 0.216157 0.562396 0.215360 0.561879
0.157609 0.105751 0.156127 0.111273 0.153591 0.105396
0.156127 0.111273 0.156219 0.113394 0.154455 0.112786
0.337714 0.992613 0.337636 0.992260 0.337962 0.992005
0.253963 0.615159 0.255165 0.614581 0.255569 0.617649
0.220972 0.563609 0.220403 0.565800 0.216406 0.560738
0.754306 0.464488 0.758197 0.461032 0.760631 0.467902
0.754306 0.464488 0.760631 0.467902 0.758088 0.466258
0.341948 0.994061 0.342688 0.992962 0.344223 0.994067
0.151611 0.090128 0.152141 0.091428 0.151529 0.091013
0.057976 0.568095 0.061770 0.568616 0.057361 0.568470
0.061770 0.568616 0.055246 0.570380 0.057115 0.568689
0.757406 0.471518 0.757180 0.467869 0.757081 0.469143
0.828013 0.932127 0.826320 0.930270 0.827914 0.925995
0.345481 0.996180 0.344223 0.994067 0.346567 0.993923
0.518183 0.022231 0.520221 0.021084 0.519962 0.023493
0.767726 0.969437 0.764768 0.968969 0.765797 0.963361
0.057311 0.567682 0.056913 0.567810 0.056634 0.567482
0.003540 0.134103 0.004622 0.132603 0.004139 0.135018
0.072693 0.583856 0.072654 0.585776 0.072397 0.586589
0.256415 0.613262 0.256942 0.613106 0.256644 0.613407
0.156725 0.116335 0.156044 0.116078 0.154455 0.112786
0.819851 0.929514 0.819661 0.928773 0.821673 0.928962
0.255729 0.913916 0.260247 0.913497 0.259706 0.914888
0.073620 0.582235 0.072397 0.586589 0.071222 0.584612
0.227298 0.565684 0.230175 0.570844 0.227063 0.568896
0.236345 0.567270 0.236954 0.568332 0.233507 0.567923
0.155266 0.103281 0.153591 0.105396 0.153241 0.102851
0.155266 0.103281 0.153241 0.102851 0.155065 0.101049
0.769592 0.964918 0.767726 0.969437 0.765797 0.963361
0.998233 0.981662 0.997920 0.980715 0.998657 0.980666
0.998233 0.981662 0.998657 0.980666 0.998931 0.981162
0.520735 0.029625 0.522005 0.027609 0.522190 0.030877
0.757180 0.467869 0.757711 0.467544 0.757540 0.468384
0.819661 0.928773 0.820257 0.927403 0.821673 0.928962
0.519751 0.025348 0.519962 0.023493 0.523386 0.022906
0.519751 0.025348 0.523386 0.022906 0.522005 0.027609
0.004622 0.132603 0.004914 0.134738 0.004758 0.135283
0.264929 0.601678 0.269059 0.604740 0.263978 0.607002
0.214354 0.558397 0.214444 0.562196 0.213137 0.560390
0.819426 0.927998 0.820648 0.925154 0.820257 0.927403
0.758197 0.461032 0.763304 0.462301 0.760631 0.467902
0.152141 0.091428 0.152555 0.092847 0.151920 0.091717
0.016646 0.030394 0.018635 0.029632 0.018829 0.029756
0.154455 0.112786 0.156044 0.116078 0.154820 0.116359
0.233507 0.567923 0.236954 0.568332 0.236360 0.569607
0.003250 0.136417 0.003648 0.136310 0.003493 0.136830
0.826320 0.930270 0.825358 0.927501 0.827914 0.925995
0.152555 0.092847 0.151622 0.092936 0.151863 0.092362
0.059570 0.570136 0.055053 0.571210 0.055246 0.570380
0.829092 0.925801 0.828668 0.928089 0.827914 0.925995
0.829092 0.925801 0.827914 0.925995 0.828450 0.923999
0.758197 0.461032 0.760810 0.458611 0.763304 0.462301
0.209654 0.558128 0.213137 0.560390 0.213007 0.562516
0.534296 0.022217 0.533372 0.021461 0.534299 0.019533
0.534296 0.022217 0.534299 0.019533 0.537718 0.017864
0.757921 0.467877 0.758465 0.467045 0.760631 0.467902
0.757921 0.467877 0.760631 0.467902 0.757975 0.468839
0.523688 0.030086 0.522190 0.030877 0.525170 0.027097
0.523688 0.030086 0.525170 0.027097 0.526538 0.030538
0.016646 0.030394 0.018914 0.030049 0.017365 0.032462
0.256801 0.613781 0.257235 0.613523 0.258725 0.615215
0.769241 0.964216 0.765797 0.963361 0.767177 0.961007
0.344223 0.994067 0.342688 0.992962 0.344233 0.990846
0.344223 0.994067 0.344233 0.990846 0.345167 0.991422
0.344223 0.994067 0.345167 0.991422 0.346567 0.993923
0.074606 0.589750 0.071979 0.591789 0.072397 0.586589
0.530389 0.025533 0.531830 0.022437 0.534296 0.022217
0.519962 0.023493 0.520221 0.021084 0.523386 0.022906
0.150244 0.090004 0.148881 0.090091 0.149517 0.089063
0.237636 0.566982 0.237932 0.566669 0.236954 0.568332
0.257235 0.613523 0.257802 0.613285 0.258725 0.615215
0.017365 0.032462 0.016547 0.034020 0.016646 0.030394
0.017365 0.032462 0.019648 0.035750 0.016547 0.034020
0.254690 0.621112 0.255569 0.617649 0.258603 0.619675
0.530389 0.025533 0.528327 0.028672 0.528079 0.024202
0.213137 0.560390 0.214444 0.562196 0.213007 0.562516
0.216406 0.560738 0.220403 0.565800 0.217978 0.564635
0.216406 0.560738 0.217978 0.564635 0.217448 0.564563
0.216406 0.560738 0.217448 0.564563 0.216583 0.563699
0.522190 0.030877 0.522005 0.027609 0.525170 0.027097
0.016646 0.030394 0.015444 0.033450 0.014927 0.033905
0.004758 0.135283 0.005194 0.135019 0.005248 0.135261
0.256955 0.615090 0.258725 0.615215 0.255569 0.617649
0.221216 0.566256 0.225123 0.566684 0.223590 0.567535
0.153212 0.097565 0.152809 0.097584 0.153178 0.097087
0.756497 0.475622 0.756459 0.473009 0.757449 0.476903
0.156127 0.111273 0.154455 0.112786 0.149198 0.112300
0.156127 0.111273 0.149230 0.104304 0.153591 0.105396
0.156127 0.111273 0.149198 0.112300 0.149230 0.104304
0.338451 0.990081 0.338163 0.989591 0.338621 0.989398
0.152734 0.095174 0.151286 0.095305 0.150296 0.094530
0.154455 0.112786 0.154820 0.116359 0.154290 0.116041
0.153265 0.100282 0.153241 0.102851 0.150871 0.100874
0.153265 0.100282 0.151283 0.098289 0.153046 0.098182
0.153265 0.100282 0.150871 0.100874 0.151283 0.098289
0.232792 0.566394 0.233507 0.567923 0.233905 0.570997
0.154760 0.117512 0.154524 0.117704 0.154480 0.117363
0.338962 0.990142 0.339277 0.989216 0.340698 0.989931
0.758196 0.470335 0.760631 0.467902 0.757406 0.471518
0.232792 0.566394 0.233905 0.570997 0.230175 0.570844
0.522005 0.027609 0.523386 0.022906 0.524549 0.023803
0.522005 0.027609 0.524549 0.023803 0.525170 0.027097
0.016646 0.030394 0.014927 0.033905 0.016248 0.029306
0.148929 0.089019 0.148881 0.090091 0.148114 0.088170
0.004365 0.136367 0.004878 0.136447 0.004562 0.136552
0.154738 0.117164 0.154249 0.117252 0.154252 0.116883
0.528327 0.028672 0.526538 0.030538 0.528079 0.024202
0.153241 0.102851 0.153591 0.105396 0.149230 0.104304
0.153241 0.102851 0.149230 0.104304 0.150871 0.100874
0.340835 0.990914 0.341030 0.990824 0.341886 0.991261
0.016248 0.029306 0.014338 0.029722 0.014414 0.029579
0.266522 0.599732 0.269700 0.602246 0.264929 0.601678
0.069425 0.583554 0.069662 0.584763 0.069395 0.584221
0.258469 0.612939 0.261489 0.612144 0.258725 0.615215
0.820257 0.927403 0.822810 0.925293 0.821673 0.928962
0.215046 0.988913 0.215894 0.986308 0.215844 0.990054
0.016248 0.029306 0.014927 0.033905 0.014914 0.030987
0.016547 0.034020 0.019648 0.035750 0.017764 0.037190
0.212131 0.990176 0.215046 0.988913 0.214130 0.991417
0.757406 0.471518 0.760631 0.467902 0.760302 0.474584
0.148114 0.088170 0.148881 0.090091 0.147193 0.087987
0.255569 0.617649 0.258725 0.615215 0.258603 0.619675
0.210531 0.987342 0.212131 0.990176 0.211447 0.991471
0.210531 0.987342 0.211447 0.991471 0.209589 0.988942
0.150995 0.093164 0.149804 0.093379 0.149457 0.092429
0.255729 0.913916 0.259706 0.914888 0.256194 0.916968
0.004403 0.136760 0.004878 0.136447 0.005203 0.137681
0.757406 0.471518 0.760302 0.474584 0.756459 0.473009
0.346567 0.993923 0.345167 0.991422 0.349008 0.990068
0.520221 0.021084 0.521625 0.021130 0.523386 0.022906
0.346567 0.993923 0.349008 0.990068 0.347824 0.993061
0.825358 0.927501 0.821673 0.928962 0.824892 0.923093
0.069816 0.584582 0.072397 0.586589 0.069784 0.584999
0.153968 0.117741 0.153735 0.117685 0.153975 0.117478
0.147093 0.086554 0.146861 0.087176 0.146881 0.086612
0.152170 0.097227 0.149173 0.096433 0.151695 0.096275
0.264929 0.601678 0.269700 0.602246 0.269059 0.604740
0.217448 0.564563 0.217290 0.565028 0.216396 0.564225
0.214852 0.563115 0.215562 0.563884 0.213007 0.562516
0.069395 0.584221 0.069662 0.584763 0.069692 0.585244
0.764570 0.970173 0.764060 0.970158 0.762155 0.967958
0.150029 0.091286 0.150284 0.091804 0.149177 0.091990
0.150029 0.091286 0.149177 0.091990 0.148881 0.090091
0.148881 0.090091 0.149177 0.091990 0.147167 0.090598
0.148881 0.090091 0.146538 0.088479 0.147193 0.087987
0.148881 0.090091 0.147167 0.090598 0.146538 0.088479
0.225123 0.566684 0.227063 0.568896 0.223590 0.567535
0.223590 0.567535 0.222097 0.569046 0.221216 0.566256
0.236954 0.568332 0.237932 0.566669 0.239261 0.567520
0.526538 0.030538 0.525170 0.027097 0.528079 0.024202
0.530389 0.025533 0.528079 0.024202 0.530435 0.020774
0.019736 0.030297 0.020272 0.030805 0.017365 0.032462
0.342751 0.991182 0.341690 0.990381 0.342753 0.990236
0.015907 0.035095 0.017764 0.037190 0.016907 0.038306
0.015907 0.035095 0.016907 0.038306 0.014927 0.033905
0.821673 0.928962 0.822810 0.925293 0.824892 0.923093
0.764532 0.969732 0.762155 0.967958 0.764768 0.968969
0.233507 0.567923 0.236360 0.569607 0.233905 0.570997
0.216396 0.564225 0.216790 0.565174 0.216765 0.567334
0.151695 0.096275 0.149173 0.096433 0.151286 0.095305
0.825358 0.927501 0.826596 0.924803 0.827914 0.925995
0.763304 0.462301 0.765330 0.466365 0.760631 0.467902
0.213107 0.565600 0.213007 0.562516 0.213877 0.565761
0.213107 0.565600 0.213846 0.566333 0.213216 0.566414
0.764768 0.968969 0.763964 0.966213 0.761324 0.963042
0.764768 0.968969 0.761324 0.963042 0.765797 0.963361
0.263978 0.607002 0.269059 0.604740 0.268758 0.608494
0.220403 0.565800 0.219731 0.568581 0.218949 0.566755
0.215562 0.563884 0.216765 0.567334 0.213007 0.562516
0.764191 0.971028 0.764101 0.971157 0.763934 0.970965
0.014338 0.029722 0.013794 0.029704 0.014199 0.029294
0.019993 0.030183 0.020776 0.029931 0.020272 0.030805
0.006140 0.136143 0.006226 0.136309 0.005940 0.136535
0.221216 0.566256 0.222097 0.569046 0.220403 0.565800
0.151286 0.095305 0.149173 0.096433 0.150296 0.094530
0.014199 0.029294 0.013794 0.029704 0.012393 0.029547
0.213007 0.562516 0.216765 0.567334 0.215060 0.565381
0.763156 0.972087 0.760966 0.970431 0.762721 0.970622
0.154455 0.112786 0.152290 0.115523 0.149198 0.112300
0.760631 0.467902 0.762819 0.472488 0.760302 0.474584
0.342753 0.990236 0.342779 0.988367 0.344233 0.990846
0.151283 0.098289 0.150622 0.097906 0.149173 0.096433
0.151283 0.098289 0.150871 0.100874 0.149617 0.099078
0.151283 0.098289 0.149617 0.099078 0.150622 0.097906
0.537718 0.017864 0.535880 0.017775 0.535936 0.017015
0.344233 0.990846 0.342779 0.988367 0.344999 0.989084
0.763996 0.970034 0.763755 0.970147 0.762155 0.967958
0.016907 0.038306 0.015224 0.039519 0.014927 0.033905
0.261018 0.609101 0.263978 0.607002 0.263268 0.609627
0.216790 0.565174 0.217142 0.565913 0.216765 0.567334
0.017365 0.032462 0.020272 0.030805 0.019648 0.035750
0.534299 0.019533 0.532855 0.020355 0.533270 0.019552
0.014927 0.033905 0.013723 0.031992 0.013877 0.031075
0.213221 0.567342 0.213408 0.567756 0.212762 0.568529
0.149173 0.096433 0.148439 0.095106 0.149193 0.094777
0.530389 0.025533 0.530435 0.020774 0.531100 0.021762
0.820257 0.927403 0.820648 0.925154 0.822810 0.925293
0.150622 0.097906 0.149617 0.099078 0.149173 0.096433
0.150871 0.100874 0.149230 0.104304 0.147871 0.100047
0.150871 0.100874 0.147871 0.100047 0.149617 0.099078
0.016907 0.038306 0.018157 0.042144 0.015224 0.039519
0.756459 0.473009 0.760302 0.474584 0.757449 0.476903
0.261018 0.609101 0.263268 0.609627 0.261489 0.612144
0.013877 0.031075 0.013723 0.031992 0.012829 0.032376
0.013877 0.031075 0.012829 0.032376 0.013391 0.030595
0.339236 0.987398 0.339071 0.987227 0.339296 0.987143
0.339236 0.987398 0.339296 0.987143 0.340043 0.987273
0.227063 0.568896 0.230175 0.570844 0.226950 0.571665
0.152290 0.115523 0.149787 0.116357 0.149198 0.112300
0.760631 0.467902 0.765666 0.471963 0.762819 0.472488
0.258725 0.615215 0.261489 0.612144 0.264783 0.614588
0.258725 0.615215 0.264783 0.614588 0.258603 0.619675
0.014927 0.033905 0.015224 0.039519 0.013309 0.037642
0.227063 0.568896 0.224570 0.570531 0.223590 0.567535
0.214921 0.567083 0.216765 0.567334 0.215993 0.568912
0.223590 0.567535 0.224570 0.570531 0.222097 0.569046
0.213729 0.567884 0.215993 0.568912 0.213636 0.568586
0.149024 0.093369 0.147811 0.092575 0.148703 0.092669
0.825358 0.927501 0.824892 0.923093 0.826596 0.924803
0.263268 0.609627 0.263978 0.607002 0.264451 0.610029
0.013723 0.031992 0.012491 0.034648 0.012829 0.032376
0.820648 0.925154 0.821671 0.923509 0.822810 0.925293
0.349008 0.990068 0.345819 0.990202 0.347115 0.989725
0.763304 0.462301 0.767411 0.464254 0.765330 0.466365
0.151519 0.118337 0.149021 0.120034 0.149787 0.116357
0.151519 0.118337 0.149787 0.116357 0.151652 0.117752
0.020272 0.030805 0.021797 0.031686 0.021843 0.035649
0.762721 0.970622 0.760966 0.970431 0.762155 0.967958
0.015224 0.039519 0.018157 0.042144 0.015315 0.044273
0.525170 0.027097 0.524549 0.023803 0.528079 0.024202
0.255729 0.913916 0.256194 0.916968 0.251953 0.917656
0.760631 0.467902 0.765330 0.466365 0.765666 0.471963
0.013065 0.029980 0.012829 0.032376 0.012393 0.029547
0.535308 0.017695 0.533711 0.017251 0.535936 0.017015
0.345819 0.990202 0.346067 0.988618 0.347115 0.989725
0.269059 0.604740 0.271348 0.607537 0.268758 0.608494
0.020272 0.030805 0.021843 0.035649 0.019648 0.035750
0.148653 0.094190 0.148439 0.095106 0.146662 0.094270
0.016907 0.038306 0.017764 0.037190 0.019300 0.039442
0.016907 0.038306 0.019300 0.039442 0.018157 0.042144
0.208228 0.583632 0.210393 0.580670 0.209923 0.582269
0.342779 0.988367 0.344315 0.987326 0.344999 0.989084
0.148193 0.092100 0.147811 0.092575 0.147186 0.091461
0.149617 0.099078 0.146273 0.097912 0.149173 0.096433
0.149617 0.099078 0.147871 0.100047 0.146273 0.097912
0.014927 0.033905 0.013309 0.037642 0.013723 0.031992
0.348887 0.991996 0.349008 0.990068 0.351371 0.992271
0.149021 0.120034 0.149665 0.118993 0.149787 0.116357
0.983234 0.090187 0.982557 0.090884 0.982395 0.090132
0.983234 0.090187 0.982187 0.089383 0.984020 0.088780
0.015315 0.044273 0.014987 0.044059 0.015224 0.039519
0.015224 0.039519 0.013893 0.044049 0.013854 0.040453
0.764768 0.968969 0.762155 0.967958 0.763964 0.966213
0.017764 0.037190 0.019648 0.035750 0.020289 0.037596
0.017764 0.037190 0.020289 0.037596 0.019783 0.038855
0.013723 0.031992 0.013309 0.037642 0.012491 0.034648
0.217619 0.566739 0.219731 0.568581 0.216765 0.567334
0.212131 0.990176 0.214130 0.991417 0.213418 0.993079
0.148439 0.095106 0.149173 0.096433 0.146273 0.097912
0.015224 0.039519 0.013854 0.040453 0.013309 0.037642
0.344999 0.989084 0.344315 0.987326 0.345283 0.987128
0.344999 0.989084 0.345283 0.987128 0.346067 0.988618
0.148161 0.093787 0.146662 0.094270 0.147811 0.092575
0.216523 0.990792 0.215793 0.993225 0.215046 0.988913
0.533851 0.018528 0.533711 0.017251 0.534105 0.018279
0.015315 0.044273 0.013381 0.045558 0.013893 0.044049
0.015315 0.044273 0.013207 0.046642 0.013381 0.045558
0.015315 0.044273 0.018157 0.042144 0.018238 0.046689
0.015315 0.044273 0.018238 0.046689 0.017350 0.048303
0.212131 0.990176 0.213418 0.993079 0.211447 0.991471
0.533711 0.017251 0.532772 0.017857 0.532315 0.016641
0.015315 0.044273 0.017350 0.048303 0.016170 0.049738
0.145212 0.088388 0.146039 0.090272 0.144389 0.088385
0.013893 0.044049 0.013381 0.045558 0.011403 0.043838
0.013893 0.044049 0.011403 0.043838 0.013854 0.040453
0.983542 0.086432 0.984020 0.088780 0.980216 0.083544
0.227063 0.568896 0.225533 0.571232 0.224570 0.570531
0.215993 0.568912 0.216765 0.567334 0.218041 0.570330
0.263978 0.607002 0.268758 0.608494 0.264451 0.610029
0.018157 0.042144 0.019624 0.040457 0.019531 0.042426
0.757449 0.476903 0.760302 0.474584 0.762265 0.477648
0.524549 0.023803 0.523386 0.022906 0.527922 0.020454
0.146039 0.090272 0.144444 0.091314 0.144389 0.088385
0.263268 0.609627 0.264451 0.610029 0.261489 0.612144
0.351371 0.992271 0.349008 0.990068 0.351095 0.988925
0.523386 0.022906 0.526575 0.020623 0.527922 0.020454
0.239261 0.567520 0.240900 0.568125 0.241600 0.569378
0.259706 0.914888 0.262481 0.916071 0.260372 0.916760
0.524549 0.023803 0.527922 0.020454 0.528079 0.024202
0.822810 0.925293 0.824462 0.921657 0.824892 0.923093
0.262481 0.916071 0.263432 0.917047 0.260372 0.916760
0.220403 0.565800 0.222097 0.569046 0.219731 0.568581
0.827914 0.925995 0.826596 0.924803 0.827486 0.923109
0.342858 0.987368 0.341808 0.986494 0.343121 0.985108
0.342858 0.987368 0.343121 0.985108 0.344315 0.987326
0.822810 0.925293 0.821671 0.923509 0.824462 0.921657
0.531925 0.019757 0.531606 0.019533 0.532088 0.019626
0.012393 0.029547 0.010475 0.030985 0.008364 0.033399
0.013381 0.045558 0.012699 0.045807 0.011403 0.043838
0.347115 0.989725 0.346067 0.988618 0.349008 0.990068
0.259706 0.914888 0.260372 0.916760 0.256194 0.916968
0.341808 0.986494 0.340756 0.985423 0.343121 0.985108
0.149230 0.104304 0.142376 0.101189 0.146547 0.100994
0.827754 0.922400 0.825945 0.921594 0.826552 0.919963
0.983542 0.086432 0.978125 0.080048 0.987898 0.082449
0.531103 0.020120 0.530435 0.020774 0.531068 0.019841
0.144389 0.088385 0.144444 0.091314 0.142716 0.087643
0.215046 0.988913 0.215793 0.993225 0.214130 0.991417
0.215993 0.568912 0.218041 0.570330 0.215038 0.570674
0.215993 0.568912 0.214204 0.569795 0.214029 0.569450
0.215993 0.568912 0.214536 0.570145 0.214204 0.569795
0.827402 0.922790 0.826596 0.924803 0.825945 0.921594
0.019783 0.038855 0.020289 0.037596 0.020962 0.039419
0.018157 0.042144 0.019531 0.042426 0.018238 0.046689
0.763304 0.462301 0.768476 0.459643 0.767411 0.464254
0.344315 0.987326 0.343121 0.985108 0.345410 0.986221
0.340756 0.985423 0.340498 0.984594 0.343121 0.985108
0.261489 0.612144 0.264451 0.610029 0.264783 0.614588
0.149021 0.120034 0.145950 0.119476 0.149665 0.118993
0.984020 0.088780 0.982187 0.089383 0.980738 0.087599
0.984020 0.088780 0.980738 0.087599 0.980216 0.083544
0.251953 0.917656 0.256194 0.916968 0.254712 0.919950
0.013854 0.040453 0.011403 0.043838 0.013309 0.037642
0.260372 0.916760 0.263432 0.917047 0.261981 0.919065
0.260372 0.916760 0.261981 0.919065 0.259061 0.919491
0.528079 0.024202 0.527922 0.020454 0.530435 0.020774
0.216765 0.567334 0.219731 0.568581 0.220048 0.570967
0.147871 0.100047 0.142376 0.101189 0.146273 0.097912
0.222097 0.569046 0.224570 0.570531 0.221912 0.570710
0.012829 0.032376 0.011459 0.031590 0.012393 0.029547
0.019624 0.040457 0.020962 0.039419 0.019531 0.042426
0.146072 0.091881 0.145325 0.092866 0.144444 0.091314
0.146807 0.095379 0.146273 0.097912 0.146411 0.096038
0.146807 0.095379 0.145584 0.095262 0.146662 0.094270
0.251953 0.917656 0.254712 0.919950 0.252910 0.919122
0.263432 0.917047 0.265640 0.917674 0.261981 0.919065
0.224570 0.570531 0.225533 0.571232 0.225007 0.571346
0.222097 0.569046 0.221912 0.570710 0.219731 0.568581
0.264451 0.610029 0.268758 0.608494 0.267540 0.610606
0.216765 0.567334 0.220048 0.570967 0.218041 0.570330
0.211447 0.991471 0.212071 0.992955 0.211453 0.993044
0.260372 0.916760 0.259061 0.919491 0.256194 0.916968
0.214130 0.991417 0.215793 0.993225 0.215476 0.993963
0.762155 0.967958 0.760966 0.970431 0.761274 0.967037
0.009800 0.261510 0.008398 0.261356 0.008901 0.260606
0.763964 0.966213 0.762155 0.967958 0.761274 0.967037
0.213997 0.569968 0.214000 0.570425 0.213643 0.569867
0.757449 0.476903 0.762265 0.477648 0.762888 0.482151
0.019648 0.035750 0.021843 0.035649 0.021295 0.037031
0.146411 0.096038 0.145701 0.095888 0.145584 0.095262
0.146411 0.096038 0.146273 0.097912 0.145701 0.095888
0.213643 0.569867 0.213445 0.570595 0.213016 0.571036
0.258603 0.619675 0.264783 0.614588 0.265464 0.618233
0.526575 0.020623 0.527786 0.018735 0.527922 0.020454
0.349008 0.990068 0.347039 0.987469 0.351095 0.988925
0.530485 0.019556 0.530435 0.020774 0.529692 0.019206
0.269700 0.602246 0.275509 0.602544 0.269059 0.604740
0.987898 0.082449 0.984843 0.079916 0.989131 0.080989
0.013309 0.037642 0.011259 0.037607 0.012491 0.034648
0.346267 0.987115 0.346087 0.986890 0.346896 0.985548
0.347039 0.987469 0.347180 0.986956 0.351095 0.988925
0.983542 0.086432 0.980216 0.083544 0.978125 0.080048
0.149198 0.112300 0.149787 0.116357 0.147724 0.115680
0.224570 0.570531 0.223030 0.571865 0.221912 0.570710
0.760302 0.474584 0.762819 0.472488 0.762265 0.477648
0.011403 0.043838 0.011809 0.045701 0.010311 0.045064
0.826596 0.924803 0.824892 0.923093 0.825945 0.921594
0.211447 0.991471 0.212839 0.993454 0.212675 0.993336
0.256194 0.916968 0.259061 0.919491 0.254712 0.919950
0.012829 0.032376 0.012491 0.034648 0.010579 0.034103
0.012829 0.032376 0.010559 0.033245 0.010273 0.032903
0.224570 0.570531 0.224359 0.571830 0.223627 0.571778
0.214130 0.991417 0.215476 0.993963 0.213961 0.993971
0.254712 0.919950 0.251871 0.921469 0.252661 0.919816
0.218041 0.570330 0.214620 0.573447 0.215038 0.570674
0.142716 0.087643 0.144444 0.091314 0.142014 0.089761
0.142716 0.087643 0.142014 0.089761 0.141043 0.087883
0.149230 0.104304 0.149198 0.112300 0.142376 0.101189
0.210455 0.577463 0.211541 0.578807 0.210941 0.579451
0.144444 0.091314 0.145325 0.092866 0.143302 0.092413
0.144444 0.091314 0.143302 0.092413 0.142014 0.089761
0.339856 0.983594 0.339496 0.983642 0.339844 0.983420
0.994938 0.691241 0.996301 0.693344 0.991983 0.690436
0.530435 0.020774 0.527922 0.020454 0.529496 0.019431
0.981330 0.090401 0.981314 0.090614 0.980942 0.092189
0.981330 0.090401 0.980942 0.092189 0.980994 0.090393
0.145584 0.095262 0.144784 0.095830 0.142852 0.098569
0.145584 0.095262 0.142852 0.098569 0.143467 0.094459
0.145584 0.095262 0.143467 0.094459 0.145215 0.093730
0.343121 0.985108 0.348936 0.983367 0.345410 0.986221
0.343121 0.985108 0.343602 0.983194 0.348936 0.983367
0.210455 0.577463 0.211134 0.577140 0.211541 0.578807
0.760966 0.970431 0.758112 0.966666 0.761274 0.967037
0.345410 0.986221 0.348936 0.983367 0.346896 0.985548
0.012491 0.034648 0.008417 0.036536 0.010579 0.034103
0.989131 0.080989 0.984843 0.079916 0.986228 0.078649
0.989131 0.080989 0.986228 0.078649 0.989256 0.078648
0.145325 0.092866 0.145215 0.093730 0.143302 0.092413
0.347180 0.986956 0.346896 0.985548 0.351095 0.988925
0.765330 0.466365 0.771147 0.465405 0.770274 0.470050
0.218041 0.570330 0.215743 0.572326 0.214620 0.573447
0.146273 0.097912 0.142852 0.098569 0.144784 0.095830
0.768476 0.459643 0.771147 0.465405 0.767411 0.464254
0.213749 0.570562 0.213971 0.570871 0.213016 0.571036
0.013309 0.037642 0.011403 0.043838 0.010468 0.041305
0.013309 0.037642 0.010468 0.041305 0.011259 0.037607
0.767177 0.961007 0.765797 0.963361 0.765805 0.958805
0.009828 0.032451 0.009502 0.033149 0.008364 0.033399
0.145215 0.093730 0.143467 0.094459 0.143302 0.092413
0.765797 0.963361 0.761324 0.963042 0.760551 0.959744
0.980738 0.087599 0.980916 0.089292 0.980711 0.089289
0.980738 0.087599 0.980711 0.089289 0.980729 0.089068
0.981021 0.089506 0.980628 0.089785 0.980543 0.089495
0.219731 0.568581 0.221912 0.570710 0.220048 0.570967
0.996301 0.693344 0.997169 0.695036 0.995461 0.694915
0.149665 0.118993 0.145950 0.119476 0.147121 0.118176
0.765330 0.466365 0.767411 0.464254 0.771147 0.465405
0.269059 0.604740 0.275509 0.602544 0.276145 0.604967
0.824892 0.923093 0.824462 0.921657 0.825945 0.921594
0.010559 0.033245 0.009410 0.034190 0.010347 0.033109
0.765666 0.471963 0.765330 0.466365 0.770274 0.470050
0.269059 0.604740 0.276145 0.604967 0.271348 0.607537
0.353088 0.987951 0.351808 0.985955 0.353520 0.987264
0.281601 0.043892 0.276266 0.039440 0.283615 0.042333
0.011374 0.639137 0.012058 0.640036 0.010985 0.639807
0.149665 0.118993 0.147264 0.117476 0.149787 0.116357
0.012491 0.034648 0.011259 0.037607 0.008417 0.036536
0.149198 0.112300 0.147106 0.113617 0.141277 0.113208
0.276266 0.039440 0.280020 0.038290 0.283615 0.042333
0.009502 0.033149 0.009410 0.034190 0.008364 0.033399
0.012058 0.640036 0.011717 0.640894 0.010985 0.639807
0.010579 0.034103 0.008417 0.036536 0.009405 0.035071
0.264451 0.610029 0.267540 0.610606 0.264783 0.614588
0.346896 0.985548 0.348936 0.983367 0.351095 0.988925
0.149787 0.116357 0.147233 0.116612 0.147551 0.116117
0.765797 0.963361 0.760551 0.959744 0.765805 0.958805
0.211014 0.580718 0.211282 0.580912 0.209923 0.582269
0.211014 0.580718 0.211541 0.578807 0.211568 0.580322
0.211014 0.580718 0.211417 0.580640 0.211282 0.580912
0.269972 0.034738 0.268206 0.032407 0.270337 0.031781
0.269972 0.034738 0.270337 0.031781 0.274095 0.035842
0.147551 0.116117 0.147233 0.116612 0.147289 0.116279
0.765666 0.471963 0.768511 0.472870 0.769715 0.475997
0.218041 0.570330 0.220048 0.570967 0.219996 0.572414
0.760966 0.970431 0.752797 0.972376 0.758112 0.966666
0.214575 0.571735 0.214620 0.573447 0.213016 0.571036
0.209923 0.582269 0.211282 0.580912 0.211311 0.581187
0.142014 0.089761 0.143302 0.092413 0.140559 0.090395
0.142014 0.089761 0.140559 0.090395 0.140771 0.088955
0.997513 0.696651 0.995461 0.694915 0.997063 0.696085
0.825945 0.921594 0.824462 0.921657 0.825726 0.919329
0.281601 0.043892 0.283615 0.042333 0.284239 0.045395
0.980942 0.092189 0.979227 0.090164 0.979997 0.090070
0.980942 0.092189 0.977710 0.092777 0.979227 0.090164
0.987898 0.082449 0.978125 0.080048 0.979848 0.079285
0.987898 0.082449 0.979848 0.079285 0.984843 0.079916
0.765666 0.471963 0.769715 0.475997 0.762819 0.472488
0.146785 0.114776 0.143807 0.115728 0.141277 0.113208
0.218041 0.570330 0.219996 0.572414 0.219166 0.572925
0.211311 0.581187 0.211282 0.580912 0.211381 0.580855
0.147086 0.116096 0.146294 0.116736 0.143807 0.115728
0.008361 0.260230 0.007845 0.260276 0.007792 0.260112
0.348936 0.983367 0.343602 0.983194 0.343806 0.982278
0.010311 0.045064 0.010468 0.041305 0.011403 0.043838
0.010311 0.045064 0.007884 0.045386 0.010468 0.041305
0.824462 0.921657 0.824409 0.920672 0.825726 0.919329
0.008528 0.260004 0.008309 0.259817 0.008880 0.259588
0.997144 0.697076 0.996072 0.697063 0.995461 0.694915
0.143302 0.092413 0.142772 0.094183 0.137531 0.096539
0.211541 0.578807 0.212054 0.580182 0.211568 0.580322
0.762265 0.477648 0.762819 0.472488 0.768483 0.479274
0.213016 0.571036 0.213696 0.572924 0.211381 0.572051
0.146273 0.097912 0.142376 0.101189 0.142852 0.098569
0.351095 0.988925 0.348936 0.983367 0.351808 0.985955
0.996301 0.693344 0.991943 0.692919 0.991983 0.690436
0.765666 0.471963 0.770274 0.470050 0.769353 0.472218
0.770274 0.470050 0.770476 0.472271 0.769353 0.472218
0.010311 0.045064 0.009447 0.046917 0.007884 0.045386
0.013895 0.641043 0.014870 0.640766 0.014352 0.641403
0.013895 0.641043 0.014352 0.641403 0.013140 0.641528
0.221912 0.570710 0.219996 0.572414 0.220048 0.570967
0.996512 0.103958 0.996513 0.103709 0.996839 0.103793
0.218041 0.570330 0.218311 0.573744 0.218627 0.574168
0.762819 0.472488 0.769715 0.475997 0.768483 0.479274
0.980216 0.083544 0.977475 0.082089 0.978125 0.080048
0.763964 0.966213 0.761274 0.967037 0.760338 0.964544
0.014870 0.640766 0.016131 0.640942 0.014352 0.641403
0.213016 0.571036 0.214620 0.573447 0.213696 0.572924
0.213432 0.994504 0.213738 0.994996 0.212849 0.994876
0.980216 0.083544 0.980738 0.087599 0.978373 0.086951
0.771147 0.465405 0.772338 0.458132 0.774350 0.463618
0.218041 0.570330 0.218627 0.574168 0.216934 0.573376
0.768476 0.459643 0.772338 0.458132 0.771147 0.465405
0.011259 0.037607 0.010468 0.041305 0.008755 0.039490
0.011259 0.037607 0.008755 0.039490 0.008417 0.036536
0.214046 0.994750 0.215476 0.993963 0.214212 0.995058
0.010537 0.640451 0.010272 0.641341 0.009339 0.640664
0.763964 0.966213 0.760338 0.964544 0.761324 0.963042
0.996748 0.103450 0.996435 0.103334 0.996798 0.103206
0.996301 0.693344 0.995461 0.694915 0.991943 0.692919
0.264783 0.614588 0.267540 0.610606 0.269249 0.610604
0.143302 0.092413 0.137531 0.096539 0.140908 0.093265
0.268758 0.608494 0.271348 0.607537 0.270347 0.610026
0.980738 0.087599 0.978968 0.087898 0.978373 0.086951
0.212849 0.994876 0.213645 0.995647 0.214397 0.996431
0.996072 0.697063 0.995108 0.696924 0.995461 0.694915
0.014352 0.641403 0.015686 0.641258 0.014068 0.642643
0.758112 0.966666 0.758584 0.964768 0.761274 0.967037
0.267540 0.610606 0.268758 0.608494 0.269249 0.610604
0.980216 0.083544 0.978373 0.086951 0.977475 0.082089
0.264783 0.614588 0.269249 0.610604 0.265464 0.618233
0.213696 0.572924 0.214620 0.573447 0.214118 0.574387
0.284239 0.045395 0.283615 0.042333 0.287104 0.042609
0.276266 0.039440 0.274095 0.035842 0.280020 0.038290
0.826552 0.919963 0.825945 0.921594 0.825726 0.919329
0.762265 0.477648 0.768483 0.479274 0.767627 0.483285
0.351808 0.985955 0.348936 0.983367 0.351204 0.983429
0.010468 0.041305 0.007884 0.045386 0.008685 0.041753
0.211541 0.578807 0.212631 0.576773 0.213067 0.577159
0.010468 0.041305 0.008734 0.040652 0.008755 0.039490
0.142335 0.095163 0.142852 0.098569 0.137531 0.096539
0.762265 0.477648 0.767627 0.483285 0.762888 0.482151
0.213190 0.573524 0.214118 0.574387 0.211506 0.574756
0.752797 0.972376 0.752575 0.968964 0.758112 0.966666
0.274095 0.035842 0.278536 0.033681 0.280020 0.038290
0.143302 0.092413 0.140607 0.092523 0.140254 0.092085
0.995108 0.696924 0.993476 0.695891 0.995461 0.694915
0.268758 0.608494 0.270347 0.610026 0.269249 0.610604
0.995281 0.364536 0.996864 0.365214 0.995879 0.365284
0.995281 0.364536 0.998170 0.363660 0.996864 0.365214
0.274095 0.035842 0.270337 0.031781 0.278536 0.033681
0.216109 0.573828 0.218627 0.574168 0.217056 0.575170
0.216109 0.573828 0.215668 0.575554 0.214620 0.573447
0.011735 0.643052 0.011933 0.643196 0.011910 0.643410
0.006490 0.260783 0.006148 0.261202 0.006171 0.260357
0.986307 0.834530 0.987544 0.833275 0.988934 0.833601
0.145950 0.119476 0.142985 0.123423 0.142651 0.122652
0.005992 0.260534 0.006148 0.261202 0.005672 0.260672
0.991983 0.690436 0.991943 0.692919 0.989631 0.689910
0.984843 0.079916 0.979848 0.079285 0.982328 0.077676
0.996159 0.102639 0.996068 0.102259 0.996402 0.102367
0.016329 0.641528 0.015337 0.643284 0.015537 0.642080
0.016329 0.641528 0.016438 0.643948 0.015337 0.643284
0.212772 0.575989 0.211506 0.574756 0.214118 0.574387
0.212772 0.575989 0.214118 0.574387 0.213067 0.577159
0.978307 0.088291 0.977710 0.092777 0.978373 0.086951
0.826552 0.919963 0.825726 0.919329 0.826073 0.918103
0.770476 0.472271 0.770274 0.470050 0.771409 0.472486
0.770476 0.472271 0.770863 0.472812 0.770465 0.472706
0.989256 0.078648 0.988259 0.075768 0.989587 0.077318
0.017681 0.641171 0.019787 0.643589 0.016438 0.643948
0.006148 0.261202 0.004820 0.263204 0.004879 0.261291
0.978373 0.086951 0.976219 0.084477 0.977475 0.082089
0.995461 0.694915 0.993475 0.694935 0.991943 0.692919
0.149198 0.112300 0.141277 0.113208 0.140180 0.108617
0.993567 0.697103 0.992149 0.696668 0.993476 0.695891
0.010444 0.642462 0.009895 0.643444 0.008716 0.641667
0.271348 0.607537 0.276145 0.604967 0.276210 0.606966
0.271348 0.607537 0.276210 0.606966 0.273216 0.607847
0.771147 0.465405 0.774258 0.469535 0.770274 0.470050
0.984843 0.079916 0.982328 0.077676 0.986228 0.078649
0.142376 0.101189 0.139700 0.100695 0.142852 0.098569
0.214343 0.996052 0.215476 0.993963 0.214397 0.996431
0.770127 0.474205 0.770965 0.473571 0.769715 0.475997
0.003901 0.261238 0.004268 0.262066 0.002605 0.261786
0.003901 0.261238 0.002605 0.261786 0.003293 0.261450
0.761324 0.963042 0.756461 0.959880 0.760551 0.959744
0.144642 0.117059 0.145950 0.119476 0.143807 0.115728
0.269249 0.610604 0.270347 0.610026 0.273611 0.611302
0.269249 0.610604 0.273611 0.611302 0.265464 0.618233
0.988259 0.075768 0.989256 0.078648 0.985171 0.076735
0.149921 0.909787 0.152714 0.912178 0.148649 0.909844
0.003535 0.248388 0.004068 0.248426 0.003418 0.248539
0.977710 0.092777 0.975941 0.092542 0.978373 0.086951
0.986228 0.078649 0.983159 0.077356 0.985171 0.076735
0.275509 0.602544 0.279861 0.604186 0.276145 0.604967
0.004240 0.252041 0.003583 0.252154 0.003873 0.251968
0.770965 0.473571 0.771494 0.473272 0.772033 0.474614
0.770965 0.473571 0.772033 0.474614 0.769715 0.475997
0.986228 0.078649 0.985171 0.076735 0.989256 0.078648
0.008716 0.641667 0.009895 0.643444 0.008558 0.643497
0.008716 0.641667 0.008558 0.643497 0.007103 0.638466
0.002617 0.248978 0.002811 0.249141 0.002210 0.249359
0.002210 0.249359 0.002811 0.249141 0.002419 0.249523
0.758112 0.966666 0.752575 0.968964 0.755346 0.963828
0.149198 0.112300 0.140180 0.108617 0.142376 0.101189
0.271348 0.607537 0.272424 0.608824 0.270347 0.610026
0.987544 0.833275 0.987570 0.832074 0.988934 0.833601
0.776096 0.457919 0.774350 0.463618 0.772338 0.458132
0.283615 0.042333 0.280020 0.038290 0.287104 0.042609
0.771147 0.465405 0.774350 0.463618 0.774258 0.469535
0.004382 0.249091 0.004217 0.250573 0.003993 0.249766
0.769715 0.475997 0.772033 0.474614 0.772658 0.476071
0.354966 0.983649 0.351808 0.985955 0.354340 0.981774
0.002605 0.261786 0.004121 0.263000 0.003009 0.263696
0.351808 0.985955 0.352605 0.981774 0.354340 0.981774
0.989356 0.696983 0.990233 0.695223 0.991392 0.696665
0.987570 0.832074 0.988833 0.832132 0.988934 0.833601
0.770274 0.470050 0.774258 0.469535 0.773245 0.472160
0.987051 0.826032 0.988424 0.826310 0.987596 0.827057
0.001999 0.250249 0.002250 0.250010 0.002250 0.250236
0.759288 0.963954 0.759021 0.963822 0.761324 0.963042
0.278536 0.033681 0.270337 0.031781 0.274416 0.029860
0.009895 0.643444 0.009140 0.644867 0.008558 0.643497
0.758112 0.966666 0.758055 0.964279 0.758584 0.964768
0.758112 0.966666 0.757127 0.964151 0.758055 0.964279
0.758112 0.966666 0.755346 0.963828 0.757127 0.964151
0.761324 0.963042 0.758765 0.963687 0.758599 0.963403
0.015337 0.643284 0.016438 0.643948 0.014358 0.645030
0.143099 0.119966 0.141621 0.119172 0.145950 0.119476
0.002250 0.250010 0.002484 0.249836 0.002250 0.250236
0.979848 0.079285 0.977718 0.075754 0.982328 0.077676
0.992395 0.694936 0.991517 0.695844 0.990233 0.695223
0.992395 0.694936 0.990233 0.695223 0.991943 0.692919
0.145950 0.119476 0.141621 0.119172 0.143807 0.115728
0.983159 0.077356 0.981237 0.075247 0.985171 0.076735
0.142852 0.098569 0.137549 0.098301 0.137531 0.096539
0.010488 0.644581 0.010234 0.645863 0.009428 0.645443
0.761324 0.963042 0.758706 0.962540 0.756461 0.959880
0.987709 0.830660 0.987842 0.828808 0.989729 0.830739
0.987709 0.830660 0.989729 0.830739 0.988833 0.832132
0.004217 0.250573 0.003675 0.251028 0.003538 0.250422
0.774350 0.463618 0.776940 0.464671 0.774258 0.469535
0.148649 0.909844 0.152714 0.912178 0.151689 0.913493
0.276210 0.606966 0.276325 0.608490 0.274166 0.608022
0.988424 0.826310 0.989745 0.827543 0.987596 0.827057
0.143807 0.115728 0.141621 0.119172 0.141277 0.113208
0.977475 0.082089 0.974515 0.081256 0.978125 0.080048
0.979848 0.079285 0.978125 0.080048 0.975930 0.076199
0.979848 0.079285 0.975930 0.076199 0.977718 0.075754
0.272901 0.608769 0.273532 0.609014 0.270347 0.610026
0.758667 0.963864 0.758476 0.964091 0.758436 0.963668
0.987596 0.827057 0.989745 0.827543 0.987842 0.828808
0.989356 0.696983 0.987087 0.696018 0.987099 0.694499
0.152714 0.912178 0.153884 0.913524 0.151689 0.913493
0.773245 0.472160 0.774258 0.469535 0.774104 0.472244
0.773245 0.472160 0.774104 0.472244 0.773489 0.473220
0.978125 0.080048 0.974515 0.081256 0.976222 0.079470
0.273464 0.608379 0.276325 0.608490 0.273532 0.609014
0.988259 0.075768 0.989187 0.074249 0.990046 0.074740
0.008558 0.643497 0.006527 0.645804 0.007103 0.638466
0.008558 0.643497 0.008457 0.645241 0.006527 0.645804
0.007103 0.638466 0.006527 0.645804 0.003908 0.638761
0.013266 0.645080 0.014358 0.645030 0.013164 0.645563
0.265464 0.618233 0.273611 0.611302 0.273264 0.615203
0.265464 0.618233 0.273264 0.615203 0.272363 0.617112
0.768483 0.479274 0.769567 0.483180 0.767627 0.483285
0.773489 0.473220 0.774104 0.472244 0.774333 0.473054
0.752797 0.972376 0.747733 0.970816 0.752575 0.968964
0.275371 0.018621 0.278499 0.019767 0.279574 0.022355
0.987087 0.696018 0.985758 0.694244 0.987099 0.694499
0.977475 0.082089 0.976219 0.084477 0.974515 0.081256
0.774258 0.469535 0.774501 0.472233 0.774104 0.472244
0.989356 0.696983 0.987099 0.694499 0.990233 0.695223
0.988259 0.075768 0.987132 0.073983 0.989187 0.074249
0.014358 0.645030 0.013495 0.646095 0.013164 0.645563
0.014358 0.645030 0.013873 0.647950 0.013495 0.646095
0.982497 0.076671 0.977718 0.075754 0.980981 0.076062
0.982497 0.076671 0.980981 0.076062 0.981237 0.075247
0.988934 0.833601 0.988833 0.832132 0.990620 0.834380
0.978373 0.086951 0.975941 0.092542 0.972703 0.084989
0.985171 0.076735 0.981237 0.075247 0.981595 0.074319
0.148649 0.909844 0.151689 0.913493 0.150451 0.912999
0.989481 0.826779 0.991678 0.828058 0.989745 0.827543
0.287104 0.042609 0.280020 0.038290 0.283046 0.034936
0.287104 0.042609 0.283046 0.034936 0.290710 0.041006
0.278536 0.033681 0.283046 0.034936 0.280020 0.038290
0.270347 0.610026 0.273637 0.609902 0.273611 0.611302
0.607166 0.905774 0.604711 0.905292 0.607185 0.902392
0.607166 0.905774 0.607185 0.902392 0.609298 0.905220
0.142852 0.098569 0.139700 0.100695 0.137573 0.099344
0.604096 0.906699 0.603152 0.906055 0.604711 0.905292
0.978125 0.080048 0.976222 0.079470 0.975930 0.076199
0.985171 0.076735 0.981595 0.074319 0.988259 0.075768
0.991943 0.692919 0.990233 0.695223 0.988130 0.692138
0.991943 0.692919 0.988130 0.692138 0.989631 0.689910
0.774350 0.463618 0.776096 0.457919 0.776940 0.464671
0.142376 0.101189 0.136925 0.102902 0.139700 0.100695
0.019787 0.643589 0.020201 0.645285 0.016438 0.643948
0.978373 0.086951 0.972703 0.084989 0.976219 0.084477
0.353043 0.131152 0.350624 0.132519 0.351466 0.130155
0.988833 0.832132 0.990814 0.833131 0.990620 0.834380
0.602811 0.906847 0.602639 0.906834 0.603152 0.906055
0.989631 0.689910 0.988130 0.692138 0.986374 0.689576
0.987842 0.828808 0.989745 0.827543 0.989729 0.830739
0.055674 0.526130 0.055750 0.526729 0.055633 0.526051
0.057235 0.527972 0.059294 0.533468 0.054813 0.530167
0.015354 0.645333 0.016438 0.643948 0.013873 0.647950
0.760551 0.959744 0.756596 0.957439 0.761180 0.956383
0.013495 0.646095 0.013873 0.647950 0.012796 0.646466
0.278536 0.033681 0.282718 0.031443 0.283046 0.034936
0.988259 0.075768 0.981595 0.074319 0.984102 0.073289
0.988259 0.075768 0.984102 0.073289 0.986027 0.074101
0.153884 0.913524 0.153126 0.914692 0.151689 0.913493
0.290710 0.041006 0.283046 0.034936 0.289531 0.037262
0.752575 0.968964 0.747733 0.970816 0.751693 0.963147
0.990233 0.695223 0.987099 0.694499 0.988130 0.692138
0.755346 0.963828 0.752575 0.968964 0.751693 0.963147
0.757939 0.961833 0.753435 0.959605 0.756461 0.959880
0.057235 0.527972 0.054813 0.530167 0.055989 0.527920
0.282819 0.017492 0.290642 0.018459 0.285296 0.022864
0.762888 0.482151 0.767627 0.483285 0.768265 0.486636
0.762888 0.482151 0.768265 0.486636 0.764570 0.485310
0.019787 0.643589 0.021135 0.644325 0.020201 0.645285
0.274416 0.029860 0.282718 0.031443 0.278536 0.033681
0.055989 0.527920 0.054813 0.530167 0.054927 0.527767
0.961340 0.696766 0.962871 0.690787 0.963675 0.698873
0.282819 0.017492 0.285296 0.022864 0.278499 0.019767
0.988833 0.832132 0.989729 0.830739 0.991651 0.831642
0.988833 0.832132 0.991651 0.831642 0.991459 0.832298
0.760551 0.959744 0.756461 0.959880 0.756596 0.957439
0.603152 0.906055 0.600981 0.902791 0.604711 0.905292
0.609298 0.905220 0.607185 0.902392 0.610076 0.901926
0.976219 0.084477 0.972703 0.084989 0.972205 0.083340
0.975941 0.092542 0.973644 0.089435 0.972703 0.084989
0.276145 0.604967 0.279861 0.604186 0.282284 0.605160
0.276145 0.604967 0.282284 0.605160 0.279857 0.607652
0.276145 0.604967 0.279857 0.607652 0.276210 0.606966
0.157605 0.914003 0.156565 0.915336 0.156797 0.914310
0.756812 0.962744 0.755346 0.963828 0.753435 0.959605
0.956937 0.688215 0.956702 0.687256 0.960329 0.687691
0.613199 0.903290 0.610076 0.901926 0.613281 0.900171
0.154436 0.914348 0.154587 0.914783 0.153913 0.914977
0.976219 0.084477 0.972205 0.083340 0.974515 0.081256
0.274789 0.609908 0.276325 0.608490 0.273611 0.611302
0.345887 0.123526 0.348068 0.125606 0.343225 0.124557
0.177836 0.921467 0.177330 0.918068 0.177701 0.920567
0.981237 0.075247 0.980172 0.074564 0.981595 0.074319
0.351466 0.130155 0.346160 0.130808 0.348068 0.125606
0.278499 0.019767 0.285296 0.022864 0.279574 0.022355
0.603152 0.906055 0.600001 0.904293 0.600981 0.902791
0.977718 0.075754 0.977306 0.074302 0.978614 0.075374
0.988130 0.692138 0.987099 0.694499 0.984994 0.691597
0.354311 0.133949 0.351608 0.133246 0.353043 0.131152
0.177701 0.920567 0.177330 0.918068 0.177692 0.920283
0.275830 0.025924 0.278276 0.026398 0.277239 0.028451
0.274416 0.029860 0.277239 0.028451 0.282718 0.031443
0.156565 0.915336 0.159375 0.914223 0.159366 0.914580
0.989729 0.830739 0.989745 0.827543 0.991827 0.829962
0.276530 0.024001 0.279574 0.022355 0.278276 0.026398
0.153913 0.914977 0.154012 0.915164 0.153866 0.915433
0.992544 0.832884 0.992259 0.832352 0.993064 0.832525
0.992544 0.832884 0.993064 0.832525 0.993388 0.832964
0.276210 0.606966 0.278031 0.609764 0.276325 0.608490
0.276210 0.606966 0.279857 0.607652 0.278031 0.609764
0.156565 0.915336 0.160316 0.914888 0.160721 0.915428
0.273611 0.611302 0.278622 0.612461 0.273264 0.615203
0.959006 0.689970 0.960329 0.687691 0.959489 0.689806
0.981595 0.074319 0.980172 0.074564 0.979093 0.073542
0.063531 0.536700 0.065533 0.540572 0.059264 0.536365
0.989729 0.830739 0.991889 0.830536 0.991636 0.830917
0.160293 0.914188 0.161192 0.914259 0.160676 0.914317
0.761180 0.956383 0.756596 0.957439 0.758046 0.953616
0.276325 0.608490 0.278031 0.609764 0.273611 0.611302
0.960329 0.687691 0.960804 0.689237 0.959489 0.689806
0.979001 0.074639 0.977306 0.074302 0.979093 0.073542
0.059294 0.533468 0.063531 0.536700 0.059264 0.536365
0.989745 0.827543 0.991678 0.828058 0.992032 0.829193
0.160721 0.915428 0.161976 0.914894 0.164071 0.914254
0.973644 0.089435 0.971901 0.087180 0.972703 0.084989
0.353043 0.131152 0.351339 0.132964 0.350624 0.132519
0.962871 0.690787 0.960009 0.690396 0.960804 0.689237
0.283046 0.034936 0.288763 0.034658 0.289531 0.037262
0.153941 0.915976 0.154205 0.916096 0.153622 0.916453
0.607185 0.902392 0.604711 0.905292 0.604104 0.902522
0.152766 0.915252 0.150909 0.916843 0.151689 0.913493
0.282718 0.031443 0.277239 0.028451 0.283627 0.030683
0.993064 0.832525 0.993932 0.832550 0.993388 0.832964
0.992031 0.830856 0.992225 0.830476 0.994288 0.831412
0.279574 0.022355 0.285296 0.022864 0.286250 0.024926
0.153295 0.915840 0.150909 0.916843 0.152791 0.915771
0.153295 0.915840 0.152628 0.916763 0.150909 0.916843
0.975930 0.076199 0.977306 0.074302 0.977718 0.075754
0.975930 0.076199 0.974729 0.071036 0.977306 0.074302
0.975930 0.076199 0.973516 0.071922 0.974729 0.071036
0.283046 0.034936 0.282718 0.031443 0.288763 0.034658
0.604711 0.905292 0.600981 0.902791 0.604104 0.902522
0.984102 0.073289 0.981595 0.074319 0.981673 0.072474
0.273611 0.611302 0.278031 0.609764 0.278622 0.612461
0.354311 0.133949 0.350294 0.135721 0.351953 0.134925
0.992477 0.829382 0.991678 0.828058 0.994409 0.829396
0.178213 0.918459 0.177330 0.918068 0.179669 0.914509
0.993124 0.831870 0.994288 0.831412 0.994014 0.831826
0.610076 0.901926 0.610790 0.897650 0.613281 0.900171
0.161921 0.914553 0.162276 0.914319 0.164071 0.914254
0.279574 0.022355 0.286250 0.024926 0.278276 0.026398
0.993385 0.828749 0.994409 0.829396 0.991678 0.828058
0.992641 0.830092 0.994409 0.829396 0.994288 0.831412
0.755346 0.963828 0.751693 0.963147 0.753435 0.959605
0.963675 0.698873 0.962871 0.690787 0.969010 0.695247
0.278276 0.026398 0.283848 0.027815 0.277239 0.028451
0.278276 0.026398 0.285412 0.025896 0.283848 0.027815
0.977306 0.074302 0.976403 0.071455 0.979093 0.073542
0.054813 0.530167 0.059294 0.533468 0.051984 0.534121
0.285296 0.022864 0.290642 0.018459 0.294481 0.023449
0.348068 0.125606 0.341494 0.126983 0.343225 0.124557
0.286250 0.024926 0.285412 0.025896 0.278276 0.026398
0.973355 0.080907 0.974515 0.081256 0.972205 0.083340
0.984102 0.073289 0.982177 0.071661 0.983589 0.071787
0.350713 0.134027 0.350294 0.135721 0.350624 0.132519
0.348068 0.125606 0.346160 0.130808 0.341494 0.126983
0.981595 0.074319 0.979093 0.073542 0.981087 0.072113
0.277239 0.028451 0.283848 0.027815 0.283627 0.030683
0.344596 0.121713 0.343225 0.124557 0.342204 0.122965
0.972205 0.083340 0.972703 0.084989 0.971817 0.085415
0.972703 0.084989 0.971901 0.087180 0.971817 0.085415
0.610076 0.901926 0.607185 0.902392 0.608086 0.896592
0.994753 0.828721 0.995546 0.828910 0.994409 0.829396
0.604104 0.902522 0.606250 0.898507 0.607185 0.902392
0.604104 0.902522 0.602163 0.899578 0.606250 0.898507
0.177330 0.918068 0.176272 0.915858 0.179669 0.914509
0.177330 0.918068 0.174735 0.917292 0.176272 0.915858
0.343225 0.124557 0.341494 0.126983 0.341757 0.124244
0.164071 0.914254 0.166368 0.913959 0.167497 0.914597
0.981087 0.072113 0.979093 0.073542 0.977811 0.070842
0.343225 0.124557 0.341757 0.124244 0.342204 0.122965
0.751693 0.963147 0.747733 0.970816 0.745149 0.967721
0.279857 0.607652 0.282425 0.608844 0.278031 0.609764
0.342204 0.122965 0.341757 0.124244 0.340389 0.121873
0.979093 0.073542 0.976403 0.071455 0.977811 0.070842
0.059294 0.533468 0.059264 0.536365 0.051984 0.534121
0.340693 0.121281 0.340389 0.121873 0.338154 0.122401
0.971817 0.085415 0.971644 0.083879 0.972205 0.083340
0.150909 0.916843 0.150950 0.918034 0.150333 0.918427
0.350624 0.132519 0.344363 0.133922 0.351466 0.130155
0.756461 0.959880 0.753303 0.957594 0.756596 0.957439
0.977306 0.074302 0.974729 0.071036 0.976403 0.071455
0.282284 0.605160 0.283418 0.607981 0.279857 0.607652
0.167529 0.914137 0.172024 0.913214 0.167497 0.914597
0.278622 0.612461 0.278616 0.615887 0.273264 0.615203
0.753435 0.959605 0.751693 0.963147 0.751679 0.959418
0.604104 0.902522 0.600981 0.902791 0.602163 0.899578
0.756461 0.959880 0.753435 0.959605 0.753303 0.957594
0.618183 0.900425 0.616183 0.901038 0.615005 0.897504
0.174111 0.916717 0.173827 0.916042 0.176272 0.915858
0.346160 0.130808 0.339109 0.130111 0.341494 0.126983
0.059264 0.536365 0.065533 0.540572 0.058808 0.539866
0.288763 0.034658 0.282718 0.031443 0.293928 0.034729
0.974729 0.071036 0.973881 0.068485 0.976403 0.071455
0.294481 0.023449 0.293014 0.025419 0.285296 0.022864
0.351466 0.130155 0.344363 0.133922 0.346160 0.130808
0.600001 0.904293 0.596738 0.901126 0.600981 0.902791
0.350624 0.132519 0.348574 0.134940 0.344363 0.133922
0.995808 0.831730 0.994288 0.831412 0.996030 0.831351
0.742300 0.973722 0.740897 0.971546 0.747733 0.970816
0.167497 0.914597 0.171149 0.914468 0.171257 0.915245
0.350624 0.132519 0.350294 0.135721 0.348574 0.134940
0.610076 0.901926 0.608086 0.896592 0.610790 0.897650
0.278031 0.609764 0.282425 0.608844 0.281540 0.610271
0.278031 0.609764 0.281540 0.610271 0.278622 0.612461
0.996559 0.829148 0.997484 0.829308 0.994409 0.829396
0.285296 0.022864 0.293014 0.025419 0.286250 0.024926
0.600981 0.902791 0.596738 0.901126 0.602163 0.899578
0.176272 0.915858 0.173762 0.915760 0.174964 0.914183
0.340389 0.121873 0.337760 0.126205 0.337595 0.124225
0.962871 0.690787 0.965784 0.688139 0.969010 0.695247
0.607185 0.902392 0.606250 0.898507 0.608086 0.896592
0.618183 0.900425 0.615005 0.897504 0.620877 0.897810
0.756596 0.957439 0.752376 0.952650 0.758046 0.953616
0.167497 0.914597 0.172024 0.913214 0.171149 0.914468
0.747733 0.970816 0.740897 0.971546 0.745149 0.967721
0.150909 0.916843 0.149427 0.919052 0.148910 0.919393
0.613281 0.900171 0.615005 0.897504 0.616183 0.901038
0.059264 0.536365 0.054980 0.537444 0.053903 0.537147
0.059264 0.536365 0.053417 0.536716 0.051984 0.534121
0.751693 0.963147 0.747514 0.957446 0.751679 0.959418
0.171149 0.914468 0.172024 0.913214 0.172546 0.914676
0.059264 0.536365 0.058808 0.539866 0.054980 0.537444
0.340389 0.121873 0.341757 0.124244 0.337760 0.126205
0.283627 0.030683 0.283848 0.027815 0.294242 0.031359
0.282718 0.031443 0.283627 0.030683 0.292230 0.032883
0.282718 0.031443 0.292230 0.032883 0.293928 0.034729
0.756596 0.957439 0.748189 0.953559 0.752376 0.952650
0.602163 0.899578 0.596738 0.901126 0.597247 0.898232
0.172546 0.914676 0.172024 0.913214 0.173281 0.914173
0.172546 0.914676 0.173281 0.914173 0.174964 0.914183
0.340389 0.121873 0.337595 0.124225 0.338154 0.122401
0.179669 0.914509 0.176272 0.915858 0.179314 0.913662
0.283627 0.030683 0.294242 0.031359 0.292230 0.032883
0.994409 0.829396 0.996974 0.830673 0.994288 0.831412
0.994288 0.831412 0.997114 0.831105 0.997147 0.831543
0.283848 0.027815 0.285412 0.025896 0.294242 0.031359
0.994409 0.829396 0.997491 0.829790 0.997495 0.830079
0.348444 0.135726 0.350294 0.135721 0.347858 0.136573
0.997795 0.831424 0.997836 0.831189 0.998043 0.831226
0.753303 0.957594 0.753435 0.959605 0.751679 0.959418
0.293014 0.025419 0.291882 0.027240 0.286250 0.024926
0.969010 0.695247 0.967116 0.687343 0.971020 0.689021
0.346160 0.130808 0.337795 0.133292 0.339109 0.130111
0.976403 0.071455 0.973881 0.068485 0.975754 0.069114
0.976403 0.071455 0.975754 0.069114 0.977811 0.070842
0.286250 0.024926 0.291882 0.027240 0.285412 0.025896
0.173281 0.914173 0.172024 0.913214 0.174964 0.914183
0.350294 0.135721 0.348221 0.138819 0.347858 0.136573
0.278622 0.612461 0.281540 0.610271 0.281987 0.614179
0.613281 0.900171 0.610790 0.897650 0.611805 0.891834
0.613281 0.900171 0.611805 0.891834 0.615005 0.897504
0.973516 0.071922 0.972028 0.067906 0.974729 0.071036
0.997495 0.830079 0.997873 0.830017 0.997737 0.830127
0.751693 0.963147 0.745149 0.967721 0.747514 0.957446
0.285412 0.025896 0.291882 0.027240 0.294242 0.031359
0.172024 0.913214 0.177313 0.911211 0.174964 0.914183
0.278622 0.612461 0.281987 0.614179 0.278616 0.615887
0.974729 0.071036 0.972028 0.067906 0.971816 0.066704
0.756596 0.957439 0.753303 0.957594 0.748189 0.953559
0.054980 0.537444 0.053948 0.538535 0.053903 0.537147
0.179994 0.913418 0.181946 0.910940 0.179669 0.914509
0.341494 0.126983 0.338835 0.128120 0.341757 0.124244
0.615005 0.897504 0.617180 0.894691 0.620877 0.897810
0.974729 0.071036 0.971816 0.066704 0.973881 0.068485
0.176272 0.915858 0.174964 0.914183 0.178945 0.912796
0.625242 0.897882 0.624557 0.895453 0.627617 0.893829
0.347858 0.136573 0.348221 0.138819 0.346629 0.137013
0.347858 0.136573 0.346629 0.137013 0.347143 0.136140
0.293928 0.034729 0.292230 0.032883 0.294242 0.031359
0.053417 0.536716 0.053553 0.537834 0.050480 0.538307
0.053417 0.536716 0.050480 0.538307 0.051984 0.534121
0.625242 0.897882 0.620877 0.897810 0.622650 0.894918
0.625242 0.897882 0.622650 0.894918 0.624557 0.895453
0.058808 0.539866 0.054479 0.539365 0.054441 0.538514
0.346160 0.130808 0.344363 0.133922 0.337795 0.133292
0.347143 0.136140 0.346069 0.136626 0.346604 0.136142
0.338154 0.122401 0.337595 0.124225 0.335950 0.123501
0.602163 0.899578 0.597247 0.898232 0.598837 0.894525
0.606250 0.898507 0.604443 0.891184 0.608086 0.896592
0.346374 0.135651 0.346233 0.136113 0.344363 0.133922
0.615005 0.897504 0.611805 0.891834 0.614372 0.891623
0.615005 0.897504 0.614372 0.891623 0.617180 0.894691
0.174964 0.914183 0.180880 0.911768 0.178945 0.912796
0.341494 0.126983 0.339109 0.130111 0.338835 0.128120
0.610790 0.897650 0.608086 0.896592 0.610100 0.892349
0.341757 0.124244 0.338835 0.128120 0.337760 0.126205
0.975754 0.069114 0.973881 0.068485 0.973241 0.067257
0.180655 0.912316 0.180880 0.911768 0.181946 0.910940
0.053553 0.537834 0.053364 0.539353 0.050480 0.538307
0.174964 0.914183 0.177313 0.911211 0.180880 0.911768
0.620877 0.897810 0.617180 0.894691 0.622650 0.894918
0.346233 0.136113 0.344378 0.135911 0.344363 0.133922
0.740897 0.971546 0.738608 0.968094 0.745149 0.967721
0.348221 0.138819 0.346819 0.137607 0.346629 0.137013
0.973881 0.068485 0.971816 0.066704 0.973049 0.067303
0.969010 0.695247 0.971020 0.689021 0.977395 0.693471
0.346629 0.137013 0.345979 0.138348 0.345735 0.137549
0.617180 0.894691 0.619703 0.891633 0.622650 0.894918
0.748189 0.953559 0.749029 0.950997 0.752376 0.952650
0.337760 0.126205 0.335969 0.125907 0.337595 0.124225
0.344363 0.133922 0.343311 0.136192 0.339823 0.137165
0.745149 0.967721 0.738608 0.968094 0.742543 0.964456
0.608086 0.896592 0.604443 0.891184 0.607433 0.890884
0.608086 0.896592 0.607433 0.890884 0.610100 0.892349
0.745149 0.967721 0.742543 0.964456 0.747514 0.957446
0.053364 0.539353 0.058808 0.539866 0.050452 0.543356
0.053364 0.539353 0.050452 0.543356 0.050480 0.538307
0.337760 0.126205 0.338835 0.128120 0.335969 0.125907
0.596738 0.901126 0.593194 0.898154 0.597247 0.898232
0.602163 0.899578 0.598837 0.894525 0.601465 0.893578
0.180880 0.911768 0.177313 0.911211 0.182119 0.910115
0.348221 0.138819 0.345847 0.140851 0.346619 0.138673
0.348221 0.138819 0.345577 0.142384 0.345847 0.140851
0.972028 0.067906 0.971507 0.066504 0.971816 0.066704
0.345099 0.136706 0.345054 0.137186 0.344326 0.136602
0.335950 0.123501 0.334454 0.125030 0.329857 0.123235
0.177313 0.911211 0.180303 0.909899 0.182119 0.910115
0.337595 0.124225 0.335969 0.125907 0.335950 0.123501
0.610790 0.897650 0.610100 0.892349 0.611805 0.891834
0.753303 0.957594 0.748920 0.955529 0.748189 0.953559
0.058808 0.539866 0.059613 0.546393 0.050452 0.543356
0.753303 0.957594 0.751679 0.959418 0.749192 0.956893
0.180880 0.911768 0.182119 0.910115 0.181946 0.910940
0.345979 0.138348 0.345847 0.140851 0.344889 0.138095
0.751679 0.959418 0.747514 0.957446 0.748735 0.956562
0.631205 0.895437 0.627617 0.893829 0.633193 0.892514
0.335950 0.123501 0.335969 0.125907 0.334722 0.125663
0.344752 0.137309 0.344226 0.137977 0.343975 0.137297
0.627617 0.893829 0.624557 0.895453 0.625379 0.893186
0.971816 0.066704 0.972071 0.065679 0.972404 0.065809
0.606250 0.898507 0.602163 0.899578 0.601465 0.893578
0.606250 0.898507 0.601465 0.893578 0.604443 0.891184
0.617180 0.894691 0.614372 0.891623 0.616707 0.889712
0.752376 0.952650 0.749029 0.950997 0.750647 0.949925
0.742543 0.964456 0.738608 0.968094 0.740165 0.963039
0.344889 0.138095 0.345847 0.140851 0.344325 0.138869
0.344363 0.133922 0.339823 0.137165 0.337795 0.133292
0.338835 0.128120 0.334325 0.129455 0.335969 0.125907
0.593194 0.898154 0.589862 0.897213 0.591029 0.894771
0.622650 0.894918 0.625379 0.893186 0.624557 0.895453
0.343864 0.137717 0.342920 0.137963 0.343379 0.137414
0.343864 0.137717 0.343471 0.138352 0.342920 0.137963
0.617180 0.894691 0.616707 0.889712 0.619703 0.891633
0.971020 0.689021 0.975812 0.688778 0.977395 0.693471
0.622650 0.894918 0.624543 0.889686 0.625379 0.893186
0.342647 0.137258 0.342920 0.137963 0.339823 0.137165
0.335969 0.125907 0.334129 0.127347 0.334281 0.126458
0.747514 0.957446 0.747593 0.955903 0.747851 0.956094
0.747514 0.957446 0.742543 0.964456 0.745842 0.955820
0.747514 0.957446 0.747038 0.955810 0.747593 0.955903
0.333764 0.125594 0.332280 0.125777 0.329857 0.123235
0.611805 0.891834 0.612283 0.886500 0.614372 0.891623
0.339109 0.130111 0.337795 0.133292 0.338835 0.128120
0.597247 0.898232 0.595479 0.892380 0.598837 0.894525
0.338835 0.128120 0.337795 0.133292 0.335171 0.131142
0.335969 0.125907 0.334325 0.129455 0.334234 0.127966
0.335969 0.125907 0.334234 0.127966 0.334129 0.127347
0.597247 0.898232 0.593194 0.898154 0.595479 0.892380
0.747593 0.955903 0.747178 0.955482 0.747674 0.955607
0.748189 0.953559 0.747903 0.954729 0.747767 0.954554
0.334325 0.129455 0.338835 0.128120 0.335171 0.131142
0.742543 0.964456 0.744815 0.954636 0.745842 0.955820
0.342920 0.137963 0.339795 0.141019 0.337697 0.141234
0.342920 0.137963 0.337697 0.141234 0.339823 0.137165
0.747767 0.954554 0.747609 0.954626 0.748189 0.953559
0.742543 0.964456 0.740165 0.963039 0.744815 0.954636
0.332881 0.126205 0.333052 0.126737 0.332329 0.126803
0.332280 0.125777 0.332329 0.126803 0.329857 0.123235
0.342920 0.137963 0.342674 0.139687 0.339795 0.141019
0.343320 0.139974 0.345847 0.140851 0.341810 0.140923
0.333296 0.127398 0.334234 0.127966 0.332904 0.127666
0.342674 0.139687 0.341810 0.140923 0.339795 0.141019
0.341810 0.140923 0.345847 0.140851 0.342945 0.142310
0.611805 0.891834 0.610100 0.892349 0.609831 0.887357
0.611805 0.891834 0.609831 0.887357 0.612283 0.886500
0.750647 0.949925 0.749029 0.950997 0.747228 0.948411
0.627617 0.893829 0.625379 0.893186 0.626462 0.890437
0.627617 0.893829 0.626462 0.890437 0.633193 0.892514
0.619703 0.891633 0.624543 0.889686 0.622650 0.894918
0.977395 0.693471 0.975812 0.688778 0.982526 0.689053
0.334325 0.129455 0.331621 0.131059 0.334234 0.127966
0.345577 0.142384 0.343094 0.144924 0.345847 0.140851
0.331717 0.127329 0.329687 0.128251 0.329857 0.123235
0.610100 0.892349 0.607433 0.890884 0.607684 0.885826
0.625379 0.893186 0.624543 0.889686 0.626462 0.890437
0.610100 0.892349 0.607684 0.885826 0.609831 0.887357
0.745394 0.954791 0.744815 0.954636 0.748189 0.953559
0.329857 0.123235 0.329687 0.128251 0.321753 0.123621
0.345847 0.140851 0.343094 0.144924 0.342226 0.145374
0.595479 0.892380 0.593194 0.898154 0.592947 0.890131
0.345847 0.140851 0.342226 0.145374 0.342945 0.142310
0.331468 0.128175 0.334234 0.127966 0.329687 0.128251
0.334234 0.127966 0.331621 0.131059 0.329687 0.128251
0.637229 0.891731 0.633193 0.892514 0.635251 0.888023
0.633193 0.892514 0.626462 0.890437 0.635251 0.888023
0.339823 0.137165 0.333338 0.136698 0.337795 0.133292
0.614372 0.891623 0.615212 0.886087 0.616707 0.889712
0.607433 0.890884 0.605962 0.886490 0.607684 0.885826
0.611832 0.975937 0.613708 0.978548 0.609985 0.979042
0.614372 0.891623 0.612283 0.886500 0.615212 0.886087
0.749029 0.950997 0.748189 0.953559 0.744271 0.950654
0.749029 0.950997 0.745583 0.948610 0.747228 0.948411
0.749029 0.950997 0.744271 0.950654 0.745583 0.948610
0.342945 0.142310 0.341306 0.142188 0.341810 0.140923
0.619703 0.891633 0.620205 0.884090 0.624543 0.889686
0.748189 0.953559 0.743750 0.952136 0.744271 0.950654
0.601465 0.893578 0.600423 0.887888 0.604443 0.891184
0.642975 0.889339 0.637229 0.891731 0.643869 0.885933
0.337795 0.133292 0.333338 0.136698 0.335171 0.131142
0.613708 0.978548 0.614297 0.980056 0.609985 0.979042
0.059613 0.546393 0.059069 0.554350 0.050452 0.543356
0.368133 0.016663 0.370645 0.016146 0.369833 0.019089
0.368133 0.016663 0.369833 0.019089 0.367415 0.017609
0.607433 0.890884 0.604443 0.891184 0.605962 0.886490
0.334325 0.129455 0.335171 0.131142 0.332019 0.135547
0.341810 0.140923 0.340986 0.142255 0.339795 0.141019
0.593194 0.898154 0.591029 0.894771 0.592947 0.890131
0.589862 0.897213 0.585118 0.891344 0.591029 0.894771
0.604443 0.891184 0.603720 0.884378 0.605962 0.886490
0.748189 0.953559 0.744815 0.954636 0.743750 0.952136
0.369833 0.019089 0.370645 0.016146 0.371222 0.021713
0.614772 0.974277 0.608782 0.971766 0.614664 0.971167
0.066601 0.648526 0.062588 0.649861 0.064782 0.644983
0.744815 0.954636 0.742152 0.954713 0.742953 0.953977
0.601465 0.893578 0.598837 0.894525 0.600423 0.887888
0.637229 0.891731 0.635251 0.888023 0.643869 0.885933
0.342945 0.142310 0.342226 0.145374 0.341213 0.144224
0.609985 0.979042 0.614687 0.981430 0.612506 0.983065
0.335171 0.131142 0.333338 0.136698 0.332019 0.135547
0.626462 0.890437 0.627741 0.887346 0.635251 0.888023
0.646790 0.886569 0.646057 0.885628 0.646450 0.884352
0.747228 0.948411 0.745583 0.948610 0.745314 0.947871
0.367415 0.017609 0.369833 0.019089 0.366714 0.023506
0.367415 0.017609 0.366714 0.023506 0.364556 0.020082
0.371222 0.021713 0.370645 0.016146 0.372696 0.019355
0.369833 0.019089 0.369927 0.022820 0.366714 0.023506
0.334325 0.129455 0.329847 0.134445 0.331621 0.131059
0.329687 0.128251 0.331621 0.131059 0.330473 0.130922
0.369833 0.019089 0.371222 0.021713 0.369927 0.022820
0.342226 0.145374 0.340278 0.146520 0.341213 0.144224
0.321753 0.123621 0.329687 0.128251 0.324879 0.129978
0.370645 0.016146 0.372379 0.016607 0.372696 0.019355
0.616707 0.889712 0.615212 0.886087 0.617445 0.882064
0.334325 0.129455 0.332019 0.135547 0.329847 0.134445
0.626462 0.890437 0.624543 0.889686 0.626563 0.885565
0.626462 0.890437 0.626563 0.885565 0.627741 0.887346
0.604443 0.891184 0.600423 0.887888 0.603720 0.884378
0.616707 0.889712 0.617445 0.882064 0.619703 0.891633
0.339795 0.141019 0.339896 0.143670 0.339648 0.143851
0.371222 0.021713 0.372696 0.019355 0.372956 0.021739
0.340858 0.144282 0.340278 0.146520 0.339964 0.145036
0.331621 0.131059 0.329847 0.134445 0.330387 0.132128
0.331621 0.131059 0.330387 0.132128 0.330398 0.131727
0.339823 0.137165 0.337697 0.141234 0.333338 0.136698
0.372379 0.016607 0.375161 0.019717 0.372696 0.019355
0.619703 0.891633 0.617445 0.882064 0.620205 0.884090
0.980334 0.795940 0.979205 0.791952 0.981855 0.795534
0.980334 0.795940 0.979342 0.795882 0.979205 0.791952
0.624543 0.889686 0.620205 0.884090 0.626563 0.885565
0.329687 0.128251 0.329518 0.131032 0.328168 0.131200
0.983606 0.796781 0.981855 0.795534 0.984596 0.794036
0.650397 0.883503 0.649854 0.883581 0.649624 0.880587
0.981855 0.795534 0.983358 0.790919 0.984596 0.794036
0.591029 0.894771 0.585118 0.891344 0.588093 0.887148
0.643869 0.885933 0.635251 0.888023 0.636115 0.885096
0.372956 0.021739 0.372696 0.019355 0.374416 0.020767
0.600423 0.887888 0.598837 0.894525 0.596348 0.883515
0.366714 0.023506 0.364701 0.023861 0.364556 0.020082
0.342226 0.145374 0.340474 0.147154 0.340278 0.146520
0.212370 0.163764 0.212091 0.163629 0.210767 0.163620
0.211618 0.163954 0.210767 0.163620 0.209646 0.162553
0.981855 0.795534 0.981100 0.789141 0.983358 0.790919
0.362321 0.017709 0.364556 0.020082 0.360421 0.018906
0.981855 0.795534 0.979205 0.791952 0.979779 0.789566
0.981855 0.795534 0.979779 0.789566 0.981100 0.789141
0.646057 0.885628 0.643869 0.885933 0.646450 0.884352
0.609831 0.887357 0.607684 0.885826 0.608874 0.882200
0.609831 0.887357 0.608874 0.882200 0.612283 0.886500
0.372956 0.021739 0.374747 0.021118 0.375031 0.022265
0.598837 0.894525 0.595479 0.892380 0.596348 0.883515
0.372696 0.019355 0.375161 0.019717 0.374565 0.020676
0.212034 0.163711 0.211784 0.163597 0.211723 0.163488
0.372379 0.016607 0.373662 0.016280 0.375161 0.019717
0.979342 0.795882 0.977763 0.794498 0.979205 0.791952
0.366714 0.023506 0.366248 0.026545 0.364701 0.023861
0.050452 0.543356 0.059069 0.554350 0.047448 0.550267
0.591029 0.894771 0.588093 0.887148 0.592947 0.890131
0.211606 0.163604 0.209646 0.162553 0.211350 0.163321
0.635251 0.888023 0.627741 0.887346 0.636115 0.885096
0.328922 0.131714 0.329053 0.132542 0.328597 0.132422
0.328922 0.131714 0.328597 0.132422 0.328644 0.132058
0.647014 0.882074 0.646217 0.877362 0.649854 0.883581
0.643869 0.885933 0.645302 0.884211 0.646450 0.884352
0.364556 0.020082 0.364701 0.023861 0.360421 0.018906
0.615212 0.886087 0.612283 0.886500 0.613365 0.880742
0.829622 0.265748 0.826169 0.262881 0.826760 0.263197
0.826169 0.262881 0.824134 0.261138 0.826760 0.263197
0.339431 0.145155 0.340278 0.146520 0.337555 0.145901
0.328168 0.131200 0.328429 0.131711 0.327771 0.132317
0.328168 0.131200 0.327771 0.132317 0.324879 0.129978
0.328168 0.131200 0.324879 0.129978 0.329687 0.128251
0.643869 0.885933 0.636115 0.885096 0.643710 0.880781
0.643869 0.885933 0.643710 0.880781 0.644002 0.884001
0.211350 0.163321 0.209646 0.162553 0.211176 0.163097
0.006635 0.518860 0.006605 0.519083 0.004172 0.519423
0.329053 0.132542 0.328679 0.133271 0.328139 0.133041
0.339795 0.141019 0.338798 0.144863 0.337555 0.145901
0.333338 0.136698 0.330612 0.137795 0.332019 0.135547
0.626563 0.885565 0.628317 0.885278 0.627741 0.887346
0.979205 0.791952 0.977067 0.790248 0.979779 0.789566
0.375031 0.022265 0.375415 0.021224 0.377401 0.021941
0.364701 0.023861 0.366248 0.026545 0.364385 0.025884
0.983358 0.790919 0.984841 0.789449 0.984596 0.794036
0.328597 0.132422 0.328139 0.133041 0.328440 0.132406
0.333338 0.136698 0.329273 0.140571 0.330612 0.137795
0.979205 0.791952 0.977763 0.794498 0.977067 0.790248
0.829622 0.265748 0.831165 0.265990 0.830690 0.266538
0.211176 0.163097 0.209646 0.162553 0.210888 0.162873
0.979779 0.789566 0.979814 0.786721 0.981100 0.789141
0.979779 0.789566 0.977067 0.790248 0.978803 0.787778
0.979779 0.789566 0.978803 0.787778 0.979814 0.786721
0.333338 0.136698 0.337697 0.141234 0.329273 0.140571
0.984596 0.794036 0.984841 0.789449 0.985561 0.793523
0.981100 0.789141 0.982602 0.787364 0.983358 0.790919
0.366248 0.026545 0.364488 0.027445 0.364385 0.025884
0.627741 0.887346 0.631174 0.883622 0.636115 0.885096
0.329175 0.133598 0.329847 0.134445 0.328773 0.134194
0.339795 0.141019 0.336626 0.146423 0.337697 0.141234
0.649854 0.883581 0.646217 0.877362 0.649624 0.880587
0.211136 0.162839 0.210855 0.162577 0.210198 0.161751
0.829622 0.265748 0.830921 0.264208 0.831165 0.265990
0.592947 0.890131 0.588093 0.887148 0.589432 0.883907
0.603720 0.884378 0.600423 0.887888 0.599450 0.881912
0.824134 0.261138 0.824448 0.259408 0.826760 0.263197
0.332019 0.135547 0.330612 0.137795 0.329847 0.134445
0.339795 0.141019 0.337555 0.145901 0.336626 0.146423
0.376191 0.020384 0.376870 0.020890 0.377401 0.021941
0.978803 0.787778 0.977191 0.786789 0.979814 0.786721
0.829622 0.265748 0.826760 0.263197 0.830921 0.264208
0.360421 0.018906 0.364701 0.023861 0.359071 0.019507
0.006635 0.518860 0.004172 0.519423 0.004771 0.519025
0.608874 0.882200 0.610923 0.880887 0.612283 0.886500
0.605962 0.886490 0.605471 0.880531 0.607684 0.885826
0.328773 0.134194 0.329847 0.134445 0.328255 0.134928
0.981100 0.789141 0.979814 0.786721 0.979925 0.784052
0.981100 0.789141 0.979925 0.784052 0.982602 0.787364
0.605962 0.886490 0.603720 0.884378 0.605471 0.880531
0.377401 0.021941 0.377082 0.021406 0.377482 0.021674
0.337697 0.141234 0.331766 0.145116 0.329273 0.140571
0.977656 0.788211 0.977067 0.790248 0.976063 0.789152
0.977656 0.788211 0.976063 0.789152 0.977191 0.786789
0.977763 0.794498 0.976387 0.794986 0.977067 0.790248
0.983358 0.790919 0.982602 0.787364 0.984841 0.789449
0.210767 0.163620 0.208879 0.162441 0.209646 0.162553
0.364701 0.023861 0.361392 0.023978 0.359071 0.019507
0.979814 0.786721 0.977191 0.786789 0.978661 0.783921
0.979814 0.786721 0.978661 0.783921 0.979925 0.784052
0.324879 0.129978 0.318684 0.128456 0.321753 0.123621
0.360421 0.018906 0.359071 0.019507 0.357755 0.016870
0.600423 0.887888 0.596348 0.883515 0.599450 0.881912
0.646450 0.884352 0.645195 0.881801 0.645565 0.881231
0.646450 0.884352 0.645565 0.881231 0.647014 0.882074
0.612283 0.886500 0.610923 0.880887 0.613365 0.880742
0.364489 0.028867 0.364051 0.030330 0.363726 0.029835
0.977067 0.790248 0.976387 0.794986 0.976063 0.789152
0.330612 0.137795 0.328113 0.137686 0.329847 0.134445
0.377482 0.021674 0.378432 0.021759 0.377401 0.021941
0.377482 0.021674 0.378430 0.021631 0.378432 0.021759
0.595479 0.892380 0.592947 0.890131 0.592227 0.882584
0.595479 0.892380 0.592227 0.882584 0.596348 0.883515
0.979925 0.784052 0.980980 0.780845 0.982602 0.787364
0.364701 0.023861 0.363127 0.027542 0.361392 0.023978
0.830921 0.264208 0.826760 0.263197 0.830710 0.263117
0.636115 0.885096 0.641348 0.880795 0.643710 0.880781
0.826760 0.263197 0.824448 0.259408 0.829742 0.260951
0.329847 0.134445 0.328113 0.137686 0.328255 0.134928
0.357755 0.016870 0.359071 0.019507 0.356960 0.017318
0.592947 0.890131 0.589432 0.883907 0.592227 0.882584
0.328089 0.134665 0.328255 0.134928 0.327898 0.134902
0.328255 0.134928 0.328113 0.137686 0.327767 0.135236
0.363726 0.027970 0.363726 0.029835 0.363288 0.028131
0.651239 0.879489 0.649624 0.880587 0.650130 0.877212
0.627741 0.887346 0.628317 0.885278 0.631174 0.883622
0.976387 0.794986 0.974457 0.791875 0.976063 0.789152
0.978661 0.783921 0.977191 0.786789 0.977481 0.780885
0.647014 0.882074 0.645565 0.881231 0.646217 0.877362
0.327070 0.133897 0.327094 0.134256 0.326934 0.134225
0.361392 0.023978 0.359294 0.021319 0.359071 0.019507
0.826760 0.263197 0.829742 0.260951 0.830710 0.263117
0.337697 0.141234 0.336626 0.146423 0.333391 0.147765
0.337697 0.141234 0.333391 0.147765 0.331766 0.145116
0.340278 0.146520 0.338042 0.149390 0.335366 0.149537
0.340278 0.146520 0.335366 0.149537 0.337555 0.145901
0.326779 0.133671 0.326552 0.134588 0.324436 0.134025
0.644833 0.881990 0.643710 0.880781 0.645036 0.880930
0.209994 0.161780 0.209404 0.161289 0.210198 0.161751
0.361392 0.023978 0.363127 0.027542 0.362491 0.027971
0.980980 0.780845 0.983468 0.782739 0.982602 0.787364
0.059069 0.554350 0.052995 0.560382 0.047448 0.550267
0.363288 0.028131 0.363345 0.028751 0.362491 0.027971
0.976387 0.794986 0.973492 0.793608 0.973732 0.792588
0.324879 0.129978 0.325734 0.132576 0.324436 0.134025
0.359071 0.019507 0.358381 0.020788 0.358130 0.020288
0.607684 0.885826 0.605471 0.880531 0.608874 0.882200
0.327767 0.135236 0.328113 0.137686 0.327103 0.136072
0.979925 0.784052 0.978661 0.783921 0.979396 0.779498
0.978661 0.783921 0.977481 0.780885 0.979396 0.779498
0.645565 0.881231 0.645445 0.877899 0.646217 0.877362
0.209646 0.162553 0.208411 0.162420 0.207954 0.161934
0.363210 0.029117 0.362940 0.029831 0.362491 0.027971
0.976063 0.789152 0.974457 0.791875 0.973804 0.790486
0.361392 0.023978 0.362491 0.027971 0.361113 0.026537
0.831165 0.265990 0.830921 0.264208 0.833783 0.266053
0.831165 0.265990 0.833783 0.266053 0.833598 0.266117
0.631174 0.883622 0.628317 0.885278 0.630010 0.883573
0.979925 0.784052 0.979396 0.779498 0.980980 0.780845
0.977191 0.786789 0.976391 0.782731 0.977481 0.780885
0.361392 0.023978 0.359430 0.023222 0.359073 0.022618
0.984841 0.789449 0.986246 0.788942 0.986573 0.791134
0.615212 0.886087 0.615392 0.876520 0.617445 0.882064
0.636115 0.885096 0.631174 0.883622 0.634832 0.881940
0.830921 0.264208 0.836360 0.265195 0.833783 0.266053
0.359071 0.019507 0.357229 0.018888 0.357015 0.018561
0.003616 0.517513 0.000917 0.518672 0.002069 0.517358
0.208860 0.161596 0.209646 0.162553 0.207749 0.161094
0.208860 0.161596 0.207749 0.161094 0.209404 0.161289
0.833783 0.266053 0.838056 0.267437 0.835225 0.267248
0.362491 0.027971 0.362940 0.029831 0.360277 0.027356
0.209646 0.162553 0.207883 0.161553 0.207749 0.161094
0.362940 0.029831 0.362779 0.031895 0.360277 0.027356
0.359073 0.022618 0.359006 0.022949 0.358848 0.022662
0.361392 0.023978 0.361113 0.026537 0.359735 0.025054
0.615212 0.886087 0.613365 0.880742 0.615392 0.876520
0.628317 0.885278 0.626563 0.885565 0.630010 0.883573
0.982602 0.787364 0.983468 0.782739 0.984841 0.789449
0.977191 0.786789 0.976063 0.789152 0.975298 0.784600
0.645036 0.880930 0.643710 0.880781 0.645445 0.877899
0.361113 0.026537 0.359603 0.027704 0.357492 0.024795
0.361113 0.026537 0.357492 0.024795 0.359824 0.025347
0.973732 0.792588 0.973172 0.792543 0.973138 0.791689
0.973732 0.792588 0.973138 0.791689 0.973804 0.790486
0.210198 0.161751 0.209404 0.161289 0.208735 0.159312
0.636115 0.885096 0.634832 0.881940 0.641348 0.880795
0.977481 0.780885 0.978170 0.779197 0.979396 0.779498
0.977191 0.786789 0.975298 0.784600 0.976391 0.782731
0.357520 0.020115 0.357823 0.021010 0.356657 0.022813
0.830921 0.264208 0.830710 0.263117 0.836360 0.265195
0.356598 0.018548 0.356789 0.019734 0.354563 0.017864
0.976063 0.789152 0.973637 0.786831 0.975298 0.784600
0.838056 0.267437 0.833783 0.266053 0.836360 0.265195
0.336626 0.146423 0.337555 0.145901 0.335366 0.149537
0.330612 0.137795 0.328957 0.138678 0.328113 0.137686
0.361113 0.026537 0.360186 0.027869 0.359603 0.027704
0.973172 0.792543 0.972908 0.792059 0.973138 0.791689
0.360277 0.027356 0.362779 0.031895 0.361870 0.032331
0.360277 0.027356 0.361870 0.032331 0.360917 0.030698
0.976063 0.789152 0.973544 0.789270 0.973637 0.786831
0.004172 0.519423 0.002358 0.521003 0.000917 0.518672
0.003203 0.518464 0.004172 0.519423 0.000917 0.518672
0.838056 0.267437 0.836905 0.268817 0.836180 0.268646
0.973138 0.791689 0.972758 0.791651 0.972956 0.790523
0.330612 0.137795 0.329273 0.140571 0.328647 0.139204
0.357958 0.022087 0.358080 0.023348 0.356657 0.022813
0.356789 0.019734 0.356657 0.022813 0.354563 0.017864
0.360277 0.027356 0.360917 0.030698 0.360265 0.030306
0.824448 0.259408 0.825041 0.257424 0.829742 0.260951
0.838056 0.267437 0.839482 0.268988 0.837759 0.268771
0.360917 0.030698 0.361870 0.032331 0.360510 0.032287
0.620205 0.884090 0.626177 0.877485 0.626563 0.885565
0.620205 0.884090 0.621258 0.879566 0.626177 0.877485
0.326253 0.135281 0.327103 0.136072 0.324436 0.134025
0.360056 0.031492 0.359878 0.031868 0.359882 0.031548
0.836905 0.268817 0.836387 0.269346 0.836407 0.269070
0.358654 0.024199 0.357492 0.024795 0.358080 0.023348
0.972260 0.791673 0.971614 0.789821 0.972369 0.790010
0.972260 0.791673 0.972369 0.790010 0.972956 0.790523
0.630010 0.883573 0.626563 0.885565 0.629023 0.879984
0.984841 0.789449 0.983468 0.782739 0.986246 0.788942
0.358080 0.023348 0.357492 0.024795 0.356657 0.022813
0.973544 0.789270 0.972369 0.790010 0.973637 0.786831
0.837759 0.268771 0.839482 0.268988 0.838251 0.269365
0.631174 0.883622 0.631149 0.882031 0.634832 0.881940
0.207433 0.161427 0.206351 0.160827 0.206948 0.160837
0.207749 0.161094 0.205264 0.158527 0.209404 0.161289
0.324879 0.129978 0.324436 0.134025 0.320939 0.132563
0.836360 0.265195 0.830710 0.263117 0.836371 0.263358
0.359836 0.030509 0.359189 0.030704 0.359562 0.029912
0.972369 0.790010 0.971614 0.789821 0.973637 0.786831
0.971845 0.782402 0.972505 0.784868 0.970216 0.788814
0.835634 0.270164 0.837105 0.269755 0.836567 0.270981
0.979396 0.779498 0.980796 0.776506 0.980980 0.780845
0.839482 0.268988 0.838056 0.267437 0.841615 0.268154
0.837105 0.269755 0.837828 0.270168 0.837378 0.270674
0.837105 0.269755 0.837378 0.270674 0.836567 0.270981
0.834959 0.270716 0.835170 0.270605 0.835577 0.271915
0.605471 0.880531 0.603720 0.884378 0.602192 0.878516
0.354563 0.017864 0.356657 0.022813 0.351441 0.021359
0.835170 0.270605 0.836567 0.270981 0.835577 0.271915
0.608874 0.882200 0.607039 0.877979 0.610923 0.880887
0.000917 0.518672 0.001408 0.517977 0.002069 0.517358
0.336626 0.146423 0.335366 0.149537 0.333391 0.147765
0.324879 0.129978 0.320939 0.132563 0.318684 0.128456
0.645445 0.877899 0.643710 0.880781 0.642850 0.879470
0.002323 0.516954 0.001275 0.517234 0.001453 0.516766
0.838905 0.269719 0.839482 0.268988 0.840994 0.270910
0.970216 0.788814 0.972505 0.784868 0.971614 0.789821
0.980980 0.780845 0.980796 0.776506 0.982328 0.776486
0.833985 0.271928 0.835577 0.271915 0.833530 0.272888
0.649624 0.880587 0.646217 0.877362 0.646710 0.874358
0.971614 0.789821 0.972505 0.784868 0.973637 0.786831
0.357492 0.024795 0.351441 0.021359 0.356657 0.022813
0.976391 0.782731 0.975298 0.784600 0.975547 0.781119
0.979396 0.779498 0.978170 0.779197 0.979123 0.774685
0.328113 0.137686 0.327972 0.139365 0.327355 0.138813
0.976391 0.782731 0.975547 0.781119 0.977481 0.780885
0.837926 0.270527 0.838265 0.272875 0.837797 0.270671
0.838056 0.267437 0.841479 0.266356 0.841615 0.268154
0.973637 0.786831 0.972505 0.784868 0.974006 0.781444
0.973637 0.786831 0.974006 0.781444 0.975298 0.784600
0.836567 0.270981 0.837086 0.271455 0.835577 0.271915
0.838615 0.270564 0.840994 0.270910 0.838265 0.272875
0.977481 0.780885 0.976527 0.779613 0.978170 0.779197
0.208735 0.159312 0.209404 0.161289 0.207351 0.158546
0.839482 0.268988 0.841615 0.268154 0.842597 0.269901
0.603720 0.884378 0.599450 0.881912 0.602192 0.878516
0.836360 0.265195 0.837988 0.264912 0.840601 0.264956
0.836360 0.265195 0.840601 0.264956 0.838056 0.267437
0.979396 0.779498 0.979123 0.774685 0.980796 0.776506
0.830710 0.263117 0.829742 0.260951 0.836371 0.263358
0.975298 0.784600 0.974006 0.781444 0.975547 0.781119
0.329273 0.140571 0.327759 0.139735 0.327972 0.139365
0.641348 0.880795 0.642850 0.879470 0.643710 0.880781
0.631174 0.883622 0.630010 0.883573 0.631149 0.882031
0.649624 0.880587 0.646710 0.874358 0.650130 0.877212
0.980980 0.780845 0.983020 0.780229 0.983468 0.782739
0.209404 0.161289 0.205264 0.158527 0.207351 0.158546
0.836360 0.265195 0.836371 0.263358 0.837293 0.264142
0.978170 0.779197 0.976239 0.779371 0.976501 0.778967
0.839482 0.268988 0.842597 0.269901 0.842704 0.271361
0.839482 0.268988 0.841817 0.270978 0.840994 0.270910
0.839482 0.268988 0.842704 0.271361 0.841817 0.270978
0.971845 0.782402 0.974006 0.781444 0.972505 0.784868
0.641348 0.880795 0.641683 0.878081 0.642850 0.879470
0.838056 0.267437 0.840601 0.264956 0.841479 0.266356
0.837086 0.271455 0.838265 0.272875 0.835577 0.271915
0.825041 0.257424 0.831686 0.257147 0.829742 0.260951
0.825041 0.257424 0.830772 0.253500 0.831686 0.257147
0.978170 0.779197 0.977181 0.778392 0.976930 0.778225
0.977481 0.780885 0.975547 0.781119 0.975722 0.780013
0.359603 0.027704 0.354158 0.027655 0.357492 0.024795
0.842597 0.269901 0.843008 0.270499 0.842704 0.271361
0.634832 0.881940 0.635767 0.878766 0.641348 0.880795
0.610923 0.880887 0.607039 0.877979 0.608951 0.874247
0.610923 0.880887 0.611822 0.873528 0.613365 0.880742
0.610923 0.880887 0.608951 0.874247 0.611822 0.873528
0.971845 0.782402 0.972581 0.779706 0.974006 0.781444
0.206351 0.160827 0.205238 0.160435 0.206323 0.160326
0.631149 0.882031 0.631821 0.880048 0.634832 0.881940
0.641348 0.880795 0.639805 0.878201 0.641683 0.878081
0.585118 0.891344 0.578871 0.890272 0.579781 0.884985
0.351441 0.021359 0.357492 0.024795 0.354158 0.027655
0.001408 0.517977 0.000917 0.518672 0.000150 0.517329
0.980980 0.780845 0.982328 0.776486 0.983020 0.780229
0.630010 0.883573 0.629023 0.879984 0.631149 0.882031
0.328113 0.137686 0.323632 0.139739 0.327103 0.136072
0.841817 0.270978 0.842704 0.271361 0.840994 0.270910
0.978170 0.779197 0.977740 0.776366 0.978444 0.775168
0.978170 0.779197 0.978444 0.775168 0.979123 0.774685
0.976239 0.779371 0.975882 0.778794 0.976268 0.778821
0.329273 0.140571 0.327307 0.141179 0.327251 0.140811
0.327103 0.136072 0.323632 0.139739 0.324436 0.134025
0.626563 0.885565 0.626177 0.877485 0.629023 0.879984
0.206323 0.160326 0.205238 0.160435 0.205253 0.159758
0.335366 0.149537 0.333172 0.151201 0.333391 0.147765
0.329273 0.140571 0.331766 0.145116 0.325775 0.146522
0.833530 0.272888 0.835577 0.271915 0.833614 0.278181
0.836371 0.263358 0.829742 0.260951 0.831686 0.257147
0.836371 0.263358 0.831686 0.257147 0.842313 0.260049
0.978170 0.779197 0.976869 0.777589 0.976807 0.777134
0.588093 0.887148 0.585118 0.891344 0.584780 0.882902
0.844104 0.270479 0.846939 0.270470 0.844206 0.271516
0.328113 0.137686 0.325822 0.139015 0.323632 0.139739
0.206471 0.160040 0.205253 0.159758 0.205264 0.158527
0.650463 0.875692 0.650130 0.877212 0.649900 0.873333
0.844820 0.269600 0.847409 0.269775 0.846939 0.270470
0.841615 0.268154 0.843923 0.267663 0.843797 0.268051
0.620205 0.884090 0.617445 0.882064 0.621258 0.879566
0.974006 0.781444 0.974815 0.779567 0.975547 0.781119
0.975547 0.781119 0.974815 0.779567 0.975232 0.779466
0.608874 0.882200 0.605471 0.880531 0.607039 0.877979
0.976063 0.778517 0.975882 0.778794 0.975916 0.778430
0.976807 0.777134 0.976359 0.777305 0.976482 0.777085
0.974006 0.781444 0.972581 0.779706 0.974075 0.779019
0.841479 0.266356 0.843581 0.267076 0.841615 0.268154
0.975388 0.779385 0.975232 0.779466 0.975137 0.779192
0.844214 0.268190 0.844427 0.267837 0.847409 0.269775
0.645445 0.877899 0.642850 0.879470 0.644387 0.875535
0.645445 0.877899 0.644387 0.875535 0.646217 0.877362
0.840994 0.270910 0.843091 0.272174 0.845181 0.273979
0.325822 0.139015 0.324984 0.140067 0.323632 0.139739
0.846939 0.270470 0.847094 0.272594 0.845181 0.273979
0.846939 0.270470 0.845181 0.273979 0.844544 0.272358
0.976482 0.777085 0.976359 0.777305 0.976135 0.777145
0.976482 0.777085 0.976297 0.777008 0.976639 0.776819
0.321753 0.123621 0.318684 0.128456 0.312204 0.125913
0.841479 0.266356 0.840601 0.264956 0.843581 0.267076
0.650130 0.877212 0.646710 0.874358 0.649247 0.874780
0.838759 0.264171 0.836371 0.263358 0.840601 0.264956
0.585118 0.891344 0.579781 0.884985 0.584780 0.882902
0.975749 0.777935 0.975445 0.778236 0.975273 0.777740
0.974877 0.778803 0.974596 0.777329 0.975147 0.778495
0.641348 0.880795 0.635767 0.878766 0.639805 0.878201
0.983020 0.780229 0.982328 0.776486 0.983332 0.776458
0.972581 0.779706 0.973602 0.776792 0.974107 0.778027
0.650130 0.877212 0.649247 0.874780 0.649900 0.873333
0.847409 0.269775 0.845177 0.267650 0.846626 0.267990
0.634832 0.881940 0.631821 0.880048 0.635767 0.878766
0.840994 0.270910 0.845181 0.273979 0.838265 0.272875
0.335366 0.149537 0.335037 0.151398 0.333172 0.151201
0.204270 0.161290 0.201942 0.160104 0.204779 0.160626
0.976692 0.775935 0.976062 0.775976 0.976242 0.775713
0.976692 0.775935 0.976242 0.775713 0.978444 0.775168
0.351441 0.021359 0.348830 0.019281 0.347778 0.016303
0.631149 0.882031 0.629023 0.879984 0.631821 0.880048
0.617445 0.882064 0.615392 0.876520 0.617372 0.870578
0.846939 0.270470 0.849968 0.272079 0.847094 0.272594
0.974107 0.778027 0.973602 0.776792 0.974596 0.777329
0.846939 0.270470 0.847409 0.269775 0.849968 0.272079
0.979123 0.774685 0.978444 0.775168 0.978352 0.771966
0.642850 0.879470 0.641683 0.878081 0.641728 0.876351
0.642850 0.879470 0.641728 0.876351 0.642898 0.874336
0.642850 0.879470 0.642898 0.874336 0.644387 0.875535
0.326132 0.140636 0.325741 0.141766 0.325766 0.143014
0.326132 0.140636 0.325127 0.141483 0.325480 0.140990
0.326132 0.140636 0.325766 0.143014 0.325127 0.141483
0.845177 0.267650 0.846106 0.267373 0.846626 0.267990
0.205264 0.158527 0.204866 0.155955 0.207351 0.158546
0.835577 0.271915 0.838265 0.272875 0.840070 0.279470
0.835577 0.271915 0.840070 0.279470 0.833614 0.278181
0.333391 0.147765 0.333172 0.151201 0.330743 0.152652
0.333391 0.147765 0.330743 0.152652 0.328462 0.153172
0.333391 0.147765 0.328462 0.153172 0.331766 0.145116
0.351441 0.021359 0.354158 0.027655 0.351266 0.025084
0.976062 0.775976 0.975870 0.775945 0.976242 0.775713
0.973602 0.776792 0.973535 0.776196 0.974337 0.776433
0.208735 0.159312 0.207351 0.158546 0.207570 0.156937
0.973535 0.776196 0.973989 0.775155 0.974337 0.776433
0.847094 0.272594 0.849968 0.272079 0.850034 0.274012
0.203009 0.161272 0.202349 0.161024 0.201942 0.160104
0.847409 0.269775 0.850445 0.269808 0.849968 0.272079
0.844557 0.266688 0.840601 0.264956 0.844578 0.264327
0.844557 0.266688 0.844578 0.264327 0.846325 0.266770
0.351441 0.021359 0.349183 0.023173 0.348784 0.020278
0.631821 0.880048 0.634418 0.877468 0.635767 0.878766
0.975340 0.776013 0.974856 0.775135 0.975538 0.775550
0.646710 0.874358 0.647887 0.873504 0.649247 0.874780
0.324984 0.140067 0.324243 0.142018 0.323632 0.139739
0.599450 0.881912 0.599547 0.878080 0.602192 0.878516
0.849968 0.272079 0.853028 0.272161 0.850034 0.274012
0.644387 0.875535 0.645592 0.874517 0.646217 0.877362
0.836371 0.263358 0.842313 0.260049 0.844578 0.264327
0.836371 0.263358 0.844578 0.264327 0.840601 0.264956
0.847409 0.269775 0.848177 0.268533 0.850930 0.268188
0.847409 0.269775 0.850930 0.268188 0.850445 0.269808
0.203987 0.159935 0.201942 0.160104 0.203636 0.159319
0.326438 0.142114 0.329273 0.140571 0.325766 0.143014
0.588093 0.887148 0.584780 0.882902 0.589432 0.883907
0.641683 0.878081 0.639805 0.878201 0.641728 0.876351
0.980796 0.776506 0.979123 0.774685 0.981302 0.772174
0.978444 0.775168 0.975798 0.774556 0.975978 0.774376
0.351441 0.021359 0.351266 0.025084 0.349183 0.023173
0.208735 0.159312 0.207570 0.156937 0.209550 0.158169
0.646217 0.877362 0.645925 0.874429 0.646710 0.874358
0.629023 0.879984 0.628542 0.875462 0.631426 0.874448
0.629023 0.879984 0.631426 0.874448 0.631821 0.880048
0.979123 0.774685 0.978352 0.771966 0.978237 0.770980
0.983062 0.774863 0.982328 0.776486 0.981302 0.772174
0.629023 0.879984 0.626177 0.877485 0.628542 0.875462
0.848177 0.268533 0.847847 0.266968 0.850930 0.268188
0.982328 0.776486 0.980796 0.776506 0.981302 0.772174
0.649247 0.874780 0.648376 0.872246 0.649049 0.872648
0.978444 0.775168 0.976629 0.773408 0.978352 0.771966
0.833614 0.278181 0.840070 0.279470 0.836805 0.279216
0.201942 0.160104 0.202349 0.161024 0.201997 0.160712
0.649247 0.874780 0.649636 0.872848 0.649900 0.873333
0.838265 0.272875 0.845181 0.273979 0.840070 0.279470
0.605471 0.880531 0.602192 0.878516 0.604920 0.872367
0.605471 0.880531 0.604920 0.872367 0.607039 0.877979
0.975360 0.774365 0.974666 0.774168 0.975786 0.773582
0.981302 0.772174 0.982533 0.772694 0.983175 0.773726
0.207351 0.158546 0.204866 0.155955 0.207570 0.156937
0.833614 0.278181 0.836805 0.279216 0.832512 0.280116
0.979123 0.774685 0.978237 0.770980 0.981302 0.772174
0.649900 0.873333 0.649493 0.871896 0.649981 0.871373
0.205264 0.158527 0.203760 0.158974 0.204546 0.156660
0.831686 0.257147 0.839426 0.256784 0.842313 0.260049
0.203636 0.159319 0.201942 0.160104 0.202344 0.157919
0.329273 0.140571 0.325775 0.146522 0.325766 0.143014
0.846325 0.266770 0.847847 0.266968 0.847721 0.267563
0.846325 0.266770 0.844578 0.264327 0.849044 0.263326
0.846325 0.266770 0.849044 0.263326 0.847847 0.266968
0.853028 0.272161 0.849968 0.272079 0.855144 0.270883
0.849968 0.272079 0.850445 0.269808 0.855144 0.270883
0.635767 0.878766 0.634418 0.877468 0.635158 0.874429
0.983175 0.773726 0.982533 0.772694 0.983060 0.772436
0.205264 0.158527 0.204546 0.156660 0.204866 0.155955
0.203760 0.158974 0.202344 0.157919 0.204546 0.156660
0.324942 0.141591 0.325766 0.143014 0.324243 0.142018
0.847094 0.272594 0.850034 0.274012 0.845181 0.273979
0.641728 0.876351 0.639805 0.878201 0.640575 0.875573
0.639805 0.878201 0.635767 0.878766 0.638999 0.875695
0.645558 0.873750 0.644276 0.873178 0.646710 0.874358
0.840070 0.279470 0.845181 0.273979 0.843821 0.279200
0.641728 0.876351 0.640575 0.875573 0.640894 0.874660
0.641728 0.876351 0.640894 0.874660 0.641286 0.874346
0.641728 0.876351 0.641286 0.874346 0.641931 0.874222
0.617445 0.882064 0.617372 0.870578 0.619430 0.874096
0.617445 0.882064 0.619430 0.874096 0.621258 0.879566
0.845181 0.273979 0.850034 0.274012 0.848425 0.278346
0.644939 0.873826 0.644387 0.875535 0.644276 0.873178
0.596348 0.883515 0.592227 0.882584 0.592888 0.875877
0.982533 0.772694 0.981302 0.772174 0.983060 0.772436
0.331766 0.145116 0.328462 0.153172 0.325775 0.146522
0.983060 0.772436 0.981302 0.772174 0.982708 0.771159
0.975208 0.772938 0.975538 0.771610 0.978352 0.771966
0.201942 0.160104 0.200463 0.157093 0.202344 0.157919
0.648376 0.872246 0.649201 0.870551 0.648591 0.871896
0.318684 0.128456 0.320939 0.132563 0.309701 0.131292
0.639805 0.878201 0.638999 0.875695 0.639593 0.875813
0.207570 0.156937 0.209211 0.157114 0.209634 0.157697
0.599450 0.881912 0.596348 0.883515 0.595680 0.878733
0.596348 0.883515 0.592888 0.875877 0.595680 0.878733
0.621258 0.879566 0.622038 0.871194 0.626177 0.877485
0.621258 0.879566 0.619430 0.874096 0.622038 0.871194
0.649981 0.871373 0.649278 0.871508 0.649201 0.870551
0.832512 0.280116 0.835617 0.282355 0.830789 0.281935
0.207570 0.156937 0.204866 0.155955 0.205896 0.155101
0.845181 0.273979 0.848425 0.278346 0.843821 0.279200
0.201942 0.160104 0.200899 0.160147 0.199264 0.160005
0.635767 0.878766 0.635158 0.874429 0.638999 0.875695
0.853028 0.272161 0.855144 0.270883 0.856469 0.272911
0.981302 0.772174 0.981965 0.770725 0.982708 0.771159
0.589432 0.883907 0.586657 0.875347 0.592227 0.882584
0.212460 0.146861 0.210552 0.150495 0.208820 0.147454
0.646710 0.874358 0.649201 0.870551 0.647273 0.872170
0.978237 0.770980 0.981547 0.771415 0.981302 0.772174
0.844578 0.264327 0.842313 0.260049 0.849044 0.263326
0.324432 0.134023 0.323632 0.139739 0.318967 0.143581
0.631821 0.880048 0.631426 0.874448 0.634418 0.877468
0.832512 0.280116 0.836805 0.279216 0.835617 0.282355
0.847847 0.266968 0.849044 0.263326 0.850930 0.268188
0.850445 0.269808 0.850930 0.268188 0.855746 0.268889
0.850445 0.269808 0.855746 0.268889 0.855144 0.270883
0.644387 0.875535 0.643053 0.873200 0.643244 0.873078
0.644387 0.875535 0.643493 0.873038 0.644276 0.873178
0.644276 0.873178 0.643688 0.869596 0.646710 0.874358
0.976041 0.771506 0.975668 0.771103 0.978352 0.771966
0.640894 0.874660 0.640610 0.874315 0.641286 0.874346
0.333172 0.151201 0.332706 0.153741 0.330743 0.152652
0.982708 0.771159 0.981965 0.770725 0.982563 0.770668
0.209211 0.157114 0.207570 0.156937 0.209308 0.155723
0.830789 0.281935 0.835617 0.282355 0.831799 0.282586
0.978237 0.770980 0.978352 0.771966 0.976850 0.770042
0.599530 0.877548 0.596294 0.872916 0.602192 0.878516
0.836805 0.279216 0.840070 0.279470 0.840944 0.283973
0.836805 0.279216 0.840944 0.283973 0.835617 0.282355
0.592227 0.882584 0.590290 0.874301 0.592888 0.875877
0.207570 0.156937 0.205896 0.155101 0.207318 0.153408
0.602192 0.878516 0.596294 0.872916 0.600670 0.873326
0.324243 0.142018 0.325766 0.143014 0.322376 0.146958
0.207570 0.156937 0.207318 0.153408 0.208897 0.155001
0.207570 0.156937 0.208897 0.155001 0.209308 0.155723
0.843821 0.279200 0.845731 0.280211 0.840070 0.279470
0.642798 0.873089 0.642461 0.872974 0.641781 0.872291
0.642798 0.873089 0.641781 0.872291 0.642978 0.872944
0.599450 0.881912 0.596110 0.877873 0.596520 0.877485
0.646710 0.874358 0.643688 0.869596 0.649201 0.870551
0.599450 0.881912 0.596520 0.877485 0.597869 0.877449
0.643159 0.872875 0.641781 0.872291 0.644276 0.873178
0.978237 0.770980 0.977363 0.769339 0.977749 0.769161
0.607039 0.877979 0.604920 0.872367 0.608951 0.874247
0.840070 0.279470 0.841294 0.281745 0.840944 0.283973
0.613365 0.880742 0.611822 0.873528 0.615057 0.867581
0.613365 0.880742 0.615057 0.867581 0.615392 0.876520
0.853028 0.272161 0.851448 0.279220 0.850034 0.274012
0.210552 0.150495 0.209771 0.151477 0.207262 0.151867
0.210552 0.150495 0.207262 0.151867 0.207719 0.148666
0.210552 0.150495 0.207719 0.148666 0.208820 0.147454
0.644276 0.873178 0.641781 0.872291 0.643688 0.869596
0.843821 0.279200 0.848425 0.278346 0.845731 0.280211
0.978237 0.770980 0.980739 0.769224 0.981012 0.769624
0.597869 0.877449 0.596520 0.877485 0.597431 0.876826
0.830772 0.253500 0.839426 0.256784 0.831686 0.257147
0.853028 0.272161 0.856469 0.272911 0.855527 0.279896
0.856469 0.272911 0.855144 0.270883 0.857811 0.271682
0.840070 0.279470 0.845731 0.280211 0.841294 0.281745
0.201942 0.160104 0.199264 0.160005 0.200463 0.157093
0.204546 0.156660 0.202648 0.154802 0.204866 0.155955
0.596110 0.877873 0.596203 0.877444 0.596520 0.877485
0.595498 0.878058 0.592888 0.875877 0.592432 0.872595
0.595498 0.878058 0.592432 0.872595 0.596036 0.877219
0.856469 0.272911 0.857811 0.271682 0.858307 0.272386
0.848425 0.278346 0.850034 0.274012 0.851448 0.279220
0.324243 0.142018 0.320697 0.145093 0.323632 0.139739
0.848425 0.278346 0.849674 0.280327 0.845731 0.280211
0.325766 0.143014 0.325775 0.146522 0.322376 0.146958
0.835617 0.282355 0.834456 0.283401 0.831799 0.282586
0.640001 0.873801 0.638999 0.875695 0.640058 0.873352
0.323632 0.139739 0.320697 0.145093 0.318967 0.143581
0.850930 0.268188 0.849044 0.263326 0.855060 0.264128
0.204866 0.155955 0.204393 0.153778 0.205896 0.155101
0.649795 0.868922 0.649201 0.870551 0.647334 0.865148
0.649201 0.870551 0.643688 0.869596 0.647334 0.865148
0.634418 0.877468 0.631426 0.874448 0.632673 0.872295
0.634418 0.877468 0.632673 0.872295 0.635158 0.874429
0.981521 0.769437 0.981376 0.768938 0.981704 0.769124
0.202344 0.157919 0.200463 0.157093 0.201008 0.154474
0.853028 0.272161 0.855527 0.279896 0.851448 0.279220
0.202344 0.157919 0.201008 0.154474 0.204546 0.156660
0.855144 0.270883 0.855746 0.268889 0.857811 0.271682
0.602192 0.878516 0.600670 0.873326 0.604920 0.872367
0.324243 0.142018 0.322376 0.146958 0.320697 0.145093
0.641317 0.872916 0.641070 0.872729 0.641781 0.872291
0.638999 0.875695 0.635158 0.874429 0.637636 0.869384
0.204546 0.156660 0.201008 0.154474 0.202648 0.154802
0.204866 0.155955 0.204068 0.153615 0.204393 0.153778
0.204866 0.155955 0.203166 0.154168 0.203389 0.153577
0.204866 0.155955 0.203389 0.153577 0.204068 0.153615
0.205896 0.155101 0.206380 0.153831 0.207318 0.153408
0.848425 0.278346 0.851448 0.279220 0.849674 0.280327
0.845731 0.280211 0.849674 0.280327 0.846878 0.281833
0.598117 0.876520 0.596725 0.876450 0.596294 0.872916
0.181686 0.921140 0.182215 0.922692 0.181465 0.924695
0.200463 0.157093 0.199264 0.160005 0.198650 0.157357
0.204068 0.153615 0.203913 0.152981 0.204312 0.153396
0.324432 0.134023 0.313573 0.139999 0.320939 0.132563
0.640365 0.872686 0.638999 0.875695 0.640794 0.868830
0.640365 0.872686 0.640794 0.868830 0.641781 0.872291
0.209771 0.151477 0.209809 0.153586 0.208998 0.153459
0.209771 0.151477 0.208998 0.153459 0.207262 0.151867
0.830772 0.253500 0.833743 0.250464 0.839426 0.256784
0.855746 0.268889 0.850930 0.268188 0.857112 0.264107
0.845731 0.280211 0.846878 0.281833 0.841294 0.281745
0.207719 0.148666 0.206019 0.147986 0.208820 0.147454
0.318684 0.128456 0.309701 0.131292 0.312204 0.125913
0.850930 0.268188 0.855060 0.264128 0.857112 0.264107
0.638999 0.875695 0.637636 0.869384 0.640794 0.868830
0.596725 0.876450 0.592432 0.872595 0.596294 0.872916
0.208820 0.147454 0.206019 0.147986 0.206381 0.145055
0.208820 0.147454 0.206381 0.145055 0.209522 0.143694
0.181686 0.921140 0.181465 0.924695 0.178077 0.924563
0.207262 0.151867 0.205359 0.149604 0.207719 0.148666
0.643688 0.869596 0.643617 0.865188 0.647334 0.865148
0.204640 0.152771 0.204176 0.152662 0.204872 0.152398
0.199264 0.160005 0.197491 0.158538 0.198650 0.157357
0.584780 0.882902 0.578960 0.875648 0.583952 0.873785
0.204176 0.152662 0.203352 0.152075 0.204236 0.151608
0.328462 0.153172 0.325454 0.156660 0.325775 0.146522
0.579781 0.884985 0.578960 0.875648 0.584780 0.882902
0.182215 0.922692 0.184511 0.922685 0.184556 0.926231
0.851448 0.279220 0.855527 0.279896 0.851825 0.280585
0.641781 0.872291 0.640794 0.868830 0.643688 0.869596
0.182215 0.922692 0.183348 0.926449 0.181465 0.924695
0.855527 0.279896 0.856469 0.272911 0.857419 0.279610
0.207262 0.151867 0.208998 0.153459 0.207318 0.153408
0.201008 0.154474 0.200463 0.157093 0.197862 0.153249
0.135994 0.877218 0.132678 0.870724 0.137888 0.871065
0.205428 0.152503 0.205184 0.151995 0.207318 0.153408
0.207262 0.151867 0.207318 0.153408 0.205359 0.149604
0.842313 0.260049 0.839426 0.256784 0.850560 0.258495
0.842313 0.260049 0.850560 0.258495 0.849044 0.263326
0.184511 0.922685 0.186347 0.924731 0.184556 0.926231
0.203352 0.152075 0.203431 0.150884 0.204236 0.151608
0.203352 0.152075 0.201210 0.149108 0.203431 0.150884
0.855746 0.268889 0.859605 0.268743 0.859587 0.270197
0.592227 0.882584 0.586657 0.875347 0.590290 0.874301
0.589432 0.883907 0.584780 0.882902 0.586657 0.875347
0.851448 0.279220 0.848828 0.282899 0.849674 0.280327
0.851448 0.279220 0.851825 0.280585 0.848828 0.282899
0.330743 0.152652 0.329564 0.156246 0.328462 0.153172
0.204236 0.151608 0.204014 0.150323 0.205359 0.149604
0.182215 0.922692 0.184556 0.926231 0.183348 0.926449
0.201587 0.153724 0.201008 0.154474 0.201434 0.153044
0.855746 0.268889 0.860625 0.266431 0.859605 0.268743
0.849674 0.280327 0.848828 0.282899 0.846878 0.281833
0.207719 0.148666 0.205359 0.149604 0.206019 0.147986
0.841294 0.281745 0.842041 0.283378 0.840944 0.283973
0.849044 0.263326 0.853625 0.261204 0.855060 0.264128
0.619430 0.874096 0.621819 0.863987 0.622038 0.871194
0.184511 0.922685 0.185518 0.921695 0.186347 0.924731
0.626177 0.877485 0.622038 0.871194 0.626331 0.867003
0.626177 0.877485 0.626331 0.867003 0.628542 0.875462
0.841294 0.281745 0.846878 0.281833 0.842609 0.283465
0.584780 0.882902 0.583952 0.873785 0.586657 0.875347
0.846878 0.281833 0.848828 0.282899 0.847682 0.283410
0.324432 0.134023 0.318967 0.143581 0.313573 0.139999
0.207318 0.153408 0.205789 0.151695 0.205359 0.149604
0.611822 0.873528 0.608951 0.874247 0.609413 0.868654
0.196775 0.159341 0.196888 0.158597 0.196831 0.159170
0.835617 0.282355 0.840944 0.283973 0.839671 0.285837
0.835617 0.282355 0.839671 0.285837 0.837180 0.284968
0.200463 0.157093 0.198650 0.157357 0.197862 0.153249
0.201755 0.152561 0.201008 0.154474 0.201210 0.149108
0.615057 0.867581 0.617372 0.870578 0.615392 0.876520
0.842609 0.283465 0.846878 0.281833 0.847682 0.283410
0.842609 0.283465 0.847682 0.283410 0.840944 0.283973
0.839426 0.256784 0.845153 0.254663 0.850560 0.258495
0.855527 0.279896 0.856138 0.281837 0.851825 0.280585
0.855746 0.268889 0.857112 0.264107 0.860625 0.266431
0.849044 0.263326 0.850560 0.258495 0.853625 0.261204
0.635158 0.874429 0.632673 0.872295 0.637636 0.869384
0.619430 0.874096 0.617372 0.870578 0.621819 0.863987
0.325775 0.146522 0.325454 0.156660 0.319352 0.155743
0.839426 0.256784 0.833743 0.250464 0.840127 0.252280
0.203272 0.149982 0.203056 0.148403 0.205359 0.149604
0.196774 0.160235 0.194010 0.162312 0.194595 0.159784
0.001029 0.708818 0.001371 0.708631 0.001208 0.708881
0.195577 0.159437 0.196774 0.160235 0.194595 0.159784
0.195577 0.159437 0.194595 0.159784 0.196888 0.158597
0.847682 0.283410 0.846072 0.285873 0.840944 0.283973
0.632673 0.872295 0.633480 0.866499 0.637636 0.869384
0.201008 0.154474 0.198695 0.146826 0.201210 0.149108
0.851825 0.280585 0.854846 0.282873 0.852610 0.283838
0.855527 0.279896 0.857419 0.279610 0.856138 0.281837
0.205359 0.149604 0.203056 0.148403 0.203636 0.148428
0.197491 0.158538 0.196888 0.158597 0.195144 0.155822
0.848828 0.282899 0.851825 0.280585 0.852610 0.283838
0.318967 0.143581 0.312812 0.148878 0.313573 0.139999
0.851825 0.280585 0.856138 0.281837 0.854846 0.282873
0.202512 0.149667 0.201210 0.149108 0.203056 0.148403
0.206019 0.147986 0.204969 0.146484 0.206381 0.145055
0.001930 0.708437 0.002920 0.708639 0.002247 0.709060
0.184556 0.926231 0.186769 0.928235 0.183348 0.926449
0.205359 0.149604 0.204790 0.148519 0.206019 0.147986
0.183348 0.926449 0.186769 0.928235 0.184439 0.928934
0.183348 0.926449 0.184439 0.928934 0.182160 0.927671
0.186347 0.924731 0.185518 0.921695 0.188041 0.925070
0.196888 0.158597 0.194595 0.159784 0.195144 0.155822
0.197491 0.158538 0.195144 0.155822 0.198650 0.157357
0.322376 0.146958 0.318967 0.143581 0.320697 0.145093
0.551389 0.988992 0.553016 0.989090 0.551891 0.989753
0.206019 0.147986 0.204731 0.147850 0.204969 0.146484
0.194595 0.159784 0.192438 0.161047 0.193202 0.159273
0.194595 0.159784 0.193202 0.159273 0.195144 0.155822
0.183348 0.926449 0.181837 0.927886 0.181465 0.924695
0.001148 0.709948 0.001596 0.709853 0.001857 0.710205
0.859605 0.268743 0.860625 0.266431 0.861917 0.266371
0.185518 0.921695 0.192376 0.925061 0.188041 0.925070
0.178077 0.924563 0.181465 0.924695 0.178584 0.927106
0.604920 0.872367 0.600670 0.873326 0.601776 0.866723
0.839426 0.256784 0.840127 0.252280 0.845153 0.254663
0.002247 0.709060 0.002920 0.708639 0.002780 0.709572
0.840944 0.283973 0.846072 0.285873 0.842218 0.288087
0.840944 0.283973 0.842218 0.288087 0.839671 0.285837
0.551664 0.986905 0.551945 0.986405 0.552132 0.986786
0.637636 0.869384 0.633480 0.866499 0.635694 0.865075
0.203674 0.147803 0.203056 0.148403 0.202941 0.145594
0.184556 0.926231 0.186347 0.924731 0.188251 0.928419
0.184556 0.926231 0.188251 0.928419 0.186769 0.928235
0.206381 0.145055 0.204969 0.146484 0.204414 0.142675
0.551879 0.987338 0.552132 0.986786 0.553016 0.989090
0.002920 0.708639 0.004105 0.709122 0.002780 0.709572
0.628542 0.875462 0.629113 0.868238 0.631426 0.874448
0.551891 0.989753 0.553016 0.989090 0.553089 0.991136
0.203989 0.147401 0.202941 0.145594 0.204969 0.146484
0.001865 0.709909 0.002469 0.710051 0.001857 0.710205
0.181465 0.924695 0.180959 0.928330 0.180662 0.928325
0.181465 0.924695 0.180662 0.928325 0.178584 0.927106
0.626331 0.867003 0.629113 0.868238 0.628542 0.875462
0.604920 0.872367 0.606455 0.861598 0.608951 0.874247
0.178584 0.927106 0.176184 0.927244 0.178077 0.924563
0.857419 0.279610 0.857632 0.281830 0.856138 0.281837
0.198650 0.157357 0.195144 0.155822 0.197862 0.153249
0.592888 0.875877 0.590290 0.874301 0.592432 0.872595
0.551891 0.989753 0.553089 0.991136 0.552861 0.991394
0.002920 0.708639 0.006322 0.708887 0.004559 0.708530
0.551891 0.989753 0.552861 0.991394 0.552116 0.991320
0.586657 0.875347 0.587626 0.872297 0.590290 0.874301
0.847682 0.283410 0.848828 0.282899 0.850241 0.285602
0.325775 0.146522 0.319352 0.155743 0.322376 0.146958
0.856138 0.281837 0.857386 0.282333 0.858453 0.283969
0.856138 0.281837 0.858453 0.283969 0.854846 0.282873
0.848828 0.282899 0.852610 0.283838 0.850241 0.285602
0.186347 0.924731 0.188041 0.925070 0.190263 0.930529
0.643688 0.869596 0.640794 0.868830 0.643617 0.865188
0.203056 0.148403 0.201303 0.142516 0.202941 0.145594
0.847682 0.283410 0.850241 0.285602 0.846072 0.285873
0.839671 0.285837 0.842218 0.288087 0.840094 0.287178
0.631426 0.874448 0.629113 0.868238 0.631492 0.866467
0.184439 0.928934 0.186769 0.928235 0.186345 0.929686
0.854846 0.282873 0.855516 0.284811 0.852610 0.283838
0.608951 0.874247 0.606455 0.861598 0.609413 0.868654
0.553016 0.989090 0.552739 0.987038 0.553920 0.987043
0.186347 0.924731 0.190263 0.930529 0.188251 0.928419
0.320939 0.132563 0.313573 0.139999 0.309701 0.131292
0.309701 0.131292 0.313573 0.139999 0.306737 0.139660
0.184439 0.928934 0.184862 0.931747 0.182543 0.931622
0.579781 0.884985 0.573938 0.874912 0.578960 0.875648
0.186769 0.928235 0.188251 0.928419 0.187412 0.929402
0.860625 0.266431 0.857112 0.264107 0.860469 0.262700
0.197862 0.153249 0.195144 0.155822 0.195460 0.154279
0.198695 0.146826 0.201008 0.154474 0.195064 0.145737
0.631426 0.874448 0.631492 0.866467 0.632673 0.872295
0.855060 0.264128 0.856941 0.261606 0.857112 0.264107
0.611822 0.873528 0.609413 0.868654 0.612770 0.865439
0.855060 0.264128 0.853625 0.261204 0.856941 0.261606
0.203056 0.148403 0.201210 0.149108 0.201303 0.142516
0.632673 0.872295 0.631492 0.866467 0.633480 0.866499
0.611822 0.873528 0.612770 0.865439 0.615057 0.867581
0.003160 0.709933 0.003941 0.709678 0.004578 0.710756
0.193202 0.159273 0.192336 0.157426 0.195144 0.155822
0.180988 0.928535 0.181383 0.929197 0.181075 0.929515
0.184439 0.928934 0.186143 0.931133 0.184862 0.931747
0.184439 0.928934 0.182543 0.931622 0.181895 0.928874
0.002441 0.710879 0.002648 0.710559 0.002770 0.711084
0.002648 0.710559 0.004578 0.710756 0.002770 0.711084
0.861917 0.266371 0.860625 0.266431 0.863150 0.264366
0.328462 0.153172 0.326721 0.158046 0.325454 0.156660
0.854846 0.282873 0.858453 0.283969 0.855516 0.284811
0.640794 0.868830 0.637636 0.869384 0.639107 0.864592
0.857112 0.264107 0.856941 0.261606 0.860469 0.262700
0.852610 0.283838 0.852453 0.286564 0.850241 0.285602
0.181785 0.929048 0.182543 0.931622 0.181383 0.929197
0.178584 0.927106 0.180335 0.929208 0.178964 0.929127
0.194595 0.159784 0.190815 0.164090 0.189150 0.163385
0.194595 0.159784 0.189150 0.163385 0.192438 0.161047
0.850241 0.285602 0.850746 0.288003 0.846072 0.285873
0.204969 0.146484 0.202941 0.145594 0.204414 0.142675
0.192438 0.161047 0.190431 0.159219 0.193202 0.159273
0.579781 0.884985 0.570745 0.881349 0.573938 0.874912
0.181383 0.929197 0.182543 0.931622 0.181075 0.929515
0.640794 0.868830 0.639107 0.864592 0.643617 0.865188
0.860625 0.266431 0.860469 0.262700 0.863150 0.264366
0.202941 0.145594 0.203940 0.142367 0.204414 0.142675
0.852610 0.283838 0.855516 0.284811 0.852453 0.286564
0.858158 0.283335 0.858828 0.285748 0.858453 0.283969
0.853625 0.261204 0.850560 0.258495 0.855072 0.255388
0.202941 0.145594 0.201303 0.142516 0.203940 0.142367
0.309701 0.131292 0.306737 0.139660 0.300460 0.134402
0.553089 0.991136 0.553016 0.989090 0.555703 0.989934
0.188041 0.925070 0.192376 0.925061 0.190263 0.930529
0.180335 0.929208 0.180734 0.929951 0.178964 0.929127
0.201210 0.149108 0.198695 0.146826 0.199345 0.143958
0.201210 0.149108 0.199345 0.143958 0.201303 0.142516
0.178584 0.927106 0.178964 0.929127 0.176184 0.927244
0.193202 0.159273 0.190431 0.159219 0.192336 0.157426
0.197862 0.153249 0.195460 0.154279 0.195044 0.152235
0.197862 0.153249 0.194960 0.148193 0.201008 0.154474
0.197862 0.153249 0.195044 0.152235 0.194960 0.148193
0.840127 0.252280 0.848507 0.249300 0.845153 0.254663
0.600670 0.873326 0.596294 0.872916 0.593298 0.865144
0.006472 0.707812 0.007849 0.707195 0.008075 0.707650
0.554424 0.991917 0.553089 0.991136 0.555658 0.993133
0.195144 0.155822 0.193845 0.154716 0.194609 0.154591
0.005827 0.708572 0.008075 0.707650 0.006322 0.708887
0.176184 0.927244 0.178964 0.929127 0.175881 0.927999
0.855516 0.284811 0.858453 0.283969 0.857373 0.284983
0.553016 0.989090 0.553920 0.987043 0.555703 0.989934
0.850241 0.285602 0.852453 0.286564 0.850746 0.288003
0.201008 0.154474 0.194960 0.148193 0.195064 0.145737
0.180734 0.929951 0.182543 0.931622 0.178964 0.929127
0.004617 0.710024 0.006322 0.708887 0.007796 0.710346
0.004617 0.710024 0.007796 0.710346 0.004578 0.710756
0.195144 0.155822 0.192336 0.157426 0.192898 0.155581
0.833743 0.250464 0.834897 0.239612 0.840127 0.252280
0.553089 0.991136 0.555703 0.989934 0.556004 0.991858
0.553089 0.991136 0.556004 0.991858 0.555658 0.993133
0.187072 0.931417 0.188160 0.932014 0.189455 0.933892
0.187072 0.931417 0.189455 0.933892 0.184862 0.931747
0.190263 0.930529 0.192376 0.925061 0.191834 0.927608
0.188147 0.930669 0.188251 0.928419 0.188497 0.931137
0.175881 0.927999 0.178964 0.929127 0.176523 0.929776
0.852453 0.286564 0.855516 0.284811 0.855323 0.286400
0.194644 0.154386 0.193500 0.153933 0.193347 0.153461
0.325454 0.156660 0.321904 0.160946 0.319352 0.155743
0.312812 0.148878 0.308848 0.145744 0.313573 0.139999
0.845153 0.254663 0.852461 0.250982 0.850560 0.258495
0.178964 0.929127 0.182543 0.931622 0.179530 0.931026
0.192438 0.161047 0.189150 0.163385 0.190431 0.159219
0.622038 0.871194 0.621819 0.863987 0.626331 0.867003
0.637636 0.869384 0.635694 0.865075 0.639107 0.864592
0.192336 0.157426 0.192005 0.153772 0.192898 0.155581
0.192336 0.157426 0.190431 0.159219 0.192005 0.153772
0.194943 0.153792 0.194360 0.153600 0.195044 0.152235
0.858453 0.283969 0.858828 0.285748 0.857373 0.284983
0.846072 0.285873 0.850746 0.288003 0.847566 0.289563
0.604920 0.872367 0.601776 0.866723 0.605517 0.864255
0.855516 0.284811 0.857373 0.284983 0.855323 0.286400
0.188251 0.928419 0.190263 0.930529 0.188899 0.930660
0.617372 0.870578 0.615057 0.867581 0.617894 0.863774
0.629113 0.868238 0.626331 0.867003 0.628434 0.864441
0.850746 0.288003 0.849452 0.290188 0.847566 0.289563
0.617372 0.870578 0.617894 0.863774 0.621819 0.863987
0.190263 0.930529 0.191834 0.927608 0.192505 0.928950
0.194360 0.153600 0.193347 0.153461 0.195044 0.152235
0.857373 0.284983 0.857392 0.286209 0.857117 0.286362
0.606455 0.861598 0.604920 0.872367 0.605517 0.864255
0.846072 0.285873 0.847566 0.289563 0.842218 0.288087
0.188774 0.931940 0.189951 0.933751 0.189455 0.933892
0.852453 0.286564 0.855323 0.286400 0.850746 0.288003
0.192742 0.154563 0.192005 0.153772 0.192324 0.154287
0.189067 0.931314 0.190263 0.930529 0.189951 0.933751
0.856941 0.261606 0.859802 0.259105 0.860469 0.262700
0.570745 0.881349 0.567800 0.878247 0.573938 0.874912
0.178964 0.929127 0.179530 0.931026 0.176523 0.929776
0.643617 0.865188 0.639107 0.864592 0.642743 0.861969
0.647334 0.865148 0.645421 0.859866 0.646759 0.862229
0.647334 0.865148 0.642743 0.861969 0.645421 0.859866
0.067768 0.422548 0.064308 0.425944 0.066587 0.419687
0.857373 0.284983 0.856670 0.286663 0.855323 0.286400
0.008075 0.707650 0.009506 0.708518 0.006322 0.708887
0.612770 0.865439 0.609413 0.868654 0.608183 0.860569
0.850560 0.258495 0.852461 0.250982 0.855072 0.255388
0.853625 0.261204 0.855072 0.255388 0.856941 0.261606
0.629113 0.868238 0.628434 0.864441 0.630439 0.863168
0.629113 0.868238 0.630439 0.863168 0.631492 0.866467
0.586657 0.875347 0.583952 0.873785 0.584995 0.868091
0.586657 0.875347 0.584995 0.868091 0.587626 0.872297
0.556004 0.991858 0.557978 0.993803 0.555658 0.993133
0.555928 0.994455 0.555658 0.993133 0.557345 0.995081
0.553920 0.987043 0.555475 0.986847 0.555703 0.989934
0.192376 0.925061 0.192043 0.926681 0.191834 0.927608
0.195044 0.152235 0.193884 0.152480 0.192013 0.151483
0.306737 0.139660 0.301242 0.136601 0.300460 0.134402
0.006322 0.708887 0.009506 0.708518 0.007796 0.710346
0.857373 0.284983 0.858828 0.285748 0.857939 0.286445
0.615057 0.867581 0.612770 0.865439 0.617894 0.863774
0.855323 0.286400 0.856771 0.287580 0.855322 0.289323
0.600670 0.873326 0.593298 0.865144 0.601776 0.866723
0.182543 0.931622 0.181097 0.933397 0.179530 0.931026
0.855323 0.286400 0.855322 0.289323 0.850746 0.288003
0.009569 0.707535 0.009506 0.708518 0.008075 0.707650
0.009569 0.707535 0.010354 0.707786 0.009506 0.708518
0.842218 0.288087 0.847566 0.289563 0.847185 0.292731
0.198695 0.146826 0.195064 0.145737 0.195372 0.141556
0.198695 0.146826 0.195372 0.141556 0.199345 0.143958
0.007796 0.710346 0.006364 0.711805 0.004578 0.710756
0.639107 0.864592 0.639145 0.861645 0.642743 0.861969
0.555658 0.993133 0.557978 0.993803 0.557345 0.995081
0.857951 0.286801 0.858828 0.285748 0.858136 0.287996
0.857951 0.286801 0.858136 0.287996 0.857574 0.287082
0.842218 0.288087 0.847185 0.292731 0.841744 0.290086
0.556004 0.991858 0.555703 0.989934 0.559478 0.992441
0.860469 0.262700 0.859802 0.259105 0.863150 0.264366
0.189150 0.163385 0.186414 0.162688 0.190431 0.159219
0.192502 0.923122 0.194651 0.924717 0.192376 0.925061
0.067768 0.422548 0.068181 0.426252 0.064546 0.430085
0.067768 0.422548 0.064546 0.430085 0.064308 0.425944
0.856941 0.261606 0.855072 0.255388 0.859802 0.259105
0.643617 0.865188 0.642743 0.861969 0.647334 0.865148
0.863150 0.264366 0.859802 0.259105 0.864515 0.260029
0.190431 0.159219 0.186414 0.162688 0.185515 0.159054
0.633480 0.866499 0.631492 0.866467 0.635694 0.865075
0.313573 0.139999 0.308848 0.145744 0.306737 0.139660
0.066402 0.407674 0.065044 0.409710 0.064900 0.408677
0.555475 0.986847 0.556582 0.987641 0.557902 0.989922
0.555475 0.986847 0.557902 0.989922 0.555703 0.989934
0.179530 0.931026 0.179466 0.933116 0.178693 0.932599
0.858828 0.285748 0.858719 0.287588 0.858136 0.287996
0.621819 0.863987 0.617894 0.863774 0.619359 0.860443
0.596294 0.872916 0.592432 0.872595 0.590027 0.866914
0.555703 0.989934 0.557902 0.989922 0.559478 0.992441
0.190431 0.159219 0.185515 0.159054 0.192005 0.153772
0.065044 0.409710 0.064955 0.412254 0.064330 0.412654
0.845153 0.254663 0.848507 0.249300 0.852461 0.250982
0.840127 0.252280 0.834897 0.239612 0.842419 0.244751
0.192956 0.152496 0.192005 0.153772 0.192013 0.151483
0.590290 0.874301 0.587626 0.872297 0.587353 0.866772
0.590290 0.874301 0.587353 0.866772 0.592432 0.872595
0.009506 0.708518 0.010354 0.707786 0.011403 0.708941
0.009506 0.708518 0.011403 0.708941 0.010107 0.710472
0.009506 0.708518 0.010107 0.710472 0.007796 0.710346
0.192592 0.926070 0.192376 0.925061 0.193283 0.926147
0.850746 0.288003 0.851797 0.291321 0.849452 0.290188
0.192005 0.153772 0.185515 0.159054 0.190132 0.153853
0.592432 0.872595 0.587353 0.866772 0.590027 0.866914
0.596294 0.872916 0.590027 0.866914 0.593298 0.865144
0.556004 0.991858 0.559478 0.992441 0.557978 0.993803
0.858136 0.287996 0.858719 0.287588 0.859804 0.290969
0.195044 0.152235 0.192013 0.151483 0.191955 0.145495
0.195044 0.152235 0.191955 0.145495 0.194960 0.148193
0.192576 0.927094 0.193569 0.926434 0.192812 0.928274
0.852461 0.250982 0.853413 0.252194 0.855072 0.255388
0.863150 0.264366 0.864515 0.260029 0.865816 0.261396
0.855322 0.289323 0.851797 0.291321 0.850746 0.288003
0.583952 0.873785 0.578960 0.875648 0.581433 0.870756
0.199345 0.143958 0.195372 0.141556 0.196359 0.138773
0.557345 0.995081 0.559264 0.996576 0.557794 0.997667
0.007796 0.710346 0.008234 0.711700 0.006712 0.711881
0.189951 0.933751 0.189795 0.935856 0.189455 0.933892
0.557369 0.987332 0.558905 0.988266 0.557902 0.989922
0.192505 0.928950 0.192136 0.933672 0.190263 0.930529
0.065044 0.409710 0.064465 0.409728 0.064900 0.408677
0.847566 0.289563 0.849452 0.290188 0.850003 0.293362
0.189150 0.163385 0.182770 0.165217 0.186414 0.162688
0.631492 0.866467 0.631752 0.862450 0.635694 0.865075
0.189951 0.933751 0.190753 0.934349 0.189795 0.935856
0.639107 0.864592 0.635694 0.865075 0.634725 0.861561
0.857402 0.288554 0.858136 0.287996 0.858396 0.290521
0.857402 0.288554 0.858396 0.290521 0.855322 0.289323
0.631492 0.866467 0.630439 0.863168 0.631752 0.862450
0.190263 0.930529 0.192136 0.933672 0.189951 0.933751
0.557978 0.993803 0.559264 0.996576 0.557345 0.995081
0.007796 0.710346 0.010107 0.710472 0.009176 0.711542
0.847566 0.289563 0.850003 0.293362 0.847185 0.292731
0.626331 0.867003 0.625213 0.862245 0.628434 0.864441
0.635694 0.865075 0.631752 0.862450 0.634725 0.861561
0.840127 0.252280 0.842419 0.244751 0.848507 0.249300
0.189455 0.933892 0.189795 0.935856 0.189438 0.935958
0.192812 0.928274 0.193767 0.927077 0.194528 0.929652
0.192812 0.928274 0.194528 0.929652 0.192505 0.928950
0.609413 0.868654 0.606455 0.861598 0.608183 0.860569
0.065044 0.409710 0.064330 0.412654 0.063881 0.410841
0.192005 0.153772 0.190132 0.153853 0.192013 0.151483
0.559264 0.996576 0.558519 0.997889 0.557794 0.997667
0.318967 0.143581 0.322376 0.146958 0.312812 0.148878
0.064308 0.425944 0.062177 0.424066 0.066587 0.419687
0.064900 0.408677 0.063798 0.409008 0.061041 0.410005
0.189951 0.933751 0.192136 0.933672 0.190753 0.934349
0.319352 0.155743 0.313544 0.157559 0.322376 0.146958
0.192013 0.151483 0.190132 0.153853 0.189915 0.151883
0.182770 0.165217 0.183392 0.163844 0.186414 0.162688
0.557978 0.993803 0.559478 0.992441 0.559264 0.996576
0.617894 0.863774 0.612770 0.865439 0.614779 0.862728
0.186414 0.162688 0.183392 0.163844 0.185515 0.159054
0.066587 0.419687 0.062177 0.424066 0.064238 0.417975
0.193767 0.927077 0.194024 0.927382 0.194528 0.929652
0.626331 0.867003 0.621819 0.863987 0.625213 0.862245
0.063553 0.411015 0.064330 0.412654 0.061852 0.413215
0.639107 0.864592 0.634725 0.861561 0.639145 0.861645
0.192013 0.151483 0.191273 0.147674 0.191955 0.145495
0.192376 0.925061 0.194651 0.924717 0.194883 0.926191
0.855322 0.289323 0.858396 0.290521 0.856343 0.292276
0.855322 0.289323 0.856343 0.292276 0.851797 0.291321
0.192505 0.928950 0.194528 0.929652 0.192136 0.933672
0.189915 0.151883 0.189399 0.149347 0.192013 0.151483
0.855072 0.255388 0.854828 0.252779 0.856425 0.253326
0.642743 0.861969 0.642626 0.858998 0.645421 0.859866
0.858136 0.287996 0.859804 0.290969 0.858396 0.290521
0.322376 0.146958 0.313544 0.157559 0.312812 0.148878
0.587626 0.872297 0.584995 0.868091 0.587353 0.866772
0.628434 0.864441 0.628707 0.860761 0.630439 0.863168
0.855072 0.255388 0.858565 0.253237 0.859802 0.259105
0.007796 0.710346 0.009176 0.711542 0.008234 0.711700
0.052374 0.407501 0.054431 0.408666 0.054107 0.409229
0.855072 0.255388 0.853413 0.252194 0.854828 0.252779
0.859802 0.259105 0.858565 0.253237 0.862426 0.254462
0.054431 0.408666 0.054741 0.408642 0.054107 0.409229
0.161869 0.501623 0.162721 0.500764 0.162684 0.501345
0.062283 0.411076 0.061852 0.413215 0.060759 0.411031
0.162684 0.501345 0.163063 0.501047 0.163869 0.499822
0.849452 0.290188 0.851797 0.291321 0.850003 0.293362
0.642743 0.861969 0.639145 0.861645 0.642626 0.858998
0.185515 0.159054 0.182896 0.158797 0.190132 0.153853
0.191195 0.935213 0.191771 0.936121 0.189795 0.935856
0.306737 0.139660 0.302255 0.138983 0.301242 0.136601
0.194904 0.927298 0.194651 0.924717 0.196410 0.928751
0.194832 0.927560 0.196410 0.928751 0.194528 0.929652
0.557902 0.989922 0.561868 0.990897 0.559478 0.992441
0.612770 0.865439 0.608183 0.860569 0.614895 0.858850
0.612770 0.865439 0.614895 0.858850 0.614779 0.862728
0.192136 0.933672 0.194528 0.929652 0.194887 0.935699
0.189915 0.151883 0.188960 0.149602 0.189399 0.149347
0.061846 0.410339 0.060759 0.411031 0.061041 0.410005
0.192013 0.151483 0.189399 0.149347 0.191273 0.147674
0.064238 0.417975 0.062015 0.415723 0.064330 0.412654
0.065956 0.430587 0.062218 0.433493 0.064496 0.429162
0.573938 0.874912 0.576981 0.868418 0.578960 0.875648
0.621819 0.863987 0.623245 0.858112 0.625213 0.862245
0.064330 0.412654 0.060925 0.416173 0.061852 0.413215
0.061852 0.413215 0.060255 0.412574 0.060759 0.411031
0.162721 0.500764 0.163179 0.499446 0.163869 0.499822
0.194651 0.924717 0.198113 0.927460 0.196410 0.928751
0.859802 0.259105 0.862426 0.254462 0.864515 0.260029
0.558905 0.988266 0.560146 0.988042 0.561548 0.989159
0.583952 0.873785 0.581433 0.870756 0.584995 0.868091
0.066670 0.431569 0.065594 0.433538 0.062218 0.433493
0.855072 0.255388 0.857094 0.254019 0.858565 0.253237
0.195064 0.145737 0.194960 0.148193 0.191955 0.145495
0.195064 0.145737 0.191955 0.145495 0.192885 0.140866
0.195064 0.145737 0.192885 0.140866 0.195372 0.141556
0.639145 0.861645 0.634725 0.861561 0.638135 0.858774
0.189915 0.151883 0.187041 0.151043 0.187673 0.149778
0.191926 0.935022 0.192136 0.933672 0.191771 0.936121
0.605517 0.864255 0.601776 0.866723 0.603228 0.863002
0.601776 0.866723 0.593298 0.865144 0.601062 0.861365
0.182770 0.165217 0.180595 0.165510 0.183392 0.163844
0.190132 0.153853 0.182896 0.158797 0.189915 0.151883
0.558905 0.988266 0.561548 0.989159 0.557902 0.989922
0.187915 0.148998 0.187773 0.149261 0.187223 0.148893
0.578960 0.875648 0.576981 0.868418 0.581433 0.870756
0.189915 0.151883 0.182896 0.158797 0.182127 0.156373
0.189915 0.151883 0.182127 0.156373 0.187041 0.151043
0.194528 0.929652 0.195120 0.931502 0.194887 0.935699
0.851797 0.291321 0.856343 0.292276 0.856011 0.293694
0.851797 0.291321 0.853721 0.294366 0.850003 0.293362
0.187673 0.149778 0.187041 0.151043 0.187223 0.148893
0.060925 0.416173 0.060326 0.416201 0.061852 0.413215
0.847185 0.292731 0.850003 0.293362 0.847659 0.295273
0.162459 0.499876 0.163069 0.498759 0.163179 0.499446
0.194651 0.924717 0.197390 0.923154 0.198113 0.927460
0.163869 0.499822 0.163821 0.499047 0.163881 0.498205
0.608183 0.860569 0.610198 0.859024 0.614895 0.858850
0.168023 0.499763 0.167657 0.501440 0.167265 0.500890
0.168023 0.499763 0.167265 0.500890 0.167352 0.500566
0.160615 0.500968 0.159932 0.498849 0.161215 0.500423
0.061852 0.413215 0.060326 0.416201 0.060100 0.416209
0.848507 0.249300 0.842419 0.244751 0.846040 0.247108
0.064238 0.417975 0.060452 0.418452 0.061049 0.417954
0.639145 0.861645 0.638135 0.858774 0.642626 0.858998
0.614779 0.862728 0.617225 0.859920 0.617894 0.863774
0.161215 0.500423 0.159932 0.498849 0.161459 0.499401
0.060326 0.416201 0.060440 0.416574 0.060062 0.416508
0.060255 0.412574 0.061852 0.413215 0.059143 0.413602
0.854828 0.252779 0.854980 0.252036 0.855654 0.252425
0.163821 0.499047 0.163069 0.498759 0.163881 0.498205
0.064238 0.417975 0.062177 0.424066 0.060385 0.424937
0.064238 0.417975 0.060385 0.424937 0.060452 0.418452
0.183392 0.163844 0.180595 0.165510 0.185515 0.159054
0.163869 0.499822 0.165657 0.501202 0.165272 0.501383
0.301242 0.136601 0.302255 0.138983 0.300424 0.137353
0.165538 0.501965 0.166371 0.501844 0.166901 0.502370
0.054107 0.409229 0.057732 0.411510 0.056978 0.411475
0.614779 0.862728 0.614895 0.858850 0.617225 0.859920
0.054107 0.409229 0.056247 0.411678 0.052451 0.410236
0.188768 0.148520 0.188559 0.147795 0.189399 0.149347
0.060276 0.416862 0.060452 0.418452 0.060062 0.416508
0.159199 0.501558 0.159932 0.498849 0.160006 0.500782
0.159199 0.501558 0.157278 0.499002 0.159932 0.498849
0.064308 0.425944 0.058645 0.432561 0.062177 0.424066
0.187041 0.151043 0.185074 0.148079 0.186250 0.149220
0.617894 0.863774 0.617225 0.859920 0.619359 0.860443
0.064308 0.425944 0.064496 0.429162 0.058645 0.432561
0.601776 0.866723 0.601062 0.861365 0.603228 0.863002
0.163069 0.498759 0.162719 0.498318 0.162733 0.497793
0.163069 0.498759 0.163140 0.498019 0.163881 0.498205
0.858998 0.291496 0.859804 0.290969 0.860126 0.293947
0.062177 0.424066 0.058645 0.432561 0.060385 0.424937
0.163869 0.499822 0.166107 0.499941 0.166092 0.500542
0.195120 0.931502 0.195777 0.932625 0.194887 0.935699
0.628434 0.864441 0.625213 0.862245 0.628707 0.860761
0.163869 0.499822 0.163881 0.498205 0.165905 0.499076
0.848507 0.249300 0.846040 0.247108 0.846274 0.245424
0.605517 0.864255 0.605558 0.860943 0.606455 0.861598
0.851797 0.291321 0.856011 0.293694 0.853721 0.294366
0.061852 0.413215 0.058575 0.415644 0.058778 0.414247
0.319352 0.155743 0.317273 0.165227 0.313544 0.157559
0.194528 0.929652 0.196410 0.928751 0.196488 0.930209
0.581433 0.870756 0.583815 0.864573 0.584995 0.868091
0.842419 0.244751 0.846274 0.245424 0.846040 0.247108
0.163881 0.498205 0.163140 0.498019 0.163635 0.496985
0.630439 0.863168 0.628707 0.860761 0.631752 0.862450
0.848507 0.249300 0.851715 0.248829 0.852461 0.250982
0.605517 0.864255 0.603843 0.861917 0.605558 0.860943
0.189399 0.149347 0.188559 0.147795 0.189674 0.146718
0.573938 0.874912 0.567800 0.878247 0.570607 0.871365
0.842419 0.244751 0.834897 0.239612 0.841112 0.242277
0.850003 0.293362 0.849259 0.296015 0.847659 0.295273
0.156444 0.502837 0.155012 0.502231 0.155664 0.499599
0.156444 0.502837 0.155664 0.499599 0.157278 0.499002
0.557902 0.989922 0.561548 0.989159 0.561868 0.990897
0.059463 0.411232 0.059288 0.412286 0.058661 0.411881
0.167657 0.501440 0.167068 0.501333 0.167265 0.500890
0.168023 0.499763 0.167039 0.500005 0.167065 0.499820
0.850003 0.293362 0.851659 0.295282 0.850541 0.294948
0.188559 0.147795 0.188004 0.147314 0.189674 0.146718
0.059288 0.412286 0.059053 0.412979 0.058574 0.412332
0.064496 0.429162 0.062218 0.433493 0.060739 0.433828
0.064496 0.429162 0.060739 0.433828 0.058645 0.432561
0.198113 0.927460 0.197390 0.923154 0.199586 0.924627
0.567800 0.878247 0.562711 0.879238 0.570607 0.871365
0.052451 0.410236 0.056054 0.412808 0.055948 0.413496
0.167352 0.500566 0.167265 0.500890 0.167024 0.500858
0.852461 0.250982 0.851715 0.248829 0.853990 0.249359
0.852461 0.250982 0.853990 0.249359 0.853702 0.250320
0.853702 0.250320 0.853990 0.249359 0.854768 0.249857
0.856343 0.292276 0.858474 0.292268 0.858375 0.292814
0.166092 0.500542 0.166107 0.499941 0.166519 0.500284
0.180595 0.165510 0.178688 0.166749 0.178428 0.164140
0.187041 0.151043 0.182127 0.156373 0.185074 0.148079
0.052451 0.410236 0.053275 0.412151 0.050459 0.409465
0.312812 0.148878 0.313544 0.157559 0.308079 0.152870
0.848507 0.249300 0.846274 0.245424 0.851715 0.248829
0.854802 0.251333 0.855207 0.250850 0.855613 0.251726
0.834897 0.239612 0.837471 0.239913 0.841112 0.242277
0.300460 0.134402 0.301242 0.136601 0.299862 0.136101
0.855878 0.252239 0.855843 0.252010 0.855978 0.252097
0.186679 0.148046 0.186477 0.147846 0.186736 0.147895
0.186736 0.147895 0.186477 0.147846 0.186623 0.147780
0.855207 0.250850 0.856346 0.251094 0.855613 0.251726
0.621819 0.863987 0.619359 0.860443 0.621183 0.859824
0.621819 0.863987 0.621183 0.859824 0.623245 0.858112
0.631752 0.862450 0.628707 0.860761 0.629218 0.857824
0.631752 0.862450 0.632669 0.857663 0.634725 0.861561
0.631752 0.862450 0.629218 0.857824 0.632669 0.857663
0.067466 0.434389 0.064802 0.436741 0.065594 0.433538
0.301242 0.136601 0.300424 0.137353 0.299862 0.136101
0.060452 0.418452 0.057814 0.417863 0.057648 0.416751
0.321904 0.160946 0.317273 0.165227 0.319352 0.155743
0.856346 0.251094 0.855862 0.250245 0.857777 0.250900
0.856346 0.251094 0.858565 0.253237 0.856549 0.251910
0.856346 0.251094 0.857777 0.250900 0.858565 0.253237
0.196973 0.930396 0.196410 0.928751 0.198479 0.930062
0.189674 0.146718 0.188209 0.146981 0.188186 0.146750
0.185515 0.159054 0.180595 0.165510 0.178428 0.164140
0.855862 0.250245 0.853990 0.249359 0.857777 0.250900
0.162037 0.498149 0.161629 0.496903 0.162165 0.497326
0.192136 0.933672 0.194887 0.935699 0.193749 0.938353
0.590027 0.866914 0.589500 0.863135 0.593298 0.865144
0.645421 0.859866 0.642626 0.858998 0.644339 0.856792
0.785342 0.013335 0.786108 0.017413 0.783603 0.012048
0.860424 0.294832 0.857614 0.295039 0.860126 0.293947
0.198113 0.927460 0.199586 0.924627 0.201442 0.929932
0.189399 0.149347 0.189674 0.146718 0.191273 0.147674
0.842419 0.244751 0.849455 0.245133 0.846274 0.245424
0.065594 0.433538 0.064802 0.436741 0.064869 0.435570
0.065594 0.433538 0.064869 0.435570 0.062218 0.433493
0.851715 0.248829 0.846274 0.245424 0.849455 0.245133
0.195777 0.932625 0.196046 0.933584 0.194887 0.935699
0.601062 0.861365 0.601962 0.861639 0.602920 0.862350
0.590027 0.866914 0.587353 0.866772 0.589500 0.863135
0.182127 0.156373 0.182374 0.153937 0.185074 0.148079
0.057983 0.413942 0.057526 0.415194 0.057210 0.414353
0.057983 0.413942 0.057567 0.413156 0.058093 0.412603
0.625213 0.862245 0.625021 0.858794 0.626833 0.856936
0.625213 0.862245 0.626833 0.856936 0.628707 0.860761
0.858795 0.292694 0.858995 0.292669 0.859018 0.292829
0.161488 0.498276 0.159932 0.498849 0.161629 0.496903
0.859115 0.292626 0.860126 0.293947 0.859137 0.292833
0.625213 0.862245 0.623245 0.858112 0.625021 0.858794
0.191273 0.147674 0.189674 0.146718 0.191955 0.145495
0.857777 0.250900 0.860655 0.251556 0.858565 0.253237
0.197154 0.930987 0.198479 0.930062 0.197982 0.931520
0.197154 0.930987 0.197982 0.931520 0.197114 0.931698
0.057814 0.417863 0.056726 0.417645 0.057648 0.416751
0.060385 0.424937 0.058645 0.432561 0.057785 0.430422
0.050459 0.409465 0.053275 0.412151 0.053129 0.412216
0.050459 0.409465 0.053129 0.412216 0.052379 0.411552
0.581433 0.870756 0.576981 0.868418 0.583815 0.864573
0.196410 0.928751 0.198113 0.927460 0.198479 0.930062
0.860424 0.294832 0.860035 0.296433 0.857771 0.296553
0.196670 0.931804 0.196836 0.932008 0.196681 0.932003
0.860126 0.293947 0.857614 0.295039 0.858932 0.293605
0.056054 0.412808 0.056361 0.413390 0.055948 0.413496
0.060452 0.418452 0.060385 0.424937 0.058803 0.421980
0.060452 0.418452 0.058620 0.421348 0.058388 0.420995
0.057648 0.416751 0.056726 0.417645 0.056618 0.416332
0.056054 0.420990 0.056282 0.421309 0.055961 0.421805
0.857777 0.250900 0.853990 0.249359 0.858377 0.249561
0.060452 0.418452 0.058266 0.420653 0.058220 0.420361
0.853721 0.294366 0.856011 0.293694 0.854281 0.295809
0.842419 0.244751 0.841112 0.242277 0.849455 0.245133
0.859137 0.292833 0.860126 0.293947 0.859091 0.293082
0.302255 0.138983 0.300135 0.138378 0.300424 0.137353
0.185515 0.159054 0.178428 0.164140 0.182896 0.158797
0.312812 0.148878 0.308079 0.152870 0.308848 0.145744
0.057526 0.415194 0.057024 0.414853 0.057210 0.414353
0.185942 0.147615 0.185722 0.148330 0.185074 0.148079
0.185942 0.147615 0.185074 0.148079 0.186120 0.147006
0.186120 0.147006 0.185074 0.148079 0.187265 0.145266
0.864515 0.260029 0.862426 0.254462 0.866389 0.256006
0.864515 0.260029 0.866389 0.256006 0.867459 0.256603
0.634725 0.861561 0.632669 0.857663 0.638135 0.858774
0.052451 0.410236 0.055948 0.413496 0.055475 0.413551
0.178688 0.166749 0.176314 0.167134 0.178428 0.164140
0.860424 0.294832 0.857771 0.296553 0.857614 0.295039
0.562100 0.989006 0.562735 0.989267 0.561548 0.989159
0.062218 0.433493 0.064869 0.435570 0.064328 0.435573
0.837471 0.239913 0.838060 0.238762 0.841112 0.242277
0.786807 0.008852 0.785940 0.010005 0.785466 0.009524
0.786807 0.008852 0.785089 0.009514 0.785301 0.008076
0.186749 0.146021 0.187265 0.145266 0.187182 0.145773
0.860655 0.251556 0.862426 0.254462 0.858565 0.253237
0.168106 0.175169 0.166978 0.175213 0.169847 0.171735
0.603843 0.861917 0.603873 0.861546 0.605558 0.860943
0.198479 0.930062 0.198756 0.931525 0.197982 0.931520
0.055961 0.421805 0.056474 0.422231 0.055173 0.423788
0.841112 0.242277 0.840578 0.239976 0.845349 0.241004
0.841112 0.242277 0.845349 0.241004 0.849455 0.245133
0.603480 0.861917 0.603521 0.861258 0.603873 0.861546
0.841112 0.242277 0.838060 0.238762 0.839396 0.238742
0.841112 0.242277 0.839396 0.238742 0.840578 0.239976
0.177593 0.167652 0.175123 0.168594 0.176314 0.167134
0.195372 0.141556 0.192885 0.140866 0.192614 0.137210
0.162414 0.496729 0.161645 0.496038 0.163100 0.496102
0.057024 0.414853 0.056426 0.414309 0.056780 0.414124
0.606455 0.861598 0.605558 0.860943 0.608183 0.860569
0.057640 0.421370 0.058052 0.421603 0.057794 0.421591
0.860655 0.251556 0.857765 0.250867 0.864826 0.251831
0.057272 0.421395 0.057564 0.421579 0.057277 0.421682
0.149460 0.500316 0.149441 0.500125 0.149695 0.500063
0.159932 0.498849 0.158190 0.494267 0.160840 0.496988
0.159932 0.498849 0.157278 0.499002 0.158190 0.494267
0.055475 0.413551 0.055948 0.413496 0.055686 0.414015
0.784532 0.021254 0.782415 0.017752 0.786108 0.017413
0.857765 0.250867 0.864771 0.250788 0.864826 0.251831
0.786108 0.017413 0.782415 0.017752 0.783603 0.012048
0.055948 0.413496 0.056092 0.414411 0.055686 0.414015
0.191955 0.145495 0.189674 0.146718 0.189150 0.143179
0.573938 0.874912 0.570607 0.871365 0.576981 0.868418
0.057564 0.421579 0.057700 0.421779 0.057277 0.421682
0.858377 0.249561 0.861086 0.248587 0.857765 0.250867
0.064869 0.435570 0.064802 0.436741 0.064531 0.436115
0.187265 0.145266 0.185074 0.148079 0.184194 0.145746
0.187265 0.145266 0.184194 0.145746 0.184403 0.144170
0.853990 0.249359 0.851715 0.248829 0.858077 0.247506
0.853990 0.249359 0.858077 0.247506 0.858377 0.249561
0.188415 0.145745 0.187032 0.143612 0.189674 0.146718
0.856343 0.292276 0.857343 0.294211 0.856011 0.293694
0.187393 0.145637 0.187265 0.145266 0.187032 0.143612
0.149695 0.500063 0.149533 0.500043 0.149506 0.499749
0.860655 0.251556 0.864826 0.251831 0.862426 0.254462
0.603873 0.861546 0.603521 0.861258 0.605558 0.860943
0.055173 0.423788 0.056474 0.422231 0.055700 0.423913
0.193749 0.938353 0.194887 0.935699 0.194550 0.937294
0.638135 0.858774 0.639611 0.856794 0.642626 0.858998
0.849455 0.245133 0.852716 0.244840 0.851715 0.248829
0.056474 0.422231 0.057299 0.422453 0.056507 0.423505
0.149533 0.500043 0.149096 0.499941 0.149506 0.499749
0.785940 0.010005 0.785041 0.010845 0.785226 0.009939
0.857691 0.294369 0.857614 0.295039 0.856011 0.293694
0.785342 0.013335 0.783603 0.012048 0.785041 0.010845
0.857765 0.250867 0.861086 0.248587 0.864771 0.250788
0.587353 0.866772 0.584995 0.868091 0.583815 0.864573
0.057299 0.422453 0.057553 0.423165 0.056952 0.423819
0.182127 0.156373 0.180183 0.156567 0.182374 0.153937
0.191955 0.145495 0.191024 0.141015 0.192885 0.140866
0.191955 0.145495 0.189150 0.143179 0.191024 0.141015
0.619359 0.860443 0.617225 0.859920 0.618830 0.857877
0.058107 0.423622 0.060385 0.424937 0.056819 0.425036
0.823086 0.017384 0.822805 0.017701 0.822536 0.016929
0.146300 0.501610 0.146083 0.500965 0.146681 0.501071
0.593298 0.865144 0.589500 0.863135 0.590829 0.862512
0.055084 0.413648 0.055523 0.414424 0.055440 0.414558
0.149096 0.499941 0.148801 0.499678 0.149180 0.499546
0.057553 0.423165 0.056819 0.425036 0.056952 0.423819
0.784532 0.021254 0.780689 0.022963 0.782415 0.017752
0.858377 0.249561 0.858077 0.247506 0.861086 0.248587
0.851715 0.248829 0.852716 0.244840 0.858077 0.247506
0.055173 0.423788 0.055626 0.424391 0.055490 0.424462
0.198113 0.927460 0.201442 0.929932 0.198479 0.930062
0.561548 0.989159 0.563012 0.989599 0.561868 0.990897
0.198479 0.930062 0.199744 0.931197 0.198756 0.931525
0.149506 0.499749 0.149343 0.499434 0.150105 0.499180
0.602563 0.861228 0.601062 0.861365 0.602979 0.860235
0.189674 0.146718 0.187032 0.143612 0.189150 0.143179
0.857614 0.295039 0.854281 0.295809 0.856011 0.293694
0.187265 0.145266 0.184403 0.144170 0.187032 0.143612
0.617225 0.859920 0.614895 0.858850 0.617439 0.856947
0.617225 0.859920 0.617439 0.856947 0.618830 0.857877
0.857614 0.295039 0.857771 0.296553 0.854281 0.295809
0.064983 0.440793 0.067471 0.440356 0.066622 0.440641
0.060385 0.424937 0.057785 0.430422 0.056819 0.425036
0.062218 0.433493 0.061863 0.436582 0.061335 0.436305
0.864826 0.251831 0.866071 0.253364 0.862426 0.254462
0.838060 0.238762 0.838412 0.237307 0.838941 0.237607
0.822805 0.017701 0.822289 0.017725 0.822536 0.016929
0.593298 0.865144 0.590829 0.862512 0.601062 0.861365
0.147002 0.500549 0.146083 0.500965 0.147065 0.498375
0.785041 0.010845 0.783603 0.012048 0.783904 0.010394
0.619359 0.860443 0.618830 0.857877 0.620480 0.855582
0.175123 0.168594 0.174278 0.166926 0.176314 0.167134
0.175123 0.168594 0.172501 0.169328 0.174278 0.166926
0.620899 0.858858 0.621698 0.856137 0.623245 0.858112
0.184403 0.144170 0.184194 0.145746 0.184195 0.143289
0.840578 0.239976 0.839396 0.238742 0.840799 0.237614
0.840578 0.239976 0.840799 0.237614 0.845349 0.241004
0.587353 0.866772 0.585942 0.862775 0.589500 0.863135
0.166978 0.175213 0.167371 0.173843 0.169847 0.171735
0.601062 0.861365 0.595711 0.859732 0.601701 0.859129
0.176314 0.167134 0.174278 0.166926 0.178428 0.164140
0.055173 0.423788 0.055576 0.425031 0.055404 0.428408
0.062218 0.433493 0.061335 0.436305 0.060893 0.436445
0.062218 0.433493 0.060893 0.436445 0.060739 0.433828
0.184403 0.144170 0.186128 0.142662 0.187032 0.143612
0.160875 0.496229 0.158190 0.494267 0.161930 0.495072
0.185074 0.148079 0.181016 0.153011 0.184194 0.145746
0.619359 0.860443 0.620480 0.855582 0.620436 0.858156
0.849455 0.245133 0.845349 0.241004 0.852716 0.244840
0.054460 0.413491 0.054292 0.413704 0.053837 0.413201
0.601062 0.861365 0.590829 0.862512 0.595711 0.859732
0.587353 0.866772 0.583815 0.864573 0.585942 0.862775
0.625021 0.858794 0.623245 0.858112 0.624152 0.853412
0.625021 0.858794 0.624152 0.853412 0.626833 0.856936
0.054912 0.413899 0.054923 0.414169 0.054292 0.413704
0.061863 0.436582 0.061789 0.437208 0.061149 0.437156
0.061863 0.436582 0.061149 0.437156 0.061335 0.436305
0.184403 0.144170 0.184952 0.142791 0.184823 0.142384
0.184403 0.144170 0.184823 0.142384 0.186128 0.142662
0.184194 0.145746 0.180233 0.147615 0.182089 0.143388
0.056297 0.424534 0.056819 0.425036 0.055576 0.425031
0.182896 0.158797 0.178428 0.164140 0.176765 0.161533
0.182896 0.158797 0.180183 0.156567 0.182127 0.156373
0.182896 0.158797 0.176765 0.161533 0.180183 0.156567
0.150105 0.499180 0.149102 0.499003 0.150839 0.497887
0.558838 0.875898 0.566559 0.868931 0.570607 0.871365
0.052487 0.412201 0.053334 0.412726 0.053044 0.412932
0.185074 0.148079 0.182374 0.153937 0.181016 0.153011
0.055576 0.425031 0.056819 0.425036 0.055404 0.428408
0.858077 0.247506 0.852716 0.244840 0.858102 0.244091
0.858077 0.247506 0.858102 0.244091 0.863501 0.246952
0.822289 0.017725 0.822280 0.018072 0.821042 0.018403
0.155012 0.502231 0.153037 0.500640 0.153715 0.499574
0.858077 0.247506 0.863501 0.246952 0.861086 0.248587
0.839396 0.238742 0.839394 0.236829 0.840231 0.237033
0.620436 0.858156 0.620480 0.855582 0.621698 0.856137
0.184194 0.145746 0.183390 0.144097 0.184195 0.143289
0.632669 0.857663 0.635236 0.855717 0.638135 0.858774
0.060739 0.433828 0.059016 0.435903 0.058645 0.432561
0.184195 0.143289 0.183390 0.144097 0.183859 0.142633
0.184194 0.145746 0.181016 0.153011 0.180233 0.147615
0.864826 0.251831 0.868466 0.252738 0.867679 0.253409
0.864826 0.251831 0.867679 0.253409 0.866645 0.253858
0.822280 0.018072 0.821934 0.018588 0.821042 0.018403
0.155012 0.502231 0.153715 0.499574 0.155664 0.499599
0.184194 0.145746 0.182089 0.143388 0.183390 0.144097
0.057785 0.430422 0.056620 0.429793 0.056819 0.425036
0.061789 0.437208 0.061168 0.437620 0.061149 0.437156
0.608183 0.860569 0.605558 0.860943 0.606542 0.858158
0.198479 0.930062 0.201442 0.929932 0.199744 0.931197
0.608183 0.860569 0.606542 0.858158 0.610198 0.859024
0.864826 0.251831 0.864771 0.250788 0.868932 0.250383
0.864826 0.251831 0.868932 0.250383 0.868473 0.251404
0.614895 0.858850 0.614668 0.856218 0.617439 0.856947
0.638135 0.858774 0.635236 0.855717 0.639611 0.856794
0.614895 0.858850 0.610198 0.859024 0.614668 0.856218
0.063009 0.437828 0.064802 0.436741 0.062930 0.438186
0.864771 0.250788 0.867136 0.249016 0.868932 0.250383
0.628707 0.860761 0.626833 0.856936 0.629218 0.857824
0.632669 0.857663 0.629218 0.857824 0.630261 0.856473
0.182374 0.153937 0.180183 0.156567 0.181016 0.153011
0.149102 0.499003 0.146878 0.497947 0.150839 0.497887
0.148608 0.499151 0.148099 0.499331 0.147065 0.498375
0.148608 0.499151 0.147065 0.498375 0.146878 0.497947
0.868466 0.252738 0.869336 0.252566 0.869389 0.252999
0.868466 0.252738 0.868634 0.253411 0.867679 0.253409
0.317273 0.165227 0.313185 0.165769 0.313544 0.157559
0.864771 0.250788 0.861086 0.248587 0.863501 0.246952
0.864771 0.250788 0.863501 0.246952 0.867136 0.249016
0.157278 0.499002 0.155664 0.499599 0.155782 0.494024
0.157278 0.499002 0.155782 0.494024 0.158190 0.494267
0.867152 0.254931 0.867380 0.254697 0.867459 0.256603
0.784353 0.008942 0.783951 0.008220 0.784587 0.008061
0.145165 0.500728 0.144603 0.499651 0.145842 0.500262
0.821777 0.017061 0.821042 0.018403 0.820712 0.017271
0.845349 0.241004 0.840799 0.237614 0.842175 0.236672
0.845349 0.241004 0.842175 0.236672 0.844393 0.238027
0.867679 0.253409 0.867188 0.254213 0.867056 0.254074
0.145842 0.500262 0.144603 0.499651 0.147065 0.498375
0.867459 0.256603 0.867955 0.255200 0.868393 0.255006
0.061168 0.437620 0.061589 0.438094 0.061200 0.438134
0.061168 0.437620 0.061200 0.438134 0.060299 0.438448
0.064802 0.436741 0.064983 0.440793 0.062832 0.439188
0.053334 0.412726 0.054292 0.413704 0.053044 0.412932
0.783904 0.010394 0.783603 0.012048 0.782204 0.011667
0.783904 0.010394 0.782204 0.011667 0.782528 0.010209
0.155664 0.499599 0.153715 0.499574 0.154044 0.496124
0.629218 0.857824 0.626833 0.856936 0.628943 0.856777
0.178428 0.164140 0.174278 0.166926 0.174620 0.164138
0.178428 0.164140 0.174620 0.164138 0.176765 0.161533
0.205455 0.922722 0.205827 0.922647 0.206486 0.923856
0.601062 0.861365 0.602826 0.857925 0.603053 0.859536
0.601062 0.861365 0.601701 0.859129 0.602826 0.857925
0.821934 0.018588 0.820648 0.018991 0.821042 0.018403
0.199586 0.924627 0.201809 0.924345 0.202371 0.924701
0.783603 0.012048 0.782415 0.017752 0.782058 0.012926
0.191024 0.141015 0.189150 0.143179 0.188967 0.139988
0.206187 0.922361 0.206868 0.922745 0.206486 0.923856
0.604102 0.859438 0.602826 0.857925 0.605558 0.860943
0.617439 0.856947 0.617103 0.855423 0.618830 0.856768
0.852716 0.244840 0.845349 0.241004 0.852295 0.240201
0.185530 0.142300 0.184801 0.141863 0.185186 0.141827
0.059016 0.435903 0.057345 0.438774 0.058645 0.432561
0.155664 0.499599 0.154044 0.496124 0.155782 0.494024
0.180183 0.156567 0.176765 0.161533 0.178078 0.156842
0.610198 0.859024 0.606542 0.858158 0.614668 0.856218
0.061200 0.438134 0.061434 0.438614 0.060753 0.439429
0.061200 0.438134 0.060548 0.438934 0.060299 0.438448
0.868634 0.253411 0.868676 0.253901 0.868226 0.253960
0.629218 0.857824 0.629154 0.856810 0.629743 0.856656
0.185740 0.142200 0.185186 0.141827 0.187032 0.143612
0.172501 0.169328 0.169847 0.171735 0.171220 0.165531
0.180183 0.156567 0.179452 0.154931 0.181016 0.153011
0.867136 0.249016 0.863501 0.246952 0.868922 0.247145
0.192614 0.137210 0.192885 0.140866 0.189997 0.136258
0.583815 0.864573 0.576981 0.868418 0.581476 0.862065
0.169847 0.171735 0.167371 0.173843 0.168616 0.167174
0.618830 0.856768 0.617103 0.855423 0.618700 0.855875
0.618830 0.856768 0.618700 0.855875 0.620480 0.855582
0.192885 0.140866 0.191024 0.141015 0.188353 0.136741
0.192885 0.140866 0.188353 0.136741 0.189997 0.136258
0.623245 0.858112 0.621698 0.856137 0.624152 0.853412
0.605558 0.860943 0.602826 0.857925 0.606542 0.858158
0.180183 0.156567 0.178078 0.156842 0.179452 0.154931
0.204506 0.923324 0.206486 0.923856 0.204072 0.923713
0.204506 0.923324 0.204072 0.923713 0.203658 0.923492
0.181016 0.153011 0.180100 0.151091 0.180233 0.147615
0.822173 0.019354 0.823220 0.019807 0.820321 0.020874
0.822173 0.019354 0.820321 0.020874 0.820648 0.018991
0.061434 0.438614 0.061518 0.439522 0.060753 0.439429
0.062832 0.439188 0.064983 0.440793 0.061518 0.439522
0.570607 0.871365 0.566559 0.868931 0.574187 0.866031
0.570607 0.871365 0.574187 0.866031 0.576981 0.868418
0.058645 0.432561 0.056145 0.435083 0.057785 0.430422
0.852716 0.244840 0.852295 0.240201 0.858102 0.244091
0.590829 0.862512 0.589500 0.863135 0.590699 0.859330
0.056819 0.425036 0.056620 0.429793 0.055404 0.428408
0.182868 0.143439 0.182089 0.143388 0.183248 0.142354
0.617439 0.856947 0.614668 0.856218 0.617103 0.855423
0.782415 0.017752 0.780474 0.013431 0.782058 0.012926
0.189150 0.143179 0.187032 0.143612 0.188967 0.139988
0.176765 0.161533 0.176363 0.160057 0.178078 0.156842
0.313544 0.157559 0.307868 0.161606 0.308079 0.152870
0.642626 0.858998 0.639229 0.854784 0.644339 0.856792
0.150839 0.497887 0.151616 0.498035 0.153715 0.499574
0.172501 0.169328 0.171220 0.165531 0.174278 0.166926
0.868932 0.250383 0.867136 0.249016 0.868922 0.247145
0.868932 0.250383 0.868922 0.247145 0.870376 0.249028
0.179131 0.154544 0.180100 0.151091 0.181016 0.153011
0.179131 0.154544 0.177153 0.151124 0.180100 0.151091
0.057785 0.430422 0.056145 0.435083 0.056620 0.429793
0.199586 0.924627 0.202000 0.925427 0.202224 0.926096
0.180233 0.147615 0.179331 0.143786 0.182089 0.143388
0.059561 0.438618 0.059456 0.438918 0.057345 0.438774
0.183248 0.142354 0.182089 0.143388 0.182811 0.141856
0.180100 0.151091 0.177153 0.151124 0.180233 0.147615
0.167371 0.173843 0.166985 0.169860 0.168616 0.167174
0.589500 0.863135 0.585942 0.862775 0.586600 0.860722
0.174278 0.166926 0.173285 0.165320 0.173342 0.164873
0.199586 0.924627 0.202224 0.926096 0.201442 0.929932
0.184800 0.141493 0.184157 0.141173 0.185872 0.139138
0.601701 0.859129 0.601609 0.856153 0.602826 0.857925
0.617103 0.855423 0.618145 0.853700 0.618700 0.855875
0.150839 0.497887 0.150392 0.495563 0.151256 0.497765
0.176765 0.161533 0.174620 0.164138 0.174227 0.162974
0.206486 0.923856 0.204463 0.924753 0.204189 0.924337
0.589500 0.863135 0.586600 0.860722 0.590699 0.859330
0.188967 0.139988 0.187032 0.143612 0.185872 0.139138
0.191024 0.141015 0.188967 0.139988 0.188353 0.136741
0.178078 0.156842 0.175986 0.157416 0.177840 0.154370
0.782058 0.012926 0.780474 0.013431 0.780899 0.011576
0.576981 0.868418 0.574187 0.866031 0.576724 0.862125
0.576981 0.868418 0.576724 0.862125 0.581476 0.862065
0.629743 0.856656 0.629026 0.856515 0.629138 0.855910
0.207363 0.923266 0.208572 0.923315 0.206486 0.923856
0.620480 0.855582 0.619308 0.855341 0.619995 0.854412
0.782204 0.011667 0.781344 0.010146 0.781875 0.010011
0.863501 0.246952 0.858102 0.244091 0.865423 0.243311
0.053131 0.430589 0.055404 0.428408 0.053523 0.431722
0.585942 0.862775 0.583815 0.864573 0.583998 0.860675
0.590829 0.862512 0.590699 0.859330 0.595711 0.859732
0.621698 0.856137 0.620480 0.855582 0.622207 0.853486
0.178078 0.156842 0.176818 0.159292 0.175986 0.157416
0.642626 0.858998 0.639611 0.856794 0.639229 0.854784
0.056620 0.429793 0.056145 0.435083 0.055276 0.431594
0.206486 0.923856 0.206871 0.926468 0.206107 0.925223
0.840436 0.236870 0.839567 0.236229 0.840792 0.235704
0.840436 0.236870 0.840792 0.235704 0.842175 0.236672
0.206486 0.923856 0.204868 0.925625 0.204547 0.924916
0.632669 0.857663 0.632209 0.854914 0.635236 0.855717
0.055404 0.428408 0.056620 0.429793 0.054725 0.430998
0.583815 0.864573 0.581476 0.862065 0.583998 0.860675
0.182089 0.143388 0.182222 0.141215 0.182811 0.141856
0.182089 0.143388 0.179331 0.143786 0.182222 0.141215
0.187032 0.143612 0.185617 0.141037 0.185872 0.139138
0.183818 0.141306 0.183556 0.141139 0.183738 0.141149
0.627931 0.856239 0.626833 0.856936 0.627472 0.855754
0.845349 0.241004 0.847763 0.237840 0.852295 0.240201
0.055404 0.428408 0.054318 0.431515 0.054161 0.431587
0.630261 0.856473 0.629582 0.855829 0.630244 0.855178
0.630261 0.856473 0.630244 0.855178 0.632669 0.857663
0.174278 0.166926 0.171220 0.165531 0.172595 0.165910
0.184157 0.141173 0.183757 0.141129 0.183799 0.141008
0.184157 0.141173 0.183799 0.141008 0.184117 0.140840
0.184157 0.141173 0.184117 0.140840 0.185872 0.139138
0.052689 0.431520 0.053523 0.431722 0.053505 0.433387
0.052689 0.431520 0.053505 0.433387 0.052771 0.434247
0.870376 0.249028 0.868922 0.247145 0.870069 0.247749
0.201442 0.929932 0.203003 0.925974 0.203400 0.926210
0.201442 0.929932 0.203400 0.926210 0.203477 0.926530
0.201442 0.929932 0.203477 0.926530 0.203457 0.926710
0.206486 0.923856 0.208750 0.925794 0.206871 0.926468
0.206486 0.923856 0.208572 0.923315 0.208750 0.925794
0.153715 0.499574 0.152330 0.497705 0.154044 0.496124
0.150839 0.497887 0.149177 0.496148 0.150392 0.495563
0.150839 0.497887 0.146878 0.497947 0.149177 0.496148
0.632669 0.857663 0.630244 0.855178 0.632209 0.854914
0.183757 0.141129 0.183556 0.141139 0.183799 0.141008
0.169847 0.171735 0.168616 0.167174 0.171220 0.165531
0.621698 0.856137 0.622207 0.853486 0.624152 0.853412
0.176765 0.161533 0.174940 0.160533 0.175259 0.159930
0.176765 0.161533 0.174257 0.162197 0.174347 0.161211
0.566559 0.868931 0.569627 0.863820 0.574187 0.866031
0.182811 0.141856 0.182222 0.141215 0.183271 0.141372
0.058645 0.432561 0.057345 0.438774 0.056145 0.435083
0.782175 0.008993 0.781875 0.010011 0.781399 0.009846
0.782175 0.008993 0.781399 0.009846 0.781556 0.008888
0.619308 0.855341 0.618145 0.853700 0.619995 0.854412
0.626833 0.856936 0.627237 0.855390 0.627472 0.855754
0.821042 0.018403 0.820648 0.018991 0.818474 0.017703
0.173863 0.163880 0.173679 0.163346 0.174227 0.162974
0.601701 0.859129 0.595711 0.859732 0.601609 0.856153
0.620480 0.855582 0.619995 0.854412 0.622207 0.853486
0.820648 0.018991 0.820321 0.020874 0.818936 0.019652
0.628307 0.855846 0.628146 0.855533 0.628820 0.855323
0.172306 0.165462 0.171220 0.165531 0.171991 0.164368
0.639611 0.856794 0.635236 0.855717 0.639229 0.854784
0.644339 0.856792 0.639229 0.854784 0.644138 0.854490
0.161930 0.495072 0.158190 0.494267 0.159003 0.491702
0.167371 0.173843 0.164578 0.171603 0.166985 0.169860
0.177840 0.154370 0.175986 0.157416 0.175094 0.155876
0.177840 0.154370 0.176169 0.153042 0.177153 0.151124
0.177840 0.154370 0.175094 0.155876 0.176169 0.153042
0.057345 0.438774 0.058460 0.440091 0.058093 0.439964
0.175638 0.159165 0.175346 0.159019 0.175986 0.157416
0.188967 0.139988 0.185872 0.139138 0.186489 0.137536
0.188967 0.139988 0.186489 0.137536 0.188353 0.136741
0.203867 0.924914 0.204199 0.925353 0.203824 0.925176
0.204868 0.925625 0.204016 0.925738 0.204199 0.925353
0.204868 0.925625 0.204183 0.926299 0.204016 0.925738
0.175259 0.159930 0.174847 0.160350 0.174928 0.160048
0.053523 0.431722 0.054219 0.431922 0.053505 0.433387
0.205286 0.926011 0.206871 0.926468 0.204506 0.926770
0.205286 0.926011 0.204506 0.926770 0.204183 0.926299
0.844393 0.238027 0.842175 0.236672 0.844045 0.235795
0.844393 0.238027 0.844045 0.235795 0.846017 0.236656
0.844393 0.238027 0.846017 0.236656 0.845349 0.241004
0.606542 0.858158 0.606478 0.854192 0.609389 0.852412
0.606542 0.858158 0.609389 0.852412 0.614668 0.856218
0.585942 0.862775 0.583998 0.860675 0.586600 0.860722
0.175346 0.159019 0.175167 0.159344 0.175288 0.158875
0.175346 0.159019 0.175288 0.158875 0.175986 0.157416
0.175986 0.157416 0.175288 0.158875 0.174286 0.158689
0.094234 0.100361 0.093649 0.100552 0.093865 0.100291
0.183774 0.140388 0.183561 0.140112 0.185872 0.139138
0.201442 0.929932 0.203521 0.928179 0.204194 0.928752
0.175167 0.159344 0.174724 0.159617 0.174286 0.158689
0.175167 0.159344 0.174286 0.158689 0.175288 0.158875
0.842175 0.236672 0.840792 0.235704 0.842459 0.235238
0.842175 0.236672 0.843320 0.235349 0.844045 0.235795
0.180233 0.147615 0.177153 0.151124 0.179331 0.143786
0.782415 0.017752 0.775486 0.016578 0.778031 0.014089
0.782415 0.017752 0.778031 0.014089 0.780474 0.013431
0.144603 0.499651 0.146878 0.497947 0.147065 0.498375
0.054572 0.432106 0.056145 0.435083 0.054440 0.433292
0.821042 0.018403 0.818474 0.017703 0.817644 0.017376
0.142542 0.499514 0.140105 0.498692 0.144603 0.499651
0.172175 0.164002 0.171338 0.161192 0.171865 0.163326
0.780899 0.011576 0.780474 0.013431 0.779234 0.011347
0.171849 0.164059 0.171220 0.165531 0.171338 0.161192
0.780474 0.013431 0.778354 0.013214 0.779234 0.011347
0.780474 0.013431 0.778031 0.014089 0.778354 0.013214
0.206871 0.926468 0.208750 0.925794 0.208535 0.927111
0.174724 0.159617 0.173721 0.160066 0.173569 0.159320
0.602826 0.857925 0.604486 0.853984 0.606542 0.858158
0.622207 0.853486 0.619995 0.854412 0.621150 0.851801
0.152314 0.496639 0.150392 0.495563 0.154044 0.496124
0.606542 0.858158 0.604486 0.853984 0.606478 0.854192
0.626833 0.856936 0.626106 0.854312 0.626285 0.854580
0.173383 0.162083 0.173033 0.162240 0.173184 0.161747
0.144603 0.499651 0.140105 0.498692 0.139482 0.497146
0.144603 0.499651 0.139482 0.497146 0.146878 0.497947
0.617103 0.855423 0.614668 0.856218 0.614020 0.852664
0.845349 0.241004 0.846017 0.236656 0.847763 0.237840
0.054120 0.432985 0.054145 0.433444 0.054051 0.433275
0.782415 0.017752 0.780689 0.022963 0.775497 0.024971
0.782415 0.017752 0.775497 0.024971 0.775486 0.016578
0.595711 0.859732 0.590699 0.859330 0.596870 0.855622
0.614668 0.856218 0.609389 0.852412 0.614020 0.852664
0.206871 0.926468 0.208535 0.927111 0.207944 0.927296
0.171338 0.161192 0.171991 0.162105 0.172331 0.162444
0.780818 0.009196 0.779519 0.009552 0.779948 0.008917
0.054440 0.433292 0.056145 0.435083 0.054052 0.433858
0.205788 0.926927 0.206871 0.926468 0.206161 0.927589
0.595711 0.859732 0.596870 0.855622 0.601609 0.856153
0.053505 0.433387 0.053426 0.434517 0.052771 0.434247
0.146878 0.497947 0.145537 0.492270 0.149038 0.495177
0.158190 0.494267 0.155782 0.494024 0.154055 0.492325
0.171991 0.162105 0.171338 0.161192 0.172185 0.161252
0.172455 0.162156 0.172185 0.161252 0.172887 0.161892
0.586600 0.860722 0.588386 0.857813 0.590699 0.859330
0.175986 0.157416 0.174251 0.157506 0.175094 0.155876
0.617103 0.855423 0.614020 0.852664 0.618145 0.853700
0.206871 0.926468 0.207944 0.927296 0.206161 0.927589
0.182719 0.140033 0.180744 0.138448 0.182625 0.139616
0.173184 0.161747 0.172887 0.161892 0.172914 0.161504
0.313544 0.157559 0.313185 0.165769 0.307868 0.161606
0.154044 0.496124 0.150392 0.495563 0.152206 0.494097
0.154044 0.496124 0.152206 0.494097 0.155782 0.494024
0.056145 0.435083 0.057345 0.438774 0.054852 0.438827
0.639229 0.854784 0.641422 0.854195 0.644138 0.854490
0.182083 0.140529 0.179331 0.143786 0.180744 0.138448
0.171220 0.165531 0.168616 0.167174 0.168712 0.162399
0.173721 0.160066 0.173187 0.160130 0.173569 0.159320
0.626833 0.856936 0.624152 0.853412 0.625707 0.853908
0.093219 0.100310 0.093300 0.100441 0.092733 0.099104
0.780413 0.008537 0.779948 0.008917 0.780217 0.008402
0.840683 0.234612 0.840821 0.234408 0.841311 0.234950
0.158190 0.494267 0.154055 0.492325 0.158263 0.489885
0.820648 0.018991 0.818936 0.019652 0.818474 0.017703
0.208535 0.927111 0.208750 0.925794 0.210527 0.927066
0.172029 0.160571 0.171338 0.161192 0.173187 0.160130
0.095102 0.102201 0.094682 0.102076 0.094908 0.102023
0.172849 0.160601 0.173187 0.160130 0.173068 0.160582
0.583998 0.860675 0.581476 0.862065 0.581539 0.858800
0.092431 0.096059 0.090623 0.094433 0.091973 0.093028
0.635236 0.855717 0.637872 0.854350 0.639229 0.854784
0.175094 0.155876 0.173575 0.157270 0.173380 0.155712
0.182456 0.139289 0.180744 0.138448 0.182312 0.139039
0.208535 0.927111 0.209625 0.927818 0.207944 0.927296
0.208535 0.927111 0.210106 0.927489 0.209625 0.927818
0.175094 0.155876 0.174076 0.154783 0.174357 0.153678
0.207944 0.927296 0.207863 0.928299 0.207241 0.928639
0.207944 0.927296 0.207241 0.928639 0.206126 0.928272
0.149038 0.495177 0.149559 0.492848 0.150392 0.495563
0.149038 0.495177 0.145537 0.492270 0.149559 0.492848
0.094398 0.101476 0.094041 0.101571 0.093872 0.101408
0.207944 0.927296 0.209560 0.928427 0.208549 0.928171
0.625707 0.853908 0.624152 0.853412 0.624822 0.852069
0.183396 0.138575 0.183568 0.137976 0.185872 0.139138
0.786790 0.996262 0.785806 0.996340 0.787717 0.995859
0.094502 0.102260 0.093094 0.102269 0.094249 0.102032
0.787717 0.995859 0.785806 0.996340 0.787572 0.994428
0.173187 0.160130 0.171338 0.161192 0.172188 0.157689
0.208750 0.925794 0.211115 0.926568 0.210527 0.927066
0.093403 0.100952 0.092762 0.101088 0.092733 0.099104
0.150392 0.495563 0.149559 0.492848 0.150508 0.493260
0.201442 0.929932 0.204908 0.929181 0.205519 0.929633
0.841025 0.234181 0.841623 0.234104 0.841922 0.234511
0.150392 0.495563 0.151022 0.493580 0.152206 0.494097
0.146878 0.497947 0.141393 0.494171 0.145537 0.492270
0.779519 0.009552 0.778135 0.010714 0.778410 0.009759
0.779234 0.011347 0.778354 0.013214 0.778112 0.010893
0.843320 0.235349 0.843347 0.234068 0.844047 0.235010
0.092431 0.096059 0.092287 0.098115 0.090906 0.097961
0.092431 0.096059 0.090906 0.097961 0.090623 0.094433
0.619995 0.854412 0.618145 0.853700 0.618546 0.850911
0.619995 0.854412 0.618546 0.850911 0.621150 0.851801
0.171220 0.165531 0.168712 0.162399 0.171338 0.161192
0.846017 0.236656 0.844984 0.235608 0.845117 0.234815
0.846017 0.236656 0.845117 0.234815 0.847027 0.235692
0.846017 0.236656 0.847027 0.235692 0.847312 0.236779
0.848718 0.238065 0.849091 0.237106 0.852295 0.240201
0.818474 0.017703 0.818936 0.019652 0.816619 0.018097
0.092733 0.099104 0.091552 0.099972 0.092287 0.098115
0.155782 0.494024 0.152206 0.494097 0.154055 0.492325
0.910439 0.441378 0.908975 0.446183 0.906097 0.443534
0.574187 0.866031 0.569627 0.863820 0.576724 0.862125
0.863501 0.246952 0.865423 0.243311 0.868922 0.247145
0.185872 0.139138 0.183861 0.137596 0.183832 0.135288
0.185872 0.139138 0.183832 0.135288 0.186489 0.137536
0.093423 0.101197 0.093161 0.101432 0.092762 0.101088
0.205090 0.927818 0.205236 0.928093 0.205106 0.927988
0.173187 0.160130 0.172188 0.157689 0.172825 0.158303
0.775497 0.024971 0.774991 0.019507 0.775486 0.016578
0.204965 0.928640 0.205371 0.928529 0.205368 0.928675
0.092287 0.098115 0.091552 0.099972 0.090906 0.097961
0.091973 0.093028 0.090478 0.090899 0.091226 0.088898
0.175438 0.152657 0.174713 0.149499 0.177153 0.151124
0.175094 0.155876 0.173380 0.155712 0.173367 0.155041
0.175094 0.155876 0.173367 0.155041 0.174076 0.154783
0.858102 0.244091 0.861042 0.237227 0.865423 0.243311
0.168616 0.167174 0.166985 0.169860 0.166498 0.163506
0.201442 0.929932 0.205806 0.930562 0.206227 0.930671
0.201442 0.929932 0.206227 0.930671 0.204729 0.931933
0.818936 0.019652 0.815434 0.019358 0.816619 0.018097
0.602826 0.857925 0.601609 0.856153 0.604486 0.853984
0.778354 0.013214 0.778031 0.014089 0.777498 0.011520
0.778354 0.013214 0.777498 0.011520 0.778112 0.010893
0.171338 0.161192 0.170811 0.156279 0.172188 0.157689
0.146878 0.497947 0.139482 0.497146 0.138053 0.494075
0.146878 0.497947 0.138053 0.494075 0.141393 0.494171
0.586600 0.860722 0.585322 0.856664 0.588386 0.857813
0.847312 0.236779 0.847027 0.235692 0.847962 0.236262
0.140105 0.498692 0.136708 0.497033 0.139482 0.497146
0.177153 0.151124 0.174713 0.149499 0.174380 0.147073
0.177153 0.151124 0.174380 0.147073 0.179331 0.143786
0.844047 0.235010 0.843347 0.234068 0.844181 0.234333
0.778031 0.014089 0.775486 0.016578 0.775826 0.014910
0.778031 0.014089 0.775826 0.014910 0.775862 0.013185
0.778031 0.014089 0.775862 0.013185 0.777498 0.011520
0.818474 0.017703 0.816619 0.018097 0.817644 0.017376
0.168712 0.162399 0.168157 0.159617 0.171338 0.161192
0.308079 0.152870 0.307868 0.161606 0.305598 0.156069
0.093094 0.102269 0.092930 0.102057 0.093024 0.101924
0.858102 0.244091 0.852295 0.240201 0.857107 0.236195
0.818936 0.019652 0.820321 0.020874 0.815434 0.019358
0.174076 0.154783 0.173630 0.154416 0.174357 0.153678
0.601609 0.856153 0.596870 0.855622 0.599521 0.852822
0.172947 0.157073 0.172188 0.157689 0.173380 0.155712
0.174881 0.152570 0.173349 0.152576 0.172674 0.152528
0.174881 0.152570 0.172674 0.152528 0.174713 0.149499
0.626061 0.852789 0.624822 0.852069 0.625972 0.852449
0.778410 0.009759 0.778135 0.010714 0.777406 0.010496
0.179331 0.143786 0.176104 0.142080 0.176306 0.138813
0.179331 0.143786 0.176306 0.138813 0.180744 0.138448
0.618145 0.853700 0.614020 0.852664 0.616503 0.850091
0.618145 0.853700 0.616503 0.850091 0.618546 0.850911
0.778112 0.010893 0.777498 0.011520 0.777196 0.010640
0.848394 0.236768 0.847962 0.236262 0.848557 0.235291
0.848394 0.236768 0.848557 0.235291 0.851941 0.233554
0.848394 0.236768 0.851941 0.233554 0.849091 0.237106
0.849091 0.237106 0.851941 0.233554 0.852295 0.240201
0.170811 0.156279 0.171338 0.161192 0.168157 0.159617
0.166985 0.169860 0.164578 0.171603 0.166498 0.163506
0.091973 0.093028 0.090623 0.094433 0.090729 0.092014
0.154055 0.492325 0.152206 0.494097 0.153007 0.490526
0.091552 0.099972 0.090322 0.100628 0.090906 0.097961
0.843347 0.234068 0.844479 0.233280 0.844181 0.234333
0.092137 0.087801 0.091649 0.087620 0.091635 0.087250
0.092137 0.087801 0.091635 0.087250 0.090677 0.086276
0.090322 0.100628 0.092534 0.101549 0.092322 0.101642
0.092631 0.101629 0.092594 0.101726 0.092534 0.101549
0.207630 0.928951 0.207704 0.929561 0.207295 0.929174
0.845117 0.234815 0.844479 0.233280 0.846755 0.234057
0.845117 0.234815 0.846755 0.234057 0.847027 0.235692
0.168616 0.167174 0.166498 0.163506 0.168712 0.162399
0.091860 0.089062 0.091226 0.088898 0.091509 0.087804
0.847962 0.236262 0.847027 0.235692 0.847891 0.234761
0.614020 0.852664 0.609389 0.852412 0.611332 0.849627
0.173380 0.155712 0.172188 0.157689 0.172647 0.155596
0.789108 0.994041 0.789542 0.992154 0.790268 0.992987
0.789108 0.994041 0.788679 0.992176 0.789542 0.992154
0.858102 0.244091 0.857107 0.236195 0.861042 0.237227
0.204729 0.931933 0.206227 0.930671 0.206857 0.931186
0.204729 0.931933 0.206857 0.931186 0.207440 0.931944
0.091226 0.088898 0.090478 0.090899 0.090132 0.089649
0.622207 0.853486 0.621150 0.851801 0.621796 0.849719
0.586600 0.860722 0.583998 0.860675 0.585322 0.856664
0.624152 0.853412 0.622207 0.853486 0.624822 0.852069
0.590699 0.859330 0.590848 0.855270 0.596870 0.855622
0.180744 0.138448 0.176306 0.138813 0.179192 0.134467
0.791236 0.993900 0.791866 0.992274 0.791929 0.994801
0.787572 0.994428 0.785806 0.996340 0.787248 0.993973
0.788395 0.994055 0.787449 0.992543 0.788679 0.992176
0.150471 0.491622 0.149392 0.491612 0.149547 0.490615
0.791236 0.993900 0.790268 0.992987 0.791866 0.992274
0.151089 0.491071 0.150681 0.490941 0.151213 0.490869
0.843246 0.233391 0.843329 0.232330 0.843904 0.232415
0.816641 0.928719 0.817188 0.929561 0.814834 0.930229
0.152206 0.494097 0.151997 0.491220 0.153007 0.490526
0.172188 0.157689 0.170811 0.156279 0.172125 0.154584
0.785806 0.996340 0.785747 0.992802 0.787248 0.993973
0.604486 0.853984 0.601609 0.856153 0.601756 0.853493
0.601609 0.856153 0.599521 0.852822 0.601756 0.853493
0.090322 0.100628 0.091398 0.101743 0.091242 0.101563
0.604486 0.853984 0.601756 0.853493 0.601328 0.850853
0.090906 0.097961 0.088820 0.095475 0.090623 0.094433
0.090704 0.103159 0.091064 0.102316 0.091295 0.102140
0.090623 0.094433 0.088820 0.095475 0.089195 0.093822
0.151166 0.490713 0.150681 0.490941 0.150753 0.489878
0.151166 0.490713 0.150753 0.489878 0.152546 0.488781
0.566559 0.868931 0.565153 0.862408 0.569627 0.863820
0.151997 0.491220 0.152219 0.491175 0.153007 0.490526
0.622207 0.853486 0.621796 0.849719 0.624822 0.852069
0.172125 0.154584 0.170811 0.156279 0.171717 0.151847
0.207704 0.929561 0.208308 0.929731 0.208000 0.929918
0.091509 0.087804 0.091226 0.088898 0.090869 0.087611
0.957005 0.411866 0.967052 0.409788 0.961030 0.415219
0.787850 0.993926 0.787291 0.993392 0.787449 0.992543
0.618546 0.850911 0.619932 0.850279 0.621150 0.851801
0.967052 0.409788 0.966169 0.414828 0.961030 0.415219
0.817644 0.017376 0.816619 0.018097 0.814847 0.017112
0.596870 0.855622 0.596290 0.852225 0.599521 0.852822
0.091226 0.088898 0.090132 0.089649 0.089145 0.088951
0.091226 0.088898 0.089145 0.088951 0.090381 0.087181
0.775497 0.024971 0.773230 0.028642 0.770795 0.023492
0.166498 0.163506 0.164578 0.171603 0.163421 0.165133
0.791929 0.994801 0.793293 0.993905 0.793508 0.994392
0.576724 0.862125 0.581539 0.858800 0.581476 0.862065
0.174380 0.147073 0.174448 0.145418 0.176104 0.142080
0.174380 0.147073 0.176104 0.142080 0.179331 0.143786
0.172706 0.153586 0.171717 0.151847 0.172810 0.153282
0.149392 0.491612 0.145537 0.492270 0.149547 0.490615
0.091895 0.083656 0.090677 0.086276 0.090408 0.082415
0.164578 0.171603 0.162738 0.170619 0.163421 0.165133
0.844479 0.233280 0.844689 0.232052 0.846436 0.232288
0.844479 0.233280 0.846436 0.232288 0.846645 0.233447
0.847312 0.234695 0.847423 0.233914 0.847891 0.234761
0.152546 0.488781 0.150753 0.489878 0.151803 0.488709
0.621150 0.851801 0.619932 0.850279 0.621796 0.849719
0.791866 0.992274 0.790268 0.992987 0.791590 0.991688
0.172755 0.152939 0.171717 0.151847 0.172674 0.152528
0.566559 0.868931 0.557993 0.865881 0.565153 0.862408
0.153007 0.490526 0.152614 0.490393 0.152546 0.488781
0.154055 0.492325 0.155192 0.488512 0.156547 0.487879
0.775826 0.014910 0.775033 0.015091 0.775862 0.013185
0.775486 0.016578 0.774991 0.019507 0.773595 0.015454
0.775486 0.016578 0.775033 0.015091 0.775510 0.015148
0.775486 0.016578 0.773595 0.015454 0.775033 0.015091
0.090548 0.101503 0.087536 0.102677 0.090322 0.100628
0.168712 0.162399 0.166498 0.163506 0.164722 0.160947
0.168712 0.162399 0.164722 0.160947 0.168157 0.159617
0.588386 0.857813 0.590848 0.855270 0.590699 0.859330
0.793293 0.993905 0.791929 0.994801 0.791866 0.992274
0.793293 0.993905 0.791866 0.992274 0.794983 0.990949
0.793293 0.993905 0.794983 0.990949 0.794137 0.994273
0.847891 0.234761 0.847423 0.233914 0.849402 0.234058
0.583998 0.860675 0.581539 0.858800 0.585322 0.856664
0.174713 0.149499 0.172674 0.152528 0.173383 0.150173
0.009119 0.655794 0.007802 0.654792 0.009455 0.654798
0.618546 0.850911 0.619162 0.849255 0.619685 0.849640
0.596870 0.855622 0.590848 0.855270 0.596290 0.852225
0.820321 0.020874 0.818531 0.022331 0.817117 0.023307
0.820321 0.020874 0.817117 0.023307 0.815434 0.019358
0.090906 0.097961 0.090322 0.100628 0.086875 0.099122
0.090623 0.094433 0.089435 0.092799 0.090009 0.091857
0.816682 0.042153 0.818618 0.040628 0.817689 0.042346
0.775862 0.013185 0.775033 0.015091 0.774041 0.012741
0.775862 0.013185 0.774041 0.012741 0.775996 0.011099
0.813612 0.943152 0.814485 0.942397 0.814395 0.943833
0.154055 0.492325 0.153007 0.490526 0.155192 0.488512
0.007799 0.656258 0.007272 0.657365 0.007798 0.656067
0.010059 0.657247 0.010033 0.657649 0.009574 0.657234
0.817381 0.939656 0.818230 0.942348 0.815848 0.941925
0.881228 0.444791 0.881664 0.443805 0.881686 0.445454
0.619932 0.850279 0.620230 0.849411 0.621796 0.849719
0.775996 0.011099 0.774860 0.010136 0.775793 0.009500
0.775996 0.011099 0.774041 0.012741 0.774151 0.010985
0.775996 0.011099 0.774151 0.010985 0.774860 0.010136
0.907891 0.450827 0.900999 0.451155 0.908975 0.446183
0.814834 0.930229 0.805498 0.932665 0.808354 0.928772
0.090275 0.102310 0.090704 0.103159 0.087536 0.102677
0.790268 0.992987 0.790090 0.991271 0.790969 0.991364
0.009574 0.657234 0.010033 0.657649 0.007272 0.657365
0.604486 0.853984 0.601328 0.850853 0.606478 0.854192
0.090906 0.097961 0.086875 0.099122 0.087852 0.097302
0.090906 0.097961 0.087852 0.097302 0.088820 0.095475
0.173327 0.150036 0.173196 0.149477 0.174713 0.149499
0.174380 0.147073 0.174713 0.149499 0.173196 0.149477
0.207470 0.930444 0.207682 0.930577 0.207599 0.930588
0.814893 0.941266 0.813399 0.939426 0.817381 0.939656
0.090009 0.091857 0.089435 0.092799 0.088755 0.092223
0.090009 0.091857 0.088202 0.091610 0.088891 0.090432
0.090677 0.086643 0.090351 0.086593 0.090677 0.086276
0.166498 0.163506 0.163421 0.165133 0.164722 0.160947
0.172674 0.152528 0.171717 0.151847 0.173196 0.149477
0.172674 0.152528 0.173196 0.149477 0.173123 0.150270
0.170811 0.156279 0.168157 0.159617 0.167605 0.156085
0.847423 0.233914 0.846436 0.232288 0.847713 0.230769
0.847423 0.233914 0.848282 0.232692 0.849402 0.234058
0.847423 0.233914 0.847713 0.230769 0.848282 0.232692
0.817381 0.939656 0.813399 0.939426 0.815720 0.938819
0.816619 0.018097 0.814629 0.017649 0.814847 0.017112
0.819258 0.023307 0.819974 0.024485 0.819168 0.024442
0.819258 0.023307 0.818021 0.024301 0.817117 0.023307
0.816619 0.018097 0.815434 0.019358 0.814658 0.017919
0.775033 0.015091 0.773595 0.015454 0.774041 0.012741
0.849445 0.234871 0.849402 0.234058 0.851941 0.233554
0.814071 0.941512 0.812370 0.940959 0.813399 0.939426
0.881664 0.443805 0.881820 0.442439 0.882853 0.440656
0.881664 0.443805 0.882853 0.440656 0.881686 0.445454
0.794137 0.994273 0.794983 0.990949 0.795139 0.993080
0.090322 0.100628 0.087536 0.102677 0.086875 0.099122
0.090132 0.089649 0.089876 0.090542 0.089568 0.090126
0.090132 0.089649 0.089317 0.089905 0.089145 0.088951
0.786587 0.993138 0.785747 0.992802 0.787449 0.992543
0.170811 0.156279 0.167605 0.156085 0.168952 0.149911
0.576724 0.862125 0.569627 0.863820 0.572535 0.858093
0.775497 0.024971 0.768330 0.018906 0.774991 0.019507
0.775497 0.024971 0.770795 0.023492 0.768330 0.018906
0.908975 0.446183 0.900999 0.451155 0.906097 0.443534
0.810509 0.944068 0.808571 0.944662 0.803890 0.942316
0.810509 0.944068 0.803890 0.942316 0.813399 0.939426
0.170811 0.156279 0.168952 0.149911 0.171717 0.151847
0.090351 0.086593 0.090381 0.087181 0.089145 0.086753
0.090381 0.087181 0.089145 0.088951 0.089145 0.086753
0.168157 0.159617 0.164722 0.160947 0.165438 0.157181
0.168157 0.159617 0.165438 0.157181 0.167605 0.156085
0.588386 0.857813 0.591925 0.845644 0.590848 0.855270
0.208028 0.930612 0.208257 0.930772 0.207917 0.930731
0.007272 0.657365 0.006070 0.655606 0.006765 0.655539
0.139482 0.497146 0.136708 0.497033 0.135591 0.495152
0.139482 0.497146 0.135591 0.495152 0.138053 0.494075
0.153007 0.490526 0.154556 0.488641 0.155192 0.488512
0.153007 0.490526 0.152546 0.488781 0.153795 0.488740
0.811761 0.942714 0.813399 0.939426 0.812370 0.940959
0.089435 0.092799 0.088477 0.093285 0.088755 0.092223
0.619685 0.849640 0.619162 0.849255 0.619744 0.848258
0.581539 0.858800 0.576724 0.862125 0.572535 0.858093
0.774991 0.019507 0.772689 0.016100 0.773595 0.015454
0.171717 0.151847 0.169332 0.146157 0.173196 0.149477
0.171717 0.151847 0.168952 0.149911 0.169332 0.146157
0.173196 0.149477 0.173073 0.145601 0.174380 0.147073
0.089195 0.093822 0.088820 0.095475 0.088408 0.093849
0.173196 0.149477 0.169332 0.146157 0.173073 0.145601
0.174448 0.145418 0.174486 0.143801 0.176104 0.142080
0.090065 0.086252 0.089145 0.086753 0.090677 0.086276
0.174380 0.147073 0.173073 0.145601 0.174000 0.145562
0.849402 0.234058 0.848282 0.232692 0.850401 0.232726
0.849402 0.234058 0.850401 0.232726 0.851941 0.233554
0.176104 0.142080 0.175680 0.140794 0.175392 0.140441
0.176104 0.142080 0.175392 0.140441 0.176306 0.138813
0.814057 0.017116 0.810886 0.017116 0.814847 0.017112
0.090677 0.086276 0.087921 0.083794 0.090408 0.082415
0.176306 0.138813 0.176819 0.136949 0.179192 0.134467
0.620230 0.849411 0.619744 0.848258 0.621796 0.849719
0.814834 0.930229 0.814608 0.933918 0.805498 0.932665
0.616503 0.850091 0.614020 0.852664 0.611332 0.849627
0.088820 0.095475 0.087852 0.097302 0.086912 0.095605
0.088820 0.095475 0.087043 0.094356 0.087757 0.093840
0.088820 0.095475 0.086912 0.095605 0.087043 0.094356
0.774860 0.010136 0.774151 0.010985 0.773478 0.009971
0.774860 0.010136 0.774015 0.009603 0.774765 0.009019
0.141393 0.494171 0.139673 0.492071 0.145537 0.492270
0.089317 0.089905 0.088394 0.089330 0.089145 0.088951
0.791866 0.992274 0.792130 0.989643 0.792407 0.988419
0.601756 0.853493 0.599521 0.852822 0.601328 0.850853
0.090704 0.103159 0.088800 0.106665 0.087536 0.102677
0.881686 0.445454 0.884289 0.452007 0.880917 0.448597
0.789381 0.990936 0.789718 0.989089 0.790554 0.990072
0.789381 0.990936 0.788167 0.989344 0.789718 0.989089
0.774373 0.007826 0.773102 0.008160 0.773080 0.007201
0.176104 0.142080 0.174486 0.143801 0.175144 0.141553
0.880724 0.451725 0.880917 0.448597 0.882326 0.452800
0.880724 0.451725 0.882326 0.452800 0.881179 0.452330
0.006070 0.655606 0.005500 0.654496 0.006583 0.655204
0.807531 0.945120 0.805743 0.943917 0.803890 0.942316
0.881686 0.445454 0.882853 0.440656 0.883712 0.445682
0.618546 0.850911 0.616503 0.850091 0.616549 0.847542
0.173784 0.145499 0.173073 0.145601 0.174486 0.143801
0.788498 0.991080 0.787704 0.990801 0.788167 0.989344
0.090677 0.086276 0.088977 0.085923 0.087921 0.083794
0.814346 0.038583 0.813728 0.035292 0.815994 0.040796
0.773595 0.015454 0.772689 0.016100 0.772401 0.014490
0.773595 0.015454 0.772401 0.014490 0.774041 0.012741
0.141393 0.494171 0.138053 0.494075 0.139673 0.492071
0.907891 0.450827 0.905856 0.461981 0.903094 0.458736
0.618786 0.848881 0.618546 0.850911 0.618420 0.847854
0.618786 0.848881 0.618420 0.847854 0.619744 0.848258
0.881686 0.445454 0.883712 0.445682 0.884289 0.452007
0.168952 0.149911 0.167605 0.156085 0.168162 0.148584
0.136708 0.497033 0.132646 0.495317 0.135591 0.495152
0.774041 0.012741 0.772964 0.012078 0.774151 0.010985
0.774041 0.012741 0.772401 0.014490 0.772449 0.012605
0.089145 0.088951 0.088373 0.088059 0.089145 0.086753
0.088891 0.090432 0.088202 0.091610 0.087561 0.090293
0.088891 0.090432 0.087561 0.090293 0.088394 0.089330
0.961030 0.415219 0.955117 0.422392 0.957005 0.411866
0.816682 0.042153 0.815994 0.040796 0.817063 0.037760
0.816682 0.042153 0.818520 0.038001 0.818618 0.040628
0.816682 0.042153 0.817063 0.037760 0.818520 0.038001
0.785747 0.992802 0.786402 0.990524 0.787208 0.991365
0.164722 0.160947 0.163421 0.165133 0.162622 0.160388
0.815665 0.937435 0.813399 0.939426 0.815219 0.936059
0.606478 0.854192 0.603460 0.847462 0.609389 0.852412
0.848282 0.232692 0.849352 0.231517 0.849901 0.231751
0.774991 0.019507 0.768330 0.018906 0.771391 0.016909
0.813374 0.017321 0.811405 0.017758 0.810886 0.017116
0.792130 0.989643 0.791351 0.989444 0.792407 0.988419
0.813523 0.017635 0.815434 0.019358 0.811405 0.017758
0.774151 0.010985 0.772964 0.012078 0.771986 0.010527
0.774151 0.010985 0.771986 0.010527 0.773478 0.009971
0.164722 0.160947 0.162622 0.160388 0.165438 0.157181
0.957005 0.411866 0.955117 0.422392 0.948632 0.417960
0.821661 0.025609 0.822966 0.025313 0.822355 0.026043
0.808354 0.928772 0.805498 0.932665 0.801260 0.930353
0.852295 0.240201 0.851941 0.233554 0.857107 0.236195
0.167605 0.156085 0.165438 0.157181 0.168162 0.148584
0.883712 0.445682 0.882853 0.440656 0.884081 0.442499
0.774991 0.019507 0.771391 0.016909 0.772689 0.016100
0.882853 0.440656 0.884212 0.441792 0.884101 0.442214
0.791866 0.992274 0.792407 0.988419 0.794343 0.987185
0.791866 0.992274 0.794343 0.987185 0.794983 0.990949
0.815434 0.019358 0.817117 0.023307 0.811465 0.019513
0.089145 0.086753 0.088373 0.088059 0.088074 0.087113
0.176306 0.138813 0.175392 0.140441 0.176819 0.136949
0.815434 0.019358 0.811465 0.019513 0.811405 0.017758
0.880653 0.453922 0.881446 0.453233 0.881160 0.454505
0.611332 0.849627 0.613427 0.846375 0.616503 0.850091
0.599521 0.852822 0.596290 0.852225 0.601328 0.850853
0.588386 0.857813 0.585322 0.856664 0.587843 0.850772
0.174825 0.141647 0.174486 0.143801 0.175392 0.140441
0.900999 0.451155 0.907891 0.450827 0.903094 0.458736
0.145537 0.492270 0.139673 0.492071 0.143315 0.490518
0.787704 0.990801 0.787449 0.989930 0.788167 0.989344
0.883712 0.445682 0.884913 0.444159 0.885839 0.444527
0.804821 0.945779 0.804072 0.945462 0.805743 0.943917
0.820912 0.026152 0.822355 0.026043 0.820915 0.026796
0.785747 0.992802 0.780928 0.990116 0.783731 0.990204
0.588386 0.857813 0.587843 0.850772 0.591925 0.845644
0.883712 0.445682 0.885839 0.444527 0.884289 0.452007
0.815994 0.040796 0.813728 0.035292 0.815248 0.033302
0.772689 0.016100 0.771391 0.016909 0.772401 0.014490
0.618546 0.850911 0.616549 0.847542 0.618420 0.847854
0.088202 0.091610 0.087346 0.091852 0.087076 0.090876
0.088202 0.091610 0.087076 0.090876 0.087561 0.090293
0.585322 0.856664 0.581539 0.858800 0.579928 0.853647
0.787382 0.990745 0.786785 0.990290 0.787108 0.990243
0.088977 0.085923 0.088084 0.085972 0.087921 0.083794
0.174486 0.143801 0.173073 0.145601 0.175392 0.140441
0.790614 0.989345 0.789718 0.989089 0.790150 0.988821
0.087937 0.093255 0.087190 0.093087 0.087938 0.092771
0.773080 0.007201 0.772499 0.007900 0.771980 0.006788
0.088394 0.089330 0.087561 0.090293 0.087559 0.088665
0.792407 0.988419 0.791268 0.988893 0.791371 0.988348
0.818021 0.024301 0.817376 0.025036 0.817117 0.023307
0.087938 0.092771 0.087190 0.093087 0.087346 0.091852
0.819082 0.025817 0.819136 0.026329 0.818642 0.026823
0.819082 0.025817 0.818642 0.026823 0.817784 0.026636
0.819082 0.025817 0.817784 0.026636 0.818176 0.025471
0.089425 0.108609 0.086666 0.109699 0.088800 0.106665
0.817063 0.037760 0.815994 0.040796 0.816181 0.031407
0.135591 0.495152 0.133874 0.492452 0.138053 0.494075
0.087757 0.093840 0.086997 0.093648 0.087190 0.093087
0.885173 0.442482 0.885500 0.442282 0.885369 0.442607
0.881446 0.453233 0.882326 0.452800 0.881970 0.454060
0.881446 0.453233 0.881970 0.454060 0.881397 0.455294
0.822966 0.025313 0.824416 0.026015 0.822355 0.026043
0.815994 0.040796 0.815248 0.033302 0.816181 0.031407
0.818618 0.040628 0.819077 0.037976 0.819457 0.037659
0.882853 0.440656 0.884744 0.440147 0.884748 0.440538
0.088373 0.088059 0.088134 0.087666 0.088074 0.087113
0.088373 0.088059 0.087559 0.088665 0.087966 0.088025
0.885624 0.441576 0.885860 0.441530 0.885847 0.441817
0.885624 0.441576 0.885242 0.440883 0.885666 0.441293
0.885118 0.443201 0.885809 0.442493 0.885839 0.444527
0.792407 0.988419 0.791371 0.988348 0.791872 0.987996
0.785747 0.992802 0.783731 0.990204 0.786056 0.989528
0.772964 0.012078 0.771947 0.011911 0.771986 0.010527
0.616503 0.850091 0.613427 0.846375 0.616549 0.847542
0.880917 0.448597 0.884289 0.452007 0.882326 0.452800
0.815219 0.936059 0.807530 0.938123 0.814608 0.933918
0.569627 0.863820 0.565153 0.862408 0.567299 0.853944
0.572535 0.858093 0.579928 0.853647 0.581539 0.858800
0.804072 0.945462 0.803890 0.942316 0.805743 0.943917
0.569627 0.863820 0.567299 0.853944 0.572535 0.858093
0.772401 0.014490 0.771391 0.016909 0.770614 0.015141
0.772401 0.014490 0.771230 0.013311 0.771565 0.012963
0.772401 0.014490 0.770372 0.014334 0.771230 0.013311
0.822355 0.026043 0.822286 0.027063 0.820915 0.026796
0.822355 0.026043 0.822819 0.026741 0.822286 0.027063
0.163421 0.165133 0.161384 0.162963 0.162622 0.160388
0.850744 0.232633 0.850790 0.231312 0.851941 0.233554
0.173073 0.145601 0.171542 0.146261 0.170786 0.142902
0.173073 0.145601 0.170786 0.142902 0.175392 0.140441
0.794983 0.990949 0.794343 0.987185 0.796444 0.990420
0.168162 0.148584 0.165438 0.157181 0.166709 0.145510
0.789718 0.989089 0.789848 0.988658 0.790150 0.988821
0.789718 0.989089 0.788847 0.988428 0.789694 0.988441
0.087852 0.097302 0.085874 0.097000 0.086912 0.095605
0.817117 0.023307 0.817376 0.025036 0.812197 0.022845
0.819827 0.033199 0.819543 0.033393 0.819619 0.033148
0.803680 0.945421 0.802852 0.945610 0.803890 0.942316
0.787449 0.989930 0.786688 0.989633 0.785998 0.988465
0.787449 0.989930 0.785998 0.988465 0.788167 0.989344
0.885809 0.442493 0.886887 0.442768 0.885839 0.444527
0.791371 0.988348 0.791515 0.987807 0.791872 0.987996
0.881397 0.455294 0.881970 0.454060 0.881941 0.455815
0.881397 0.455294 0.881941 0.455815 0.881796 0.458247
0.882326 0.452800 0.884289 0.452007 0.884206 0.458172
0.882326 0.452800 0.884206 0.458172 0.882864 0.455598
0.882326 0.452800 0.882864 0.455598 0.881970 0.454060
0.886199 0.441656 0.886887 0.442768 0.886101 0.442107
0.815219 0.936059 0.813399 0.939426 0.807530 0.938123
0.176819 0.136949 0.175392 0.140441 0.174965 0.135171
0.087561 0.090293 0.087076 0.090876 0.086708 0.090295
0.087561 0.090293 0.086708 0.090295 0.087559 0.088665
0.820915 0.026796 0.822286 0.027063 0.820733 0.027267
0.087346 0.091852 0.087190 0.093087 0.086313 0.091350
0.087346 0.091852 0.086313 0.091350 0.087076 0.090876
0.819586 0.036682 0.819449 0.036658 0.819644 0.036273
0.026012 0.104125 0.025806 0.102910 0.026480 0.103129
0.087190 0.093087 0.086783 0.093257 0.085761 0.092658
0.087190 0.093087 0.085761 0.092658 0.086313 0.091350
0.849901 0.231751 0.849895 0.231355 0.850790 0.231312
0.606478 0.854192 0.601328 0.850853 0.603460 0.847462
0.814608 0.933918 0.804642 0.935787 0.805498 0.932665
0.788167 0.989344 0.785998 0.988465 0.788078 0.987773
0.138053 0.494075 0.136475 0.491451 0.139673 0.492071
0.771391 0.016909 0.768330 0.018906 0.769246 0.017560
0.771391 0.016909 0.769246 0.017560 0.769308 0.015606
0.771391 0.016909 0.769308 0.015606 0.770614 0.015141
0.088084 0.085972 0.087559 0.088665 0.087921 0.083794
0.814608 0.933918 0.807530 0.938123 0.804642 0.935787
0.772394 0.009046 0.772014 0.009278 0.772172 0.008955
0.817376 0.025036 0.817784 0.026636 0.816051 0.026640
0.817376 0.025036 0.816051 0.026640 0.814950 0.025431
0.817376 0.025036 0.814950 0.025431 0.812197 0.022845
0.609389 0.852412 0.603460 0.847462 0.606255 0.846002
0.609389 0.852412 0.606255 0.846002 0.611332 0.849627
0.820733 0.027267 0.822286 0.027063 0.822359 0.028001
0.819196 0.028830 0.819066 0.031037 0.817708 0.028918
0.175392 0.140441 0.170786 0.142902 0.172725 0.139157
0.171542 0.146261 0.169576 0.143788 0.170786 0.142902
0.585322 0.856664 0.584093 0.848508 0.587843 0.850772
0.817117 0.023307 0.812197 0.022845 0.811465 0.019513
0.168952 0.149911 0.168162 0.148584 0.171542 0.146261
0.819365 0.034312 0.818455 0.035118 0.819079 0.033550
0.175392 0.140441 0.172725 0.139157 0.174965 0.135171
0.087852 0.097302 0.086875 0.099122 0.085874 0.097000
0.086783 0.093257 0.086520 0.093717 0.086134 0.093617
0.086783 0.093257 0.086134 0.093617 0.085761 0.092658
0.819346 0.035060 0.819129 0.035294 0.818455 0.035118
0.165438 0.157181 0.162622 0.160388 0.163273 0.150114
0.820608 0.033805 0.820589 0.033433 0.821116 0.033176
0.820589 0.033433 0.820622 0.032560 0.821116 0.033176
0.813399 0.939426 0.803890 0.942316 0.806976 0.939404
0.025806 0.102910 0.025903 0.102279 0.026480 0.103129
0.611332 0.849627 0.606255 0.846002 0.610301 0.845147
0.792407 0.988419 0.792394 0.987213 0.792336 0.986928
0.027191 0.104728 0.027015 0.103717 0.028163 0.104620
0.088800 0.106665 0.086666 0.109699 0.087536 0.102677
0.792407 0.988419 0.792976 0.986954 0.794343 0.987185
0.771700 0.011966 0.771565 0.012963 0.771230 0.013311
0.771496 0.008173 0.771516 0.008828 0.771292 0.008949
0.771496 0.008173 0.771292 0.008949 0.770942 0.009063
0.132646 0.495317 0.132099 0.493859 0.135591 0.495152
0.565153 0.862408 0.557993 0.865881 0.559528 0.858700
0.788847 0.988428 0.789230 0.987734 0.789341 0.988022
0.788847 0.988428 0.788078 0.987773 0.789230 0.987734
0.770795 0.023492 0.767625 0.019509 0.768330 0.018906
0.770795 0.023492 0.766725 0.020925 0.767625 0.019509
0.819079 0.033550 0.818455 0.035118 0.818941 0.033146
0.786056 0.989528 0.783731 0.990204 0.785998 0.988465
0.791585 0.987239 0.790818 0.987481 0.790573 0.986678
0.791585 0.987239 0.790573 0.986678 0.791505 0.986253
0.791585 0.987239 0.791505 0.986253 0.792305 0.986446
0.819066 0.031037 0.822564 0.029951 0.820751 0.031835
0.817063 0.037760 0.818455 0.035118 0.818146 0.035739
0.818170 0.027833 0.817708 0.028918 0.816983 0.028162
0.818146 0.035739 0.818455 0.035118 0.818571 0.035569
0.771230 0.013311 0.769883 0.012116 0.771320 0.011318
0.819066 0.031037 0.821063 0.028634 0.822564 0.029951
0.905856 0.461981 0.905357 0.467924 0.902995 0.472917
0.771669 0.009212 0.771329 0.009310 0.771363 0.009004
0.168162 0.148584 0.166709 0.145510 0.171542 0.146261
0.821063 0.028634 0.822359 0.028001 0.822564 0.029951
0.822286 0.027063 0.822893 0.026865 0.822857 0.027171
0.824416 0.026015 0.828424 0.025202 0.827423 0.026208
0.817063 0.037760 0.816181 0.031407 0.818455 0.035118
0.820751 0.031835 0.822564 0.029951 0.821116 0.033176
0.139673 0.492071 0.139786 0.489917 0.143315 0.490518
0.771320 0.011318 0.770282 0.010803 0.771106 0.010646
0.771320 0.011318 0.769608 0.011537 0.770282 0.010803
0.961030 0.415219 0.966169 0.414828 0.955117 0.422392
0.165438 0.157181 0.163273 0.150114 0.166709 0.145510
0.783731 0.990204 0.783798 0.987991 0.785998 0.988465
0.171542 0.146261 0.166709 0.145510 0.169576 0.143788
0.086875 0.099122 0.083491 0.099614 0.085874 0.097000
0.572535 0.858093 0.571135 0.852145 0.579928 0.853647
0.811405 0.017758 0.807903 0.017538 0.810886 0.017116
0.813399 0.939426 0.806976 0.939404 0.807530 0.938123
0.590848 0.855270 0.591925 0.845644 0.596136 0.846424
0.590848 0.855270 0.596136 0.846424 0.596290 0.852225
0.087536 0.102677 0.083878 0.103125 0.086875 0.099122
0.789828 0.987508 0.789230 0.987734 0.789144 0.987003
0.801359 0.945301 0.800679 0.945083 0.803890 0.942316
0.818681 0.033054 0.818455 0.035118 0.818516 0.033028
0.027015 0.103717 0.026981 0.102263 0.028163 0.104620
0.789230 0.987734 0.788078 0.987773 0.789144 0.987003
0.800115 0.928651 0.801260 0.930353 0.797290 0.928975
0.811405 0.017758 0.811465 0.019513 0.807903 0.017538
0.087921 0.083794 0.087559 0.088665 0.084956 0.086030
0.785998 0.988465 0.786596 0.987344 0.788078 0.987773
0.851941 0.233554 0.851827 0.230593 0.853872 0.229842
0.851941 0.233554 0.853872 0.229842 0.854623 0.230912
0.882864 0.455598 0.884206 0.458172 0.881796 0.458247
0.905856 0.461981 0.902995 0.472917 0.903094 0.458736
0.885839 0.444527 0.888089 0.451319 0.884289 0.452007
0.087559 0.088665 0.085898 0.090358 0.084744 0.090342
0.851941 0.233554 0.854623 0.230912 0.857107 0.236195
0.085677 0.095096 0.085874 0.097000 0.084995 0.094587
0.818349 0.031715 0.818115 0.031951 0.819066 0.031037
0.770372 0.014334 0.770054 0.014166 0.770061 0.013668
0.881796 0.458247 0.882294 0.459754 0.881849 0.460199
0.794343 0.987185 0.792950 0.986110 0.791125 0.985738
0.996022 0.614368 0.996074 0.614653 0.995797 0.614697
0.087559 0.088665 0.084744 0.090342 0.084956 0.086030
0.816181 0.031407 0.816794 0.034143 0.818455 0.035118
0.085782 0.091724 0.084744 0.090342 0.085898 0.090358
0.086875 0.099122 0.083878 0.103125 0.083491 0.099614
0.085874 0.097000 0.082982 0.096457 0.084995 0.094587
0.810886 0.017116 0.806703 0.016879 0.808934 0.015655
0.139673 0.492071 0.136475 0.491451 0.139786 0.489917
0.174965 0.135171 0.172138 0.134241 0.173726 0.133238
0.800679 0.945083 0.799808 0.943515 0.803890 0.942316
0.790573 0.986678 0.791125 0.985738 0.791505 0.986253
0.823528 0.026828 0.827423 0.026208 0.823348 0.027125
0.817662 0.030314 0.819066 0.031037 0.817591 0.030813
0.816983 0.028162 0.816906 0.029090 0.815587 0.028118
0.816983 0.028162 0.815587 0.028118 0.815902 0.027503
0.085874 0.097000 0.083491 0.099614 0.082982 0.096457
0.174965 0.135171 0.172725 0.139157 0.172138 0.134241
0.172725 0.139157 0.170955 0.137551 0.172138 0.134241
0.579928 0.853647 0.581099 0.848940 0.585322 0.856664
0.996512 0.615627 0.996237 0.615619 0.996186 0.615484
0.996512 0.615627 0.996330 0.615963 0.996237 0.615619
0.585322 0.856664 0.581099 0.848940 0.584093 0.848508
0.790070 0.986765 0.789854 0.986310 0.790226 0.986481
0.851827 0.230593 0.852373 0.228634 0.853872 0.229842
0.996902 0.615693 0.997120 0.616012 0.996895 0.616042
0.881796 0.458247 0.884206 0.458172 0.882294 0.459754
0.770061 0.013668 0.769463 0.013950 0.769103 0.012041
0.028163 0.104620 0.026981 0.102263 0.028147 0.102856
0.028163 0.104620 0.028147 0.102856 0.029667 0.104166
0.792726 0.985943 0.792500 0.985843 0.791125 0.985738
0.026134 0.101625 0.026722 0.101452 0.026981 0.102263
0.884289 0.452007 0.888089 0.451319 0.884206 0.458172
0.170233 0.141666 0.169576 0.143788 0.168336 0.140946
0.170233 0.141666 0.168336 0.140946 0.172725 0.139157
0.801260 0.930353 0.805498 0.932665 0.799034 0.934379
0.801260 0.930353 0.799034 0.934379 0.797290 0.928975
0.903094 0.458736 0.898463 0.456854 0.900999 0.451155
0.810886 0.017116 0.807903 0.017538 0.806703 0.016879
0.769246 0.017560 0.768330 0.018906 0.767989 0.017905
0.769246 0.017560 0.767989 0.017905 0.767854 0.016598
0.769246 0.017560 0.767854 0.016598 0.769308 0.015606
0.085186 0.093248 0.080001 0.094807 0.084825 0.092302
0.828424 0.025202 0.828837 0.025651 0.827423 0.026208
0.857107 0.236195 0.855381 0.230517 0.856441 0.231089
0.948632 0.417960 0.955117 0.422392 0.941736 0.421497
0.816181 0.031407 0.816873 0.030458 0.816731 0.030749
0.084995 0.094587 0.082982 0.096457 0.080001 0.094807
0.596290 0.852225 0.596136 0.846424 0.601328 0.850853
0.818455 0.035118 0.817252 0.033776 0.817520 0.033534
0.821116 0.033176 0.822564 0.029951 0.822385 0.035741
0.803890 0.942316 0.799808 0.943515 0.798592 0.941677
0.803890 0.942316 0.798592 0.941677 0.801699 0.940674
0.133874 0.492452 0.136475 0.491451 0.138053 0.494075
0.087536 0.102677 0.086666 0.109699 0.083878 0.103125
0.966169 0.414828 0.968178 0.418649 0.962926 0.427268
0.819066 0.031037 0.817728 0.031943 0.817652 0.031823
0.135591 0.495152 0.132414 0.492992 0.133874 0.492452
0.783731 0.990204 0.780928 0.990116 0.783798 0.987991
0.172725 0.139157 0.168336 0.140946 0.170955 0.137551
0.769308 0.015606 0.768074 0.015773 0.768581 0.014788
0.769308 0.015606 0.767854 0.016598 0.768074 0.015773
0.823447 0.027555 0.827423 0.026208 0.825769 0.027488
0.823447 0.027555 0.825769 0.027488 0.822564 0.029951
0.169576 0.143788 0.166709 0.145510 0.168336 0.140946
0.803890 0.942316 0.801699 0.940674 0.804269 0.939185
0.769432 0.014343 0.768581 0.014788 0.768485 0.013566
0.995809 0.615773 0.995934 0.616114 0.995444 0.616444
0.997830 0.615551 0.998207 0.615502 0.998029 0.615711
0.790048 0.986244 0.789854 0.986310 0.791125 0.985738
0.769463 0.013950 0.768231 0.012887 0.769103 0.012041
0.805498 0.932665 0.804642 0.935787 0.799034 0.934379
0.140842 0.488925 0.139786 0.489917 0.139450 0.488339
0.140842 0.488925 0.139450 0.488339 0.140220 0.488426
0.882102 0.461300 0.882465 0.460892 0.882572 0.462834
0.882102 0.461300 0.882572 0.462834 0.882002 0.462249
0.162622 0.160388 0.161377 0.157706 0.163273 0.150114
0.132099 0.493859 0.129157 0.493284 0.128086 0.491907
0.084825 0.092302 0.080001 0.094807 0.084744 0.090342
0.611332 0.849627 0.610301 0.845147 0.613427 0.846375
0.885839 0.444527 0.890043 0.443453 0.888089 0.451319
0.807530 0.938123 0.804184 0.937443 0.804642 0.935787
0.815108 0.026485 0.815587 0.028118 0.814950 0.025431
0.807530 0.938123 0.804650 0.938290 0.804184 0.937443
0.139786 0.489917 0.139031 0.488883 0.139450 0.488339
0.905064 0.472288 0.904550 0.474006 0.902995 0.472917
0.804269 0.939185 0.801699 0.940674 0.803107 0.938795
0.882465 0.460892 0.884206 0.458172 0.883803 0.463564
0.882465 0.460892 0.883803 0.463564 0.882572 0.462834
0.769587 0.011141 0.768751 0.011218 0.768734 0.010680
0.348914 0.938525 0.348415 0.939030 0.348533 0.938112
0.565153 0.862408 0.559528 0.858700 0.567299 0.853944
0.087921 0.083794 0.084956 0.086030 0.083747 0.082455
0.903094 0.458736 0.902995 0.472917 0.897973 0.462936
0.026195 0.100692 0.025934 0.100372 0.026005 0.100204
0.816941 0.031408 0.817073 0.031253 0.817115 0.031455
0.817192 0.032727 0.816985 0.032457 0.817135 0.032235
0.990938 0.803295 0.990968 0.803617 0.990650 0.803512
0.900999 0.451155 0.898463 0.456854 0.897974 0.450646
0.882105 0.462853 0.882157 0.463128 0.882009 0.462899
0.348533 0.938112 0.348415 0.939030 0.347603 0.938972
0.133874 0.492452 0.132414 0.492992 0.128086 0.491907
0.025462 0.100590 0.025225 0.100645 0.025492 0.100336
0.880416 0.461052 0.881248 0.463161 0.880263 0.464061
0.769103 0.012041 0.768231 0.012887 0.767998 0.011230
0.797290 0.928975 0.799034 0.934379 0.791985 0.929590
0.768074 0.015773 0.766385 0.015592 0.767437 0.014601
0.829472 0.026677 0.829371 0.027015 0.828867 0.026842
0.829472 0.026677 0.828933 0.026698 0.829293 0.026358
0.884206 0.458172 0.888089 0.451319 0.887560 0.455857
0.829293 0.026358 0.828933 0.026698 0.827423 0.026208
0.804184 0.937443 0.803784 0.938155 0.803300 0.938199
0.804184 0.937443 0.803218 0.937441 0.804642 0.935787
0.903094 0.458736 0.897973 0.462936 0.898463 0.456854
0.955117 0.422392 0.966169 0.414828 0.957619 0.426562
0.170955 0.137551 0.168336 0.140946 0.169177 0.134082
0.170955 0.137551 0.169177 0.134082 0.172138 0.134241
0.767989 0.017905 0.768330 0.018906 0.767240 0.017936
0.767989 0.017905 0.767240 0.017936 0.767854 0.016598
0.831412 0.033100 0.830761 0.034058 0.828544 0.031447
0.990389 0.804164 0.991405 0.804462 0.990847 0.804803
0.814950 0.025431 0.815587 0.028118 0.813345 0.026401
0.829450 0.027778 0.828713 0.027627 0.829217 0.027489
0.767625 0.019509 0.766725 0.020925 0.766391 0.018467
0.767625 0.019509 0.766391 0.018467 0.768330 0.018906
0.161377 0.157706 0.161201 0.153960 0.163273 0.150114
0.856441 0.231089 0.855381 0.230517 0.856542 0.229858
0.900999 0.451155 0.897974 0.450646 0.896943 0.446512
0.822564 0.029951 0.825769 0.027488 0.825453 0.030674
0.084956 0.086030 0.078818 0.085811 0.083747 0.082455
0.587843 0.850772 0.584093 0.848508 0.588642 0.846138
0.827423 0.026208 0.827899 0.026768 0.825769 0.027488
0.968178 0.418649 0.969278 0.423895 0.962926 0.427268
0.086666 0.109699 0.081174 0.110332 0.083878 0.103125
0.803067 0.938465 0.801699 0.940674 0.802888 0.938308
0.829880 0.029873 0.828544 0.031447 0.829334 0.029893
0.853872 0.229842 0.852373 0.228634 0.854647 0.229423
0.606255 0.846002 0.607207 0.843552 0.610301 0.845147
0.084744 0.090342 0.080387 0.088587 0.084956 0.086030
0.347986 0.940252 0.346575 0.943234 0.346983 0.941512
0.347986 0.940252 0.346983 0.941512 0.347115 0.940058
0.855381 0.230517 0.855484 0.229554 0.856542 0.229858
0.601328 0.850853 0.596136 0.846424 0.598895 0.842267
0.601328 0.850853 0.598895 0.842267 0.603460 0.847462
0.829579 0.029156 0.828931 0.029245 0.829118 0.028633
0.347958 0.937995 0.347603 0.938972 0.346989 0.938698
0.027042 0.101158 0.026948 0.100182 0.028199 0.101649
0.955117 0.422392 0.949349 0.425095 0.941484 0.426097
0.829019 0.027432 0.828713 0.027627 0.828644 0.027231
0.767854 0.016598 0.767240 0.017936 0.768074 0.015773
0.351084 0.939882 0.351381 0.940233 0.350511 0.941542
0.884206 0.458172 0.885828 0.462859 0.883803 0.463564
0.579928 0.853647 0.578582 0.848943 0.581099 0.848940
0.955117 0.422392 0.941484 0.426097 0.941736 0.421497
0.603460 0.847462 0.602245 0.842355 0.606255 0.846002
0.811465 0.019513 0.812197 0.022845 0.808668 0.021738
0.811465 0.019513 0.808668 0.021738 0.807903 0.017538
0.806703 0.016879 0.807903 0.017538 0.804828 0.017228
0.166709 0.145510 0.164511 0.144410 0.168336 0.140946
0.990847 0.804803 0.991405 0.804462 0.991175 0.805060
0.799034 0.934379 0.804642 0.935787 0.798792 0.937203
0.825769 0.027488 0.827647 0.027168 0.827144 0.027526
0.139786 0.489917 0.136475 0.491451 0.134100 0.488888
0.139786 0.489917 0.134100 0.488888 0.136877 0.489084
0.173726 0.133238 0.172138 0.134241 0.169177 0.134082
0.829118 0.028633 0.828931 0.029245 0.828509 0.028937
0.829118 0.028633 0.828229 0.028416 0.828691 0.027990
0.825769 0.027488 0.826444 0.028074 0.826232 0.029366
0.825769 0.027488 0.826232 0.029366 0.825453 0.030674
0.804642 0.935787 0.801235 0.937585 0.798792 0.937203
0.350583 0.940560 0.350511 0.941542 0.350475 0.941134
0.941736 0.421497 0.940196 0.423355 0.938833 0.422539
0.814950 0.025431 0.812447 0.025692 0.811766 0.025060
0.814950 0.025431 0.811570 0.024525 0.812197 0.022845
0.768006 0.013313 0.767215 0.013801 0.767296 0.012307
0.828151 0.027226 0.828052 0.027819 0.827672 0.027702
0.029667 0.104166 0.029345 0.101704 0.032404 0.102980
0.852373 0.228634 0.854505 0.228072 0.854647 0.229423
0.852373 0.228634 0.854283 0.226422 0.854505 0.228072
0.136475 0.491451 0.132878 0.489713 0.134100 0.488888
0.348529 0.941750 0.350511 0.941542 0.346575 0.943234
0.086666 0.109699 0.082638 0.112238 0.081174 0.110332
0.139450 0.488339 0.138202 0.488523 0.137157 0.488305
0.882919 0.463945 0.883803 0.463564 0.883337 0.464457
0.881248 0.463161 0.881664 0.464757 0.881274 0.464877
0.881248 0.463161 0.881274 0.464877 0.880263 0.464061
0.026948 0.100182 0.028541 0.100173 0.028199 0.101649
0.026948 0.100182 0.027819 0.098453 0.028541 0.100173
0.812197 0.022845 0.809721 0.023473 0.808668 0.021738
0.166709 0.145510 0.163273 0.150114 0.164511 0.144410
0.352790 0.940752 0.350511 0.941542 0.353076 0.944331
0.024455 0.100556 0.023917 0.101014 0.024317 0.100169
0.024455 0.100556 0.024317 0.100169 0.024649 0.100356
0.768074 0.015773 0.766585 0.017572 0.766042 0.016819
0.768074 0.015773 0.766042 0.016819 0.766385 0.015592
0.767437 0.014601 0.766385 0.015592 0.766429 0.013855
0.083878 0.103125 0.081174 0.110332 0.081023 0.107181
0.812447 0.025692 0.811846 0.026041 0.809808 0.024219
0.812447 0.025692 0.809808 0.024219 0.811766 0.025060
0.828882 0.029678 0.828544 0.031447 0.828467 0.029591
0.812197 0.022845 0.811570 0.024525 0.809808 0.024219
0.812197 0.022845 0.809808 0.024219 0.809721 0.023473
0.828019 0.028026 0.828229 0.028416 0.827578 0.028439
0.801699 0.940674 0.798792 0.937203 0.800663 0.937677
0.168336 0.140946 0.164511 0.144410 0.164515 0.140093
0.168336 0.140946 0.164515 0.140093 0.169177 0.134082
0.137727 0.488604 0.137337 0.488535 0.137157 0.488305
0.137727 0.488604 0.137390 0.488721 0.137337 0.488535
0.828229 0.028416 0.827698 0.029148 0.827578 0.028439
0.084956 0.086030 0.080387 0.088587 0.078818 0.085811
0.025885 0.098838 0.025606 0.099042 0.025430 0.098241
0.807903 0.017538 0.808668 0.021738 0.804644 0.018542
0.137607 0.488846 0.139786 0.489917 0.137390 0.488721
0.026452 0.099084 0.026462 0.098611 0.027819 0.098453
0.791985 0.929590 0.799034 0.934379 0.792916 0.933554
0.133874 0.492452 0.128086 0.491907 0.129240 0.490026
0.133874 0.492452 0.129240 0.490026 0.136475 0.491451
0.137337 0.488535 0.137054 0.488620 0.137157 0.488305
0.767215 0.013801 0.766429 0.013855 0.767296 0.012307
0.883337 0.464457 0.883803 0.463564 0.884182 0.466032
0.904722 0.478599 0.903451 0.479543 0.902995 0.472917
0.902995 0.472917 0.903451 0.479543 0.898463 0.475532
0.902995 0.472917 0.898463 0.475532 0.897973 0.462936
0.822564 0.029951 0.825453 0.030674 0.825797 0.034345
0.169177 0.134082 0.164515 0.140093 0.166187 0.133707
0.801699 0.940674 0.798592 0.941677 0.798792 0.937203
0.937712 0.422528 0.937968 0.424317 0.937241 0.423929
0.938833 0.422539 0.938981 0.423633 0.937968 0.424317
0.346181 0.942304 0.346575 0.943234 0.345540 0.943863
0.355314 0.946250 0.355409 0.947938 0.354188 0.947627
0.022706 0.101619 0.020881 0.101471 0.021858 0.100412
0.022706 0.101619 0.021858 0.100412 0.023323 0.099313
0.080001 0.094807 0.078763 0.091963 0.084744 0.090342
0.883803 0.463564 0.885828 0.462859 0.884182 0.466032
0.603460 0.847462 0.598895 0.842267 0.602245 0.842355
0.354295 0.944622 0.354205 0.945284 0.353076 0.944331
0.890043 0.443453 0.892916 0.446687 0.888089 0.451319
0.882985 0.466030 0.883404 0.466026 0.883162 0.466366
0.828544 0.031447 0.829574 0.033614 0.828151 0.032140
0.883257 0.465455 0.884182 0.466032 0.883404 0.466026
0.855174 0.229028 0.854505 0.228072 0.855820 0.228120
0.083491 0.099614 0.078862 0.098526 0.082982 0.096457
0.828037 0.029694 0.828544 0.031447 0.827610 0.031008
0.807903 0.017538 0.804644 0.018542 0.804828 0.017228
0.026460 0.098051 0.026455 0.097244 0.027098 0.096974
0.026460 0.098051 0.027098 0.096974 0.027819 0.098453
0.354205 0.945284 0.353627 0.945282 0.353076 0.944331
0.884206 0.458172 0.887560 0.455857 0.885828 0.462859
0.898463 0.456854 0.896329 0.450911 0.897974 0.450646
0.898463 0.456854 0.896192 0.456176 0.896329 0.450911
0.346575 0.943234 0.350511 0.941542 0.348645 0.944585
0.766429 0.013855 0.766385 0.015592 0.765082 0.015527
0.826918 0.029648 0.827610 0.031008 0.825453 0.030674
0.350511 0.941542 0.353076 0.944331 0.348645 0.944585
0.766385 0.015592 0.766042 0.016819 0.765082 0.015527
0.883404 0.466026 0.884182 0.466032 0.883492 0.467108
0.136237 0.488283 0.136330 0.488635 0.135453 0.488447
0.591925 0.845644 0.587843 0.850772 0.588642 0.846138
0.346575 0.943234 0.345472 0.946666 0.345231 0.945075
0.136330 0.488635 0.134100 0.488888 0.135453 0.488447
0.029345 0.101704 0.030863 0.100842 0.032404 0.102980
0.969278 0.423895 0.967565 0.428930 0.962926 0.427268
0.798792 0.937203 0.796016 0.936757 0.799034 0.934379
0.828544 0.031447 0.828151 0.032140 0.827610 0.031008
0.829574 0.033614 0.829071 0.033902 0.828151 0.032140
0.084744 0.090342 0.078763 0.091963 0.080387 0.088587
0.571135 0.852145 0.574227 0.844761 0.579928 0.853647
0.905079 0.481327 0.902553 0.483087 0.901917 0.480380
0.808668 0.021738 0.807617 0.022572 0.806174 0.020939
0.808668 0.021738 0.806174 0.020939 0.804644 0.018542
0.898463 0.456854 0.897973 0.462936 0.895685 0.460477
0.136475 0.491451 0.129240 0.490026 0.132878 0.489713
0.941484 0.426097 0.949349 0.425095 0.946685 0.426876
0.786637 0.928208 0.791985 0.929590 0.787303 0.929938
0.163273 0.150114 0.160841 0.149624 0.161704 0.148262
0.809721 0.023473 0.809808 0.024219 0.808668 0.021738
0.028541 0.100173 0.027819 0.098453 0.030863 0.100842
0.825453 0.030674 0.827610 0.031008 0.826750 0.032452
0.881990 0.466579 0.882040 0.467222 0.880219 0.466057
0.791985 0.929590 0.792916 0.933554 0.787303 0.929938
0.354405 0.948239 0.353395 0.948625 0.353424 0.947992
0.887560 0.455857 0.888089 0.451319 0.888822 0.461191
0.888089 0.451319 0.892916 0.446687 0.888822 0.461191
0.083878 0.103125 0.081023 0.107181 0.079580 0.101526
0.346575 0.943234 0.348645 0.944585 0.345472 0.946666
0.082982 0.096457 0.078862 0.098526 0.080001 0.094807
0.897974 0.450646 0.896329 0.450911 0.896943 0.446512
0.880263 0.464061 0.880864 0.465589 0.880219 0.466057
0.024880 0.097969 0.024847 0.097474 0.025281 0.097467
0.966169 0.414828 0.962926 0.427268 0.957619 0.426562
0.799034 0.934379 0.796016 0.936757 0.792916 0.933554
0.937241 0.423929 0.937968 0.424317 0.935573 0.424632
0.883483 0.467866 0.884182 0.466032 0.883493 0.471288
0.941736 0.421497 0.941484 0.426097 0.939753 0.424525
0.025676 0.096896 0.025281 0.097467 0.024847 0.097474
0.825453 0.030674 0.826750 0.032452 0.826781 0.033765
0.344501 0.946169 0.345472 0.946666 0.343345 0.951294
0.344501 0.946169 0.343345 0.951294 0.343558 0.947125
0.355598 0.950432 0.354531 0.954886 0.353395 0.948625
0.024540 0.098114 0.024182 0.097365 0.024662 0.097855
0.938878 0.424103 0.938546 0.424268 0.938393 0.424129
0.938878 0.424103 0.941484 0.426097 0.938501 0.424488
0.827610 0.031008 0.828151 0.032140 0.827328 0.033143
0.882040 0.467222 0.883493 0.471288 0.880219 0.466057
0.353076 0.944331 0.352857 0.946077 0.352606 0.945939
0.027819 0.098453 0.027098 0.096974 0.029004 0.096540
0.027819 0.098453 0.029004 0.096540 0.030330 0.098594
0.027819 0.098453 0.030330 0.098594 0.030863 0.100842
0.572535 0.858093 0.567299 0.853944 0.571135 0.852145
0.941484 0.426097 0.946685 0.426876 0.942646 0.431090
0.027098 0.096974 0.026844 0.095300 0.028692 0.096070
0.353304 0.947409 0.353395 0.948625 0.352639 0.947974
0.878925 0.462216 0.880263 0.464061 0.879006 0.463497
0.129157 0.493284 0.126553 0.491969 0.128086 0.491907
0.023323 0.099313 0.021858 0.100412 0.021669 0.099387
0.023323 0.099313 0.021669 0.099387 0.023387 0.098519
0.024847 0.097474 0.024474 0.096292 0.025121 0.096351
0.808668 0.021738 0.809808 0.024219 0.807617 0.022572
0.792916 0.933554 0.786949 0.931374 0.787303 0.929938
0.828151 0.032140 0.827675 0.034043 0.827328 0.033143
0.892916 0.446687 0.893532 0.446811 0.888822 0.461191
0.353395 0.948625 0.354531 0.954886 0.353498 0.952654
0.935573 0.424632 0.938047 0.424933 0.936807 0.431608
0.935573 0.424632 0.936807 0.431608 0.932959 0.424986
0.827328 0.033143 0.827675 0.034043 0.826781 0.033765
0.348645 0.944585 0.353076 0.944331 0.351013 0.945559
0.896052 0.446458 0.896943 0.446512 0.895278 0.447587
0.826781 0.033765 0.827675 0.034043 0.827556 0.034344
0.343345 0.951294 0.345472 0.946666 0.344277 0.951310
0.884182 0.466032 0.885828 0.462859 0.885808 0.470754
0.884182 0.466032 0.885808 0.470754 0.883493 0.471288
0.804828 0.017228 0.804644 0.018542 0.801479 0.016697
0.084471 0.116439 0.082778 0.118821 0.077149 0.117335
0.083878 0.103125 0.079580 0.101526 0.083491 0.099614
0.896943 0.446512 0.896329 0.450911 0.895278 0.447587
0.932959 0.424986 0.936807 0.431608 0.933139 0.427700
0.020881 0.101471 0.019533 0.100832 0.020638 0.100600
0.955117 0.422392 0.951696 0.429721 0.949349 0.425095
0.026844 0.095300 0.028183 0.094073 0.028692 0.096070
0.897973 0.462936 0.895766 0.464987 0.895685 0.460477
0.938047 0.424933 0.941484 0.426097 0.936807 0.431608
0.352371 0.946872 0.352147 0.947432 0.352063 0.946916
0.794449 0.936641 0.793104 0.937487 0.792342 0.936616
0.794449 0.936641 0.792342 0.936616 0.792916 0.933554
0.793104 0.937487 0.791544 0.937213 0.792342 0.936616
0.163273 0.150114 0.161704 0.148262 0.162397 0.143730
0.163273 0.150114 0.162397 0.143730 0.164511 0.144410
0.897973 0.462936 0.898463 0.475532 0.895766 0.464987
0.868307 0.500569 0.867897 0.499099 0.870157 0.497898
0.868307 0.500569 0.870157 0.497898 0.870948 0.499653
0.949349 0.425095 0.947850 0.428773 0.946685 0.426876
0.132878 0.489713 0.129240 0.490026 0.130623 0.488906
0.895105 0.445979 0.895278 0.447587 0.893532 0.446811
0.896192 0.456176 0.895138 0.455983 0.896329 0.450911
0.887560 0.455857 0.888822 0.461191 0.885828 0.462859
0.024980 0.096181 0.024474 0.096292 0.024783 0.095964
0.025078 0.096052 0.024783 0.095964 0.024967 0.095934
0.804644 0.018542 0.801306 0.017889 0.801479 0.016697
0.078818 0.085811 0.078001 0.081709 0.083747 0.082455
0.792916 0.933554 0.790652 0.935491 0.789272 0.934796
0.133040 0.488021 0.134100 0.488888 0.130623 0.488906
0.809808 0.024219 0.806674 0.023094 0.807617 0.022572
0.792916 0.933554 0.788447 0.934015 0.786949 0.931374
0.345472 0.946666 0.348645 0.944585 0.348004 0.948488
0.905351 0.486808 0.904284 0.488314 0.902553 0.483087
0.164511 0.144410 0.162397 0.143730 0.164515 0.140093
0.348645 0.944585 0.350789 0.946930 0.350611 0.947645
0.348645 0.944585 0.349906 0.948697 0.348004 0.948488
0.353395 0.948625 0.353498 0.952654 0.352235 0.950822
0.955117 0.422392 0.957619 0.426562 0.951696 0.429721
0.949349 0.425095 0.951696 0.429721 0.947850 0.428773
0.789076 0.937474 0.787910 0.936613 0.791544 0.937213
0.024783 0.095964 0.024474 0.096292 0.024403 0.095389
0.024783 0.095964 0.024403 0.095389 0.024912 0.095702
0.161704 0.148262 0.160902 0.145677 0.162397 0.143730
0.888822 0.461191 0.893532 0.446811 0.890592 0.462067
0.024474 0.096292 0.022914 0.097150 0.022388 0.095977
0.024474 0.096292 0.022388 0.095977 0.024403 0.095389
0.126553 0.491969 0.125314 0.491075 0.128086 0.491907
0.084471 0.116439 0.077149 0.117335 0.084364 0.114540
0.898928 0.087349 0.900400 0.087717 0.900271 0.089674
0.022892 0.098210 0.021669 0.099387 0.022914 0.097150
0.901917 0.480380 0.902553 0.483087 0.899258 0.481264
0.901917 0.480380 0.899258 0.481264 0.898463 0.475532
0.895278 0.447587 0.894348 0.453756 0.893532 0.446811
0.351554 0.947660 0.351157 0.948281 0.351081 0.947243
0.353395 0.948625 0.351772 0.950133 0.351539 0.949167
0.353395 0.948625 0.351539 0.949167 0.351803 0.948672
0.355356 0.953860 0.356064 0.958762 0.354531 0.954886
0.132878 0.489713 0.130623 0.488906 0.134100 0.488888
0.588642 0.846138 0.590635 0.841963 0.591925 0.845644
0.351803 0.948672 0.351539 0.949167 0.351615 0.948849
0.895278 0.447587 0.896329 0.450911 0.894348 0.453756
0.896329 0.450911 0.895138 0.455983 0.894348 0.453756
0.083491 0.099614 0.079580 0.101526 0.078862 0.098526
0.353498 0.952654 0.351871 0.953433 0.351493 0.951713
0.345472 0.946666 0.348004 0.948488 0.344277 0.951310
0.804644 0.018542 0.804057 0.019628 0.801306 0.017889
0.893532 0.446811 0.894348 0.453756 0.890592 0.462067
0.028692 0.096070 0.028183 0.094073 0.028813 0.095221
0.024403 0.095389 0.022388 0.095977 0.023005 0.093266
0.024403 0.095389 0.023005 0.093266 0.024750 0.093616
0.169177 0.134082 0.166187 0.133707 0.169284 0.128608
0.786869 0.936745 0.785676 0.936429 0.786593 0.936473
0.791544 0.937213 0.787910 0.936613 0.788898 0.936160
0.353498 0.952654 0.354531 0.954886 0.351441 0.957396
0.022914 0.097150 0.021669 0.099387 0.022388 0.095977
0.030330 0.098594 0.029699 0.096697 0.030766 0.095041
0.083747 0.082455 0.078001 0.081709 0.080515 0.081303
0.078862 0.098526 0.076054 0.097541 0.080001 0.094807
0.791544 0.937213 0.789386 0.936008 0.789727 0.936052
0.804057 0.019628 0.802679 0.019553 0.801306 0.017889
0.790058 0.935785 0.789192 0.935392 0.789272 0.934796
0.588642 0.846138 0.584093 0.848508 0.586481 0.841964
0.883493 0.471288 0.885808 0.470754 0.885824 0.473137
0.883493 0.471288 0.884799 0.473123 0.883512 0.471529
0.883493 0.471288 0.885824 0.473137 0.885149 0.473315
0.898463 0.475532 0.899258 0.481264 0.894927 0.473654
0.356064 0.958762 0.355064 0.960593 0.354531 0.954886
0.574227 0.844761 0.571135 0.852145 0.567299 0.853944
0.129240 0.490026 0.128086 0.491907 0.127334 0.489476
0.354531 0.954886 0.352618 0.960237 0.351441 0.957396
0.807617 0.022572 0.803396 0.020739 0.804956 0.021807
0.130161 0.488160 0.130623 0.488906 0.129100 0.488451
0.342210 0.952854 0.343345 0.951294 0.344277 0.951310
0.342210 0.952854 0.344277 0.951310 0.340017 0.955311
0.354531 0.954886 0.355064 0.960593 0.352618 0.960237
0.888822 0.461191 0.888409 0.468067 0.885828 0.462859
0.941484 0.426097 0.942646 0.431090 0.936807 0.431608
0.128086 0.491907 0.125314 0.491075 0.126502 0.490045
0.164515 0.140093 0.162397 0.143730 0.163290 0.137142
0.951696 0.429721 0.957619 0.426562 0.952311 0.433366
0.885828 0.462859 0.888409 0.468067 0.885808 0.470754
0.902553 0.483087 0.904284 0.488314 0.899258 0.481264
0.339675 0.955059 0.340017 0.955311 0.338583 0.956169
0.353498 0.952654 0.351441 0.957396 0.351871 0.953433
0.898463 0.475532 0.894927 0.473654 0.895766 0.464987
0.894348 0.453756 0.895138 0.455983 0.893074 0.460166
0.894348 0.453756 0.893074 0.460166 0.890592 0.462067
0.900271 0.089674 0.900400 0.087717 0.902975 0.093574
0.081023 0.107181 0.076614 0.102958 0.079580 0.101526
0.162397 0.143730 0.161175 0.139000 0.163290 0.137142
0.344277 0.951310 0.348297 0.950055 0.344499 0.954325
0.084364 0.114540 0.076107 0.114234 0.082638 0.112238
0.354729 0.961911 0.355741 0.963043 0.354693 0.964708
0.354729 0.961911 0.354693 0.964708 0.353748 0.966677
0.354729 0.961911 0.353748 0.966677 0.352618 0.960237
0.895138 0.455983 0.895685 0.460477 0.893074 0.460166
0.080387 0.088587 0.075593 0.089860 0.078818 0.085811
0.348297 0.950055 0.349670 0.950112 0.348340 0.953167
0.348297 0.950055 0.348340 0.953167 0.344499 0.954325
0.130623 0.488906 0.129240 0.490026 0.129100 0.488451
0.787966 0.935579 0.787672 0.935769 0.787724 0.935542
0.164515 0.140093 0.163290 0.137142 0.166187 0.133707
0.804030 0.020764 0.803396 0.020739 0.802679 0.019553
0.349670 0.950112 0.349729 0.951622 0.348340 0.953167
0.337579 0.956895 0.335725 0.958375 0.336809 0.957123
0.355669 0.964158 0.355711 0.965349 0.354693 0.964708
0.336452 0.957163 0.335725 0.958375 0.336183 0.957489
0.029659 0.095349 0.029317 0.094588 0.030766 0.095041
0.129240 0.490026 0.127334 0.489476 0.129100 0.488451
0.870157 0.497898 0.875312 0.497065 0.870948 0.499653
0.355711 0.965349 0.355528 0.966678 0.354693 0.964708
0.077149 0.117335 0.076107 0.114234 0.084364 0.114540
0.579928 0.853647 0.574227 0.844761 0.578582 0.848943
0.029317 0.094588 0.029305 0.093148 0.030766 0.095041
0.607207 0.843552 0.606255 0.846002 0.601910 0.837952
0.607207 0.843552 0.601910 0.837952 0.603306 0.837381
0.888822 0.461191 0.890592 0.462067 0.888409 0.468067
0.895685 0.460477 0.895766 0.464987 0.893074 0.460166
0.873353 0.501193 0.870948 0.499653 0.877546 0.502866
0.350524 0.951990 0.351871 0.953433 0.349707 0.954099
0.354693 0.964708 0.354964 0.967219 0.353748 0.966677
0.895766 0.464987 0.892961 0.464719 0.893074 0.460166
0.895766 0.464987 0.893686 0.467814 0.893369 0.466117
0.338399 0.957215 0.340017 0.955311 0.335725 0.958375
0.354964 0.967219 0.354625 0.970406 0.353748 0.966677
0.080387 0.088587 0.078763 0.091963 0.075593 0.089860
0.351871 0.953433 0.351441 0.957396 0.349707 0.954099
0.125417 0.490532 0.125314 0.491075 0.126155 0.489098
0.354625 0.970406 0.353875 0.970309 0.353748 0.966677
0.335649 0.957873 0.335725 0.958375 0.333592 0.958604
0.349729 0.951622 0.349707 0.954099 0.348340 0.953167
0.904284 0.488314 0.907799 0.494359 0.903957 0.490857
0.606255 0.846002 0.602245 0.842355 0.601910 0.837952
0.895766 0.464987 0.894927 0.473654 0.894266 0.469741
0.127334 0.489476 0.126155 0.489098 0.129100 0.488451
0.870157 0.497898 0.871368 0.494791 0.875312 0.497065
0.591925 0.845644 0.593617 0.840061 0.596136 0.846424
0.596136 0.846424 0.593617 0.840061 0.598895 0.842267
0.353748 0.966677 0.350353 0.965489 0.350902 0.962675
0.353748 0.966677 0.350902 0.962675 0.352618 0.960237
0.895766 0.464987 0.894266 0.469741 0.893686 0.467814
0.340017 0.955311 0.344277 0.951310 0.344499 0.954325
0.340017 0.955311 0.344499 0.954325 0.342222 0.955922
0.894927 0.473654 0.899258 0.481264 0.894662 0.477525
0.353748 0.966677 0.353001 0.970397 0.352553 0.969969
0.871368 0.494791 0.870292 0.491731 0.872827 0.492672
0.870292 0.491731 0.868435 0.491037 0.869800 0.491029
0.801479 0.016697 0.801306 0.017889 0.800024 0.017662
0.029305 0.093148 0.030414 0.092319 0.030766 0.095041
0.078818 0.085811 0.076317 0.083838 0.078001 0.081709
0.904284 0.488314 0.897573 0.483943 0.899258 0.481264
0.893074 0.460166 0.892419 0.464214 0.890592 0.462067
0.885808 0.470754 0.888904 0.471586 0.887063 0.472469
0.893686 0.467814 0.893251 0.468580 0.893369 0.466117
0.893369 0.466117 0.892516 0.468227 0.892034 0.468384
0.351441 0.957396 0.352618 0.960237 0.349939 0.959636
0.888409 0.468067 0.890592 0.462067 0.892034 0.468384
0.351441 0.957396 0.349098 0.957303 0.349707 0.954099
0.886198 0.474330 0.886313 0.474608 0.886154 0.474484
0.892419 0.464214 0.892034 0.468384 0.890592 0.462067
0.942646 0.431090 0.946685 0.426876 0.944542 0.432114
0.887063 0.472469 0.888904 0.471586 0.887493 0.472610
0.574227 0.844761 0.567299 0.853944 0.570746 0.845534
0.591925 0.845644 0.590635 0.841963 0.593617 0.840061
0.351441 0.957396 0.349344 0.958591 0.349098 0.957303
0.893605 0.469792 0.894927 0.473654 0.892034 0.468384
0.080001 0.094807 0.072640 0.095395 0.078763 0.091963
0.893251 0.468580 0.892034 0.468384 0.892516 0.468227
0.885808 0.470754 0.888409 0.468067 0.888904 0.471586
0.901036 0.097006 0.902975 0.093574 0.913693 0.090654
0.901036 0.097006 0.913693 0.090654 0.904258 0.098929
0.962926 0.427268 0.956243 0.436534 0.957619 0.426562
0.352618 0.960237 0.349744 0.961587 0.349878 0.960833
0.030766 0.095041 0.030414 0.092319 0.031951 0.094844
0.802679 0.019553 0.803396 0.020739 0.800358 0.019680
0.888409 0.468067 0.892034 0.468384 0.888904 0.471586
0.584093 0.848508 0.581099 0.848940 0.582584 0.839358
0.870948 0.499653 0.875312 0.497065 0.877546 0.502866
0.081174 0.110332 0.082638 0.112238 0.077746 0.111043
0.081174 0.110332 0.077746 0.111043 0.075667 0.109161
0.081174 0.110332 0.075667 0.109161 0.081023 0.107181
0.899258 0.481264 0.897573 0.483943 0.894662 0.477525
0.166187 0.133707 0.163290 0.137142 0.164212 0.131050
0.871368 0.494791 0.875485 0.493545 0.875312 0.497065
0.340017 0.955311 0.341226 0.957648 0.340039 0.958836
0.081023 0.107181 0.075667 0.109161 0.076614 0.102958
0.125314 0.491075 0.123855 0.489253 0.126155 0.489098
0.947850 0.428773 0.944542 0.432114 0.946685 0.426876
0.904284 0.488314 0.903957 0.490857 0.897573 0.483943
0.080001 0.094807 0.076054 0.097541 0.072640 0.095395
0.947850 0.428773 0.951696 0.429721 0.947268 0.431774
0.894927 0.473654 0.892422 0.474603 0.891535 0.472449
0.894927 0.473654 0.891535 0.472449 0.892034 0.468384
0.353748 0.966677 0.351862 0.969793 0.350138 0.968788
0.353748 0.966677 0.350138 0.968788 0.350353 0.965489
0.967565 0.428930 0.964535 0.434449 0.962926 0.427268
0.344499 0.954325 0.348340 0.953167 0.347091 0.956000
0.344499 0.954325 0.347091 0.956000 0.345837 0.956249
0.075593 0.089860 0.076749 0.087079 0.078818 0.085811
0.349707 0.954099 0.347958 0.955581 0.348340 0.953167
0.079580 0.101526 0.076614 0.102958 0.074980 0.100108
0.079580 0.101526 0.074980 0.100108 0.078862 0.098526
0.163290 0.137142 0.161175 0.139000 0.161738 0.133616
0.947850 0.428773 0.947268 0.431774 0.944542 0.432114
0.871368 0.494791 0.872827 0.492672 0.875485 0.493545
0.892034 0.468384 0.891535 0.472449 0.888904 0.471586
0.894927 0.473654 0.894662 0.477525 0.892422 0.474603
0.578582 0.848943 0.577414 0.841623 0.581099 0.848940
0.562764 0.852276 0.570746 0.845534 0.567299 0.853944
0.341226 0.957648 0.341806 0.959086 0.340039 0.958836
0.800024 0.017662 0.801306 0.017889 0.799778 0.018130
0.877546 0.502866 0.875312 0.497065 0.883168 0.503079
0.342429 0.956959 0.344499 0.954325 0.341806 0.959086
0.584093 0.848508 0.582584 0.839358 0.586481 0.841964
0.349744 0.961587 0.348736 0.963198 0.349332 0.960489
0.888904 0.471586 0.888757 0.475254 0.887844 0.475196
0.900400 0.087717 0.908449 0.087433 0.902975 0.093574
0.588642 0.846138 0.586481 0.841964 0.590635 0.841963
0.870292 0.491731 0.870953 0.490279 0.872771 0.490292
0.877546 0.502866 0.883168 0.503079 0.882071 0.505400
0.350353 0.965489 0.349253 0.965722 0.349566 0.963535
0.888904 0.471586 0.890354 0.473467 0.888757 0.475254
0.801306 0.017889 0.802679 0.019553 0.800170 0.018585
0.078818 0.085811 0.076749 0.087079 0.076481 0.085292
0.870292 0.491731 0.872771 0.490292 0.872827 0.492672
0.163290 0.137142 0.161738 0.133616 0.164212 0.131050
0.870953 0.490279 0.871015 0.488666 0.872771 0.490292
0.872827 0.492672 0.872771 0.490292 0.875485 0.493545
0.078763 0.091963 0.072640 0.095395 0.073515 0.092092
0.348737 0.958416 0.347816 0.960579 0.348061 0.957720
0.349566 0.963535 0.349253 0.965722 0.348736 0.963198
0.800358 0.019680 0.800168 0.019453 0.802679 0.019553
0.894662 0.477525 0.897573 0.483943 0.894438 0.481051
0.344499 0.954325 0.345837 0.956249 0.343038 0.961145
0.082638 0.112238 0.076107 0.114234 0.077428 0.111990
0.907799 0.494359 0.904781 0.493104 0.903957 0.490857
0.800170 0.018585 0.802679 0.019553 0.800037 0.018782
0.951696 0.429721 0.952311 0.433366 0.949816 0.433838
0.345837 0.956249 0.347816 0.960579 0.343038 0.961145
0.344499 0.954325 0.343038 0.961145 0.341806 0.959086
0.078763 0.091963 0.073515 0.092092 0.075593 0.089860
0.891406 0.473806 0.892422 0.474603 0.888906 0.476399
0.890354 0.473467 0.888906 0.476399 0.888757 0.475254
0.350353 0.965489 0.350138 0.968788 0.349253 0.965722
0.800358 0.019680 0.799748 0.019293 0.800045 0.019308
0.076054 0.097541 0.078862 0.098526 0.074980 0.100108
0.951696 0.429721 0.949816 0.433838 0.947268 0.431774
0.348061 0.957720 0.347816 0.960579 0.347156 0.957271
0.894662 0.477525 0.892944 0.479581 0.892422 0.474603
0.952311 0.433366 0.957619 0.426562 0.956243 0.436534
0.348523 0.960225 0.348736 0.963198 0.347816 0.960579
0.799755 0.018539 0.799811 0.018753 0.799637 0.018724
0.078818 0.085811 0.076481 0.085292 0.076317 0.083838
0.350026 0.969440 0.349883 0.971475 0.346995 0.967882
0.350026 0.969440 0.346995 0.967882 0.349253 0.965722
0.577414 0.841623 0.580455 0.841223 0.581099 0.848940
0.078001 0.081709 0.076317 0.083838 0.075920 0.081255
0.903957 0.490857 0.904781 0.493104 0.900343 0.493042
0.581099 0.848940 0.580455 0.841223 0.582584 0.839358
0.903957 0.490857 0.900343 0.493042 0.897573 0.483943
0.888906 0.476399 0.892422 0.474603 0.890911 0.478864
0.892422 0.474603 0.892944 0.479581 0.890911 0.478864
0.075593 0.089860 0.074191 0.088241 0.075839 0.087900
0.164212 0.131050 0.161738 0.133616 0.163059 0.127239
0.904781 0.493104 0.904843 0.498664 0.900343 0.493042
0.904781 0.493104 0.908042 0.497891 0.904843 0.498664
0.729780 0.070180 0.720846 0.073295 0.718374 0.068771
0.875485 0.493545 0.872771 0.490292 0.875581 0.489307
0.875312 0.497065 0.875485 0.493545 0.886712 0.502589
0.875312 0.497065 0.886712 0.502589 0.883168 0.503079
0.872771 0.490292 0.871015 0.488666 0.875581 0.489307
0.962926 0.427268 0.964535 0.434449 0.960067 0.440997
0.962926 0.427268 0.960067 0.440997 0.956243 0.436534
0.161738 0.133616 0.161027 0.131223 0.163059 0.127239
0.871015 0.488666 0.874674 0.487446 0.875581 0.489307
0.077746 0.111043 0.076452 0.110984 0.075667 0.109161
0.893497 0.482698 0.897573 0.483943 0.891454 0.482501
0.883327 0.504235 0.883168 0.503079 0.884204 0.504723
0.349861 0.972424 0.349495 0.973234 0.349883 0.971475
0.967565 0.428930 0.968863 0.436612 0.964535 0.434449
0.892022 0.482020 0.891454 0.482501 0.890911 0.478864
0.347816 0.960579 0.348736 0.963198 0.344691 0.962130
0.347816 0.960579 0.344691 0.962130 0.343038 0.961145
0.897573 0.483943 0.900343 0.493042 0.893122 0.487989
0.598895 0.842267 0.593617 0.840061 0.594914 0.837136
0.875485 0.493545 0.875581 0.489307 0.884288 0.492487
0.077428 0.111990 0.076107 0.114234 0.076615 0.111926
0.967565 0.428930 0.971325 0.432151 0.970162 0.434584
0.967565 0.428930 0.970162 0.434584 0.968863 0.436612
0.602245 0.842355 0.598895 0.842267 0.598597 0.836296
0.602245 0.842355 0.598597 0.836296 0.601910 0.837952
0.897573 0.483943 0.893122 0.487989 0.891454 0.482501
0.349253 0.965722 0.346995 0.967882 0.348736 0.963198
0.075667 0.109161 0.073000 0.104296 0.076614 0.102958
0.161027 0.131223 0.160466 0.129890 0.163059 0.127239
0.578582 0.848943 0.574227 0.844761 0.577414 0.841623
0.349883 0.971475 0.347924 0.971394 0.346995 0.967882
0.908449 0.087433 0.913693 0.090654 0.902975 0.093574
0.942646 0.431090 0.944542 0.432114 0.943038 0.436451
0.729780 0.070180 0.726785 0.075464 0.720846 0.073295
0.885755 0.505440 0.883168 0.503079 0.886712 0.502589
0.885755 0.505440 0.886712 0.502589 0.887325 0.507592
0.875485 0.493545 0.885232 0.497443 0.886712 0.502589
0.076852 0.111522 0.076615 0.111926 0.074924 0.112129
0.076614 0.102958 0.070619 0.100512 0.074980 0.100108
0.947268 0.431774 0.945466 0.436469 0.944542 0.432114
0.076481 0.085292 0.075338 0.085956 0.074422 0.085442
0.890911 0.478864 0.891454 0.482501 0.886647 0.481391
0.900343 0.493042 0.896565 0.489834 0.893122 0.487989
0.874674 0.487446 0.878351 0.487456 0.875581 0.489307
0.875581 0.489307 0.878351 0.487456 0.884288 0.492487
0.947268 0.431774 0.949816 0.433838 0.945466 0.436469
0.163059 0.127239 0.160466 0.129890 0.161357 0.126675
0.874179 0.485971 0.880934 0.484116 0.874674 0.487446
0.345053 0.963644 0.348736 0.963198 0.345278 0.965790
0.348736 0.963198 0.346995 0.967882 0.345278 0.965790
0.598895 0.842267 0.594914 0.837136 0.598597 0.836296
0.076615 0.111926 0.076107 0.114234 0.074924 0.112129
0.076452 0.110984 0.074924 0.112129 0.071303 0.111106
0.076452 0.110984 0.071303 0.111106 0.075667 0.109161
0.074191 0.088241 0.075593 0.089860 0.072918 0.090047
0.968863 0.436612 0.965763 0.436076 0.964535 0.434449
0.076317 0.083838 0.075195 0.083224 0.075920 0.081255
0.886647 0.481391 0.891454 0.482501 0.887988 0.483252
0.886647 0.481391 0.887988 0.483252 0.884623 0.482597
0.887325 0.507592 0.886712 0.502589 0.892167 0.510225
0.936807 0.431608 0.942646 0.431090 0.941331 0.438140
0.875485 0.493545 0.884288 0.492487 0.885232 0.497443
0.874674 0.487446 0.880934 0.484116 0.878351 0.487456
0.075063 0.087042 0.074191 0.088241 0.072113 0.086000
0.074980 0.100108 0.070619 0.100512 0.070889 0.098933
0.880959 0.483062 0.884623 0.482597 0.880934 0.484116
0.904843 0.498664 0.902932 0.500007 0.900343 0.493042
0.076317 0.083838 0.076481 0.085292 0.074422 0.085442
0.590635 0.841963 0.586481 0.841964 0.588629 0.836238
0.952311 0.433366 0.956243 0.436534 0.951716 0.438203
0.076614 0.102958 0.073000 0.104296 0.070619 0.100512
0.891454 0.482501 0.893122 0.487989 0.887988 0.483252
0.949816 0.433838 0.949058 0.437923 0.945466 0.436469
0.074702 0.086512 0.072113 0.086000 0.074422 0.085442
0.076317 0.083838 0.074422 0.085442 0.074875 0.083914
0.878351 0.487456 0.880934 0.484116 0.884112 0.488883
0.878351 0.487456 0.884112 0.488883 0.884288 0.492487
0.942646 0.431090 0.943038 0.436451 0.941331 0.438140
0.944542 0.432114 0.945466 0.436469 0.943038 0.436451
0.904258 0.098929 0.913693 0.090654 0.917701 0.093835
0.949816 0.433838 0.952311 0.433366 0.949058 0.437923
0.075593 0.089860 0.073515 0.092092 0.072918 0.090047
0.076054 0.097541 0.074980 0.100108 0.072640 0.095395
0.970679 0.435529 0.970835 0.437051 0.968863 0.436612
0.900343 0.493042 0.902932 0.500007 0.894337 0.490595
0.076107 0.114234 0.077149 0.117335 0.072691 0.117058
0.076107 0.114234 0.072691 0.117058 0.071358 0.114254
0.880934 0.484116 0.884623 0.482597 0.884112 0.488883
0.886712 0.502589 0.885232 0.497443 0.893860 0.508924
0.073000 0.104296 0.075667 0.109161 0.068951 0.106635
0.074980 0.100108 0.070889 0.098933 0.072640 0.095395
0.074222 0.083811 0.074422 0.085442 0.073372 0.083030
0.073000 0.104296 0.068976 0.102469 0.070619 0.100512
0.074924 0.112129 0.076107 0.114234 0.071303 0.111106
0.073515 0.092092 0.072640 0.095395 0.070142 0.092593
0.886712 0.502589 0.893860 0.508924 0.892167 0.510225
0.075920 0.081255 0.074338 0.082186 0.074390 0.081974
0.952311 0.433366 0.951716 0.438203 0.949058 0.437923
0.074191 0.088241 0.072442 0.087632 0.072113 0.086000
0.075920 0.081255 0.074648 0.081253 0.073846 0.080856
0.971572 0.436471 0.971662 0.437744 0.970835 0.437051
0.072918 0.090047 0.072717 0.088507 0.074191 0.088241
0.072640 0.095395 0.069192 0.095605 0.070142 0.092593
0.072918 0.090047 0.073515 0.092092 0.071046 0.088555
0.074422 0.085442 0.072113 0.086000 0.073372 0.083030
0.074022 0.082523 0.073372 0.083030 0.073764 0.082481
0.893122 0.487989 0.896565 0.489834 0.891906 0.490877
0.893122 0.487989 0.891906 0.490877 0.887988 0.483252
0.884623 0.482597 0.887988 0.483252 0.891906 0.490877
0.884623 0.482597 0.891906 0.490877 0.884112 0.488883
0.884288 0.492487 0.889062 0.496665 0.885232 0.497443
0.072918 0.090047 0.071046 0.088555 0.071941 0.088871
0.896565 0.489834 0.896295 0.495413 0.891906 0.490877
0.603306 0.837381 0.601910 0.837952 0.601251 0.834076
0.885232 0.497443 0.889062 0.496665 0.893860 0.508924
0.072442 0.087632 0.071046 0.088555 0.072113 0.086000
0.072640 0.095395 0.070889 0.098933 0.069192 0.095605
0.073372 0.083030 0.072687 0.082629 0.073446 0.082452
0.884288 0.492487 0.884112 0.488883 0.889062 0.496665
0.076107 0.114234 0.071358 0.114254 0.071303 0.111106
0.073515 0.092092 0.070142 0.092593 0.071046 0.088555
0.073000 0.104296 0.068951 0.106635 0.068976 0.102469
0.908449 0.087433 0.915038 0.081960 0.913693 0.090654
0.574227 0.844761 0.570746 0.845534 0.575761 0.839717
0.073372 0.083030 0.072113 0.086000 0.071145 0.084400
0.073372 0.083030 0.070026 0.080857 0.072687 0.082629
0.073372 0.083030 0.071145 0.084400 0.070026 0.080857
0.894337 0.490595 0.902932 0.500007 0.896295 0.495413
0.884112 0.488883 0.891906 0.490877 0.889062 0.496665
0.718374 0.068771 0.712786 0.074131 0.710942 0.070630
0.964535 0.434449 0.965763 0.436076 0.964500 0.441451
0.889062 0.496665 0.892930 0.501857 0.893860 0.508924
0.574227 0.844761 0.575761 0.839717 0.577414 0.841623
0.598597 0.836296 0.594914 0.837136 0.595592 0.832837
0.593617 0.840061 0.590635 0.841963 0.592137 0.834285
0.965763 0.436076 0.968863 0.436612 0.964500 0.441451
0.902932 0.500007 0.901277 0.503063 0.896295 0.495413
0.586481 0.841964 0.582584 0.839358 0.584185 0.833395
0.586481 0.841964 0.584185 0.833395 0.588629 0.836238
0.943038 0.436451 0.942922 0.440886 0.941331 0.438140
0.075667 0.109161 0.071303 0.111106 0.068951 0.106635
0.892930 0.501857 0.889062 0.496665 0.899288 0.504535
0.945466 0.436469 0.949058 0.437923 0.945387 0.441515
0.889062 0.496665 0.891906 0.490877 0.899288 0.504535
0.893860 0.508924 0.892930 0.501857 0.897589 0.508579
0.601910 0.837952 0.598597 0.836296 0.599434 0.832451
0.601910 0.837952 0.599434 0.832451 0.601251 0.834076
0.943038 0.436451 0.945466 0.436469 0.942922 0.440886
0.970835 0.437051 0.966923 0.442410 0.968863 0.436612
0.069192 0.095605 0.070889 0.098933 0.068538 0.099656
0.593617 0.840061 0.592137 0.834285 0.594914 0.837136
0.902932 0.500007 0.904787 0.508366 0.901277 0.503063
0.896295 0.495413 0.901277 0.503063 0.891906 0.490877
0.070889 0.098933 0.070619 0.100512 0.068538 0.099656
0.891906 0.490877 0.901277 0.503063 0.899288 0.504535
0.072113 0.086000 0.071046 0.088555 0.069949 0.086772
0.964535 0.434449 0.961819 0.444262 0.960067 0.440997
0.580455 0.841223 0.577414 0.841623 0.580124 0.836539
0.580455 0.841223 0.580124 0.836539 0.582584 0.839358
0.072113 0.086000 0.069949 0.086772 0.071145 0.084400
0.892930 0.501857 0.899288 0.504535 0.897589 0.508579
0.945466 0.436469 0.945387 0.441515 0.942922 0.440886
0.590635 0.841963 0.588629 0.836238 0.592137 0.834285
0.968863 0.436612 0.966923 0.442410 0.964500 0.441451
0.071046 0.088555 0.070142 0.092593 0.069949 0.086772
0.970835 0.437051 0.971682 0.437753 0.966923 0.442410
0.964535 0.434449 0.964500 0.441451 0.961819 0.444262
0.718374 0.068771 0.720846 0.073295 0.712786 0.074131
0.901277 0.503063 0.904787 0.508366 0.899288 0.504535
0.966923 0.442410 0.971682 0.437753 0.969268 0.444768
0.070142 0.092593 0.069192 0.095605 0.066826 0.091780
0.577414 0.841623 0.575761 0.839717 0.580124 0.836539
0.916589 0.081340 0.917706 0.080406 0.919411 0.081312
0.916589 0.081340 0.919411 0.081312 0.913693 0.090654
0.951716 0.438203 0.956243 0.436534 0.951072 0.444186
0.069192 0.095605 0.064533 0.094100 0.066826 0.091780
0.072691 0.117058 0.069414 0.117898 0.071358 0.114254
0.071145 0.084400 0.069949 0.086772 0.068965 0.085111
0.913693 0.090654 0.919411 0.081312 0.922535 0.083464
0.951716 0.438203 0.951072 0.444186 0.949058 0.437923
0.598597 0.836296 0.597684 0.831394 0.599434 0.832451
0.971066 0.442559 0.969268 0.444768 0.971682 0.437753
0.945387 0.441515 0.949058 0.437923 0.946651 0.447562
0.070619 0.100512 0.068976 0.102469 0.068538 0.099656
0.964500 0.441451 0.966923 0.442410 0.965435 0.443332
0.720846 0.073295 0.720663 0.080582 0.715308 0.076936
0.070026 0.080857 0.071145 0.084400 0.067756 0.081592
0.964500 0.441451 0.963101 0.442708 0.961819 0.444262
0.070142 0.092593 0.066826 0.091780 0.069949 0.086772
0.720846 0.073295 0.715308 0.076936 0.712786 0.074131
0.913693 0.090654 0.922535 0.083464 0.917701 0.093835
0.598597 0.836296 0.595592 0.832837 0.597684 0.831394
0.949058 0.437923 0.951072 0.444186 0.946651 0.447562
0.071145 0.084400 0.067060 0.083366 0.067756 0.081592
0.068965 0.085111 0.069949 0.086772 0.067437 0.086171
0.068538 0.099656 0.063925 0.103329 0.069192 0.095605
0.069949 0.086772 0.066826 0.091780 0.067437 0.086171
0.068976 0.102469 0.068951 0.106635 0.063925 0.103329
0.582584 0.839358 0.580124 0.836539 0.584185 0.833395
0.965023 0.444027 0.966923 0.442410 0.965721 0.446479
0.068538 0.099656 0.068976 0.102469 0.063925 0.103329
0.068951 0.106635 0.071303 0.111106 0.064111 0.105566
0.594914 0.837136 0.592137 0.834285 0.595592 0.832837
0.071145 0.084400 0.068965 0.085111 0.067060 0.083366
0.966923 0.442410 0.969268 0.444768 0.965721 0.446479
0.069192 0.095605 0.063925 0.103329 0.064533 0.094100
0.071358 0.114254 0.066234 0.113363 0.071303 0.111106
0.588629 0.836238 0.589422 0.832470 0.592137 0.834285
0.071358 0.114254 0.069414 0.117898 0.066234 0.113363
0.946651 0.447562 0.946611 0.446565 0.945387 0.441515
0.960067 0.440997 0.961819 0.444262 0.960867 0.447664
0.960067 0.440997 0.957695 0.446517 0.956243 0.436534
0.960067 0.440997 0.960867 0.447664 0.957695 0.446517
0.963621 0.444671 0.965721 0.446479 0.961819 0.444262
0.956243 0.436534 0.957695 0.446517 0.951072 0.444186
0.067592 0.085283 0.067060 0.083366 0.068965 0.085111
0.071303 0.111106 0.066234 0.113363 0.062855 0.108034
0.067233 0.085785 0.064771 0.085779 0.067060 0.083366
0.066826 0.091780 0.064771 0.085779 0.066631 0.086418
0.588629 0.836238 0.588128 0.830758 0.589422 0.832470
0.942986 0.440966 0.941768 0.448235 0.941311 0.445263
0.969268 0.444768 0.965395 0.448621 0.965721 0.446479
0.951072 0.444186 0.949217 0.451341 0.947139 0.447935
0.071303 0.111106 0.062855 0.108034 0.064111 0.105566
0.971066 0.442559 0.969375 0.447673 0.969268 0.444768
0.592137 0.834285 0.592512 0.829807 0.595592 0.832837
0.068951 0.106635 0.064111 0.105566 0.063925 0.103329
0.942986 0.440966 0.945387 0.441515 0.944155 0.446467
0.069414 0.117898 0.067707 0.118827 0.064701 0.116459
0.588629 0.836238 0.584185 0.833395 0.588128 0.830758
0.951072 0.444186 0.947139 0.447935 0.946651 0.447562
0.961819 0.444262 0.965721 0.446479 0.962482 0.449260
0.961819 0.444262 0.962482 0.449260 0.960867 0.447664
0.067060 0.083366 0.064848 0.082979 0.067756 0.081592
0.069414 0.117898 0.064701 0.116459 0.066234 0.113363
0.595592 0.832837 0.594314 0.826661 0.597684 0.831394
0.942986 0.440966 0.943604 0.446643 0.943256 0.446843
0.942986 0.440966 0.943256 0.446843 0.941768 0.448235
0.969268 0.444768 0.968615 0.448535 0.965395 0.448621
0.710942 0.070630 0.705612 0.075743 0.708088 0.069895
0.027429 0.427332 0.029342 0.425641 0.031963 0.427321
0.027429 0.427332 0.031963 0.427321 0.026433 0.429780
0.965721 0.446479 0.965395 0.448621 0.962482 0.449260
0.917701 0.093835 0.927832 0.092488 0.927312 0.099521
0.067060 0.083366 0.064771 0.085779 0.063311 0.083889
0.063925 0.103329 0.062977 0.101245 0.061435 0.096106
0.063925 0.103329 0.061435 0.096106 0.064533 0.094100
0.945689 0.447263 0.946651 0.447562 0.947139 0.447935
0.945689 0.447263 0.947139 0.447935 0.945506 0.448597
0.026433 0.429780 0.031963 0.427321 0.032208 0.429774
0.597684 0.831394 0.594314 0.826661 0.596324 0.828237
0.951072 0.444186 0.956174 0.454165 0.949217 0.451341
0.960867 0.447664 0.962482 0.449260 0.961454 0.449748
0.710942 0.070630 0.712786 0.074131 0.710000 0.077430
0.958005 0.447930 0.956174 0.454165 0.951072 0.444186
0.958005 0.447930 0.960867 0.447664 0.956174 0.454165
0.965395 0.448621 0.967179 0.448825 0.965731 0.451902
0.710942 0.070630 0.710000 0.077430 0.705612 0.075743
0.945093 0.448156 0.945506 0.448597 0.945159 0.449269
0.941768 0.448235 0.943063 0.448457 0.942899 0.449441
0.917701 0.093835 0.922535 0.083464 0.927832 0.092488
0.064533 0.094100 0.064771 0.085779 0.066826 0.091780
0.064533 0.094100 0.061407 0.090326 0.064771 0.085779
0.595592 0.832837 0.592512 0.829807 0.594314 0.826661
0.067060 0.083366 0.063311 0.083889 0.064848 0.082979
0.589422 0.832470 0.588128 0.830758 0.592137 0.834285
0.945506 0.448597 0.947139 0.447935 0.945544 0.449520
0.064533 0.094100 0.061435 0.096106 0.061407 0.090326
0.715308 0.076936 0.710000 0.077430 0.712786 0.074131
0.592137 0.834285 0.589676 0.829693 0.592512 0.829807
0.592137 0.834285 0.588128 0.830758 0.589676 0.829693
0.062855 0.108034 0.066234 0.113363 0.062303 0.110717
0.062977 0.101245 0.060438 0.101193 0.061435 0.096106
0.941768 0.448235 0.942303 0.450794 0.941088 0.451350
0.947139 0.447935 0.946169 0.451608 0.946032 0.450541
0.922535 0.083464 0.927457 0.085425 0.927832 0.092488
0.943229 0.449865 0.944279 0.449671 0.943997 0.450193
0.943229 0.449865 0.943997 0.450193 0.943962 0.450799
0.965395 0.448621 0.965731 0.451902 0.963034 0.453793
0.965395 0.448621 0.963034 0.453793 0.962482 0.449260
0.066234 0.113363 0.062150 0.113799 0.062303 0.110717
0.031963 0.427321 0.029342 0.425641 0.034500 0.425323
0.962482 0.449260 0.963034 0.453793 0.962282 0.451131
0.066234 0.113363 0.064701 0.116459 0.062150 0.113799
0.960601 0.450395 0.960575 0.452262 0.960867 0.447664
0.715308 0.076936 0.720663 0.080582 0.716571 0.085483
0.947139 0.447935 0.949217 0.451341 0.946169 0.451608
0.029342 0.425641 0.031711 0.424830 0.034500 0.425323
0.942303 0.450794 0.942351 0.451514 0.941088 0.451350
0.063925 0.103329 0.064111 0.105566 0.061234 0.104930
0.063925 0.103329 0.061234 0.104930 0.062977 0.101245
0.946032 0.450541 0.946169 0.451608 0.944901 0.451093
0.962282 0.451131 0.963034 0.453793 0.960575 0.452262
0.064848 0.082979 0.063311 0.083889 0.062984 0.082729
0.715308 0.076936 0.710718 0.086109 0.710000 0.077430
0.942636 0.451050 0.942663 0.451575 0.942351 0.451514
0.592512 0.829807 0.589676 0.829693 0.591049 0.828394
0.064111 0.105566 0.062855 0.108034 0.061234 0.104930
0.941088 0.451350 0.942351 0.451514 0.942106 0.452225
0.927457 0.085425 0.930698 0.086901 0.927832 0.092488
0.942351 0.451514 0.942663 0.451575 0.942496 0.451751
0.064771 0.085779 0.061407 0.090326 0.058998 0.083258
0.064771 0.085779 0.058998 0.083258 0.063311 0.083889
0.064848 0.082979 0.062984 0.082729 0.062903 0.082475
0.960867 0.447664 0.960575 0.452262 0.958933 0.454941
0.960867 0.447664 0.958933 0.454941 0.956174 0.454165
0.937039 0.114355 0.939172 0.111504 0.938728 0.112931
0.937039 0.114355 0.935906 0.110163 0.939172 0.111504
0.944901 0.451093 0.946169 0.451608 0.945109 0.451990
0.063311 0.083889 0.058998 0.083258 0.062984 0.082729
0.704094 0.069924 0.702794 0.075689 0.699130 0.070345
0.946169 0.451608 0.945998 0.452739 0.945109 0.451990
0.032651 0.430778 0.032208 0.429774 0.034612 0.431849
0.839327 0.129430 0.842372 0.127357 0.841121 0.129868
0.064701 0.116459 0.061929 0.117793 0.061038 0.116406
0.381777 0.030703 0.382311 0.031098 0.379837 0.035129
0.381777 0.030703 0.379837 0.035129 0.378682 0.032856
0.377602 0.027434 0.378276 0.028380 0.376683 0.028546
0.927832 0.092488 0.931450 0.095001 0.927350 0.097728
0.715308 0.076936 0.716571 0.085483 0.710718 0.086109
0.064701 0.116459 0.061038 0.116406 0.062150 0.113799
0.378276 0.028380 0.378518 0.028911 0.378230 0.029172
0.378276 0.028380 0.378230 0.029172 0.377760 0.029450
0.704094 0.069924 0.708088 0.069895 0.702794 0.075689
0.699130 0.070345 0.702794 0.075689 0.698821 0.075282
0.122306 0.592595 0.118366 0.596513 0.122165 0.590855
0.378230 0.029172 0.378218 0.029367 0.377760 0.029450
0.705612 0.075743 0.710000 0.077430 0.707251 0.080781
0.927350 0.097728 0.929939 0.097482 0.930028 0.098228
0.927350 0.097728 0.931450 0.095001 0.929939 0.097482
0.927350 0.097728 0.929541 0.098862 0.928973 0.100318
0.122223 0.588286 0.122165 0.590855 0.119122 0.593072
0.938728 0.112931 0.939172 0.111504 0.942920 0.111434
0.122165 0.590855 0.118366 0.596513 0.119122 0.593072
0.939172 0.111504 0.935906 0.110163 0.938159 0.109948
0.708088 0.069895 0.705612 0.075743 0.702794 0.075689
0.032208 0.429774 0.038111 0.429456 0.034612 0.431849
0.122223 0.588286 0.119122 0.593072 0.117255 0.590406
0.958933 0.454941 0.960575 0.452262 0.959425 0.457926
0.061407 0.090326 0.061435 0.096106 0.058419 0.092033
0.443937 0.936324 0.444356 0.930713 0.448814 0.940513
0.939172 0.111504 0.943547 0.110278 0.942920 0.111434
0.839679 0.122840 0.845100 0.123063 0.842372 0.127357
0.379148 0.030839 0.378682 0.032856 0.378123 0.030619
0.122223 0.588286 0.117255 0.590406 0.119883 0.586193
0.930786 0.103834 0.930695 0.101844 0.932491 0.105414
0.939172 0.111504 0.940054 0.109836 0.943547 0.110278
0.031963 0.427321 0.034500 0.425323 0.038111 0.429456
0.031963 0.427321 0.038111 0.429456 0.032208 0.429774
0.963034 0.453793 0.961698 0.456109 0.960575 0.452262
0.928722 0.101459 0.929005 0.101493 0.928706 0.101803
0.378123 0.030619 0.378682 0.032856 0.375123 0.032158
0.928706 0.101803 0.929005 0.101493 0.928904 0.101955
0.034612 0.431849 0.038111 0.429456 0.037370 0.430884
0.375383 0.028241 0.374834 0.029374 0.373070 0.027281
0.928973 0.100318 0.929541 0.098862 0.929937 0.100333
0.929735 0.102687 0.929300 0.102337 0.929348 0.102107
0.377135 0.030252 0.375123 0.032158 0.376591 0.030020
0.931450 0.095001 0.927832 0.092488 0.933157 0.093904
0.034500 0.425323 0.031711 0.424830 0.033740 0.423233
0.949217 0.451341 0.954247 0.458931 0.947886 0.456288
0.932491 0.105414 0.930695 0.101844 0.932259 0.100523
0.932491 0.105414 0.932259 0.100523 0.934038 0.099896
0.932491 0.105414 0.934230 0.101606 0.936059 0.103682
0.062903 0.082475 0.062984 0.082729 0.060538 0.081995
0.960575 0.452262 0.961698 0.456109 0.959425 0.457926
0.939028 0.109005 0.935906 0.110163 0.939528 0.107196
0.939028 0.109005 0.939528 0.107196 0.940855 0.107767
0.838622 0.107621 0.838982 0.104707 0.844951 0.108609
0.062984 0.082729 0.059555 0.081530 0.060538 0.081995
0.062984 0.082729 0.058998 0.083258 0.059555 0.081530
0.373070 0.027281 0.373523 0.030899 0.370377 0.029622
0.935906 0.110163 0.935409 0.108500 0.935553 0.108639
0.697178 0.069855 0.699130 0.070345 0.696069 0.071560
0.375656 0.030112 0.375123 0.032158 0.374878 0.030841
0.932491 0.105414 0.936059 0.103682 0.934523 0.107686
0.934523 0.107686 0.936059 0.103682 0.935403 0.107064
0.840785 0.121717 0.841156 0.119901 0.845100 0.123063
0.940114 0.108981 0.941166 0.109083 0.943547 0.110278
0.940114 0.108981 0.941881 0.108282 0.941166 0.109083
0.935906 0.110163 0.937682 0.107840 0.939528 0.107196
0.949217 0.451341 0.956174 0.454165 0.954247 0.458931
0.932259 0.100523 0.931631 0.098395 0.934038 0.099896
0.119122 0.593072 0.118366 0.596513 0.114759 0.596445
0.943547 0.110278 0.941524 0.108969 0.941904 0.108866
0.927832 0.092488 0.934256 0.090810 0.933157 0.093904
0.931025 0.098642 0.931280 0.098292 0.931265 0.098890
0.838982 0.104707 0.841072 0.102468 0.844951 0.108609
0.931280 0.098292 0.931631 0.098395 0.931265 0.098890
0.934038 0.099896 0.931631 0.098395 0.938131 0.095335
0.936059 0.103682 0.936613 0.105552 0.935889 0.106666
0.444356 0.930713 0.448498 0.929840 0.450386 0.936243
0.444356 0.930713 0.450386 0.936243 0.448814 0.940513
0.931316 0.098907 0.931631 0.098395 0.931378 0.099063
0.941881 0.108282 0.940855 0.107767 0.939528 0.107196
0.931783 0.097402 0.931450 0.095001 0.931631 0.098395
0.118863 0.600358 0.113396 0.601444 0.118366 0.596513
0.935951 0.107246 0.936429 0.106870 0.936260 0.107172
0.447237 0.944719 0.448814 0.940513 0.451702 0.953351
0.839813 0.114108 0.840065 0.111388 0.842905 0.113296
0.931631 0.098395 0.933981 0.097046 0.938131 0.095335
0.931450 0.095001 0.932565 0.096807 0.931631 0.098395
0.351054 0.006851 0.350215 0.007560 0.348813 0.008795
0.841121 0.129868 0.842372 0.127357 0.846921 0.126910
0.841121 0.129868 0.846921 0.126910 0.845684 0.129407
0.034500 0.425323 0.034809 0.423715 0.038217 0.422617
0.956174 0.454165 0.958933 0.454941 0.956916 0.460090
0.956174 0.454165 0.956916 0.460090 0.954247 0.458931
0.373523 0.030899 0.375123 0.032158 0.371771 0.033034
0.373523 0.030899 0.371771 0.033034 0.370377 0.029622
0.119762 0.601162 0.120691 0.602694 0.116814 0.603492
0.119762 0.601162 0.116814 0.603492 0.118863 0.600358
0.034427 0.422688 0.034742 0.422040 0.038217 0.422617
0.351054 0.006851 0.347340 0.007213 0.348904 0.005545
0.119122 0.593072 0.114759 0.596445 0.117255 0.590406
0.351054 0.006851 0.348813 0.008795 0.346828 0.009245
0.838622 0.107621 0.844951 0.108609 0.840065 0.111388
0.937509 0.106785 0.937816 0.106146 0.939528 0.107196
0.490060 0.930117 0.489865 0.930079 0.490769 0.928739
0.696069 0.071560 0.699130 0.070345 0.697298 0.075503
0.490329 0.930169 0.490769 0.928739 0.492469 0.929282
0.933157 0.093904 0.934256 0.090810 0.934570 0.093447
0.351054 0.006851 0.346828 0.009245 0.347340 0.007213
0.936059 0.103682 0.936708 0.099661 0.938226 0.100950
0.937084 0.104579 0.936059 0.103682 0.938226 0.100950
0.937084 0.104579 0.938226 0.100950 0.939340 0.103244
0.936708 0.099661 0.938131 0.095335 0.938226 0.100950
0.958933 0.454941 0.959425 0.457926 0.956916 0.460090
0.118427 0.586219 0.117255 0.590406 0.115450 0.586965
0.839813 0.114108 0.842905 0.113296 0.841156 0.119901
0.350139 0.008115 0.349391 0.009152 0.348813 0.008795
0.449680 0.954040 0.451702 0.953351 0.452285 0.954901
0.118366 0.596513 0.113396 0.601444 0.112908 0.600021
0.698821 0.075282 0.697298 0.075503 0.699130 0.070345
0.118863 0.600358 0.116814 0.603492 0.111850 0.603951
0.118863 0.600358 0.111850 0.603951 0.113396 0.601444
0.938131 0.095335 0.935026 0.095544 0.936501 0.094542
0.939528 0.107196 0.938663 0.105391 0.939039 0.105343
0.379837 0.035129 0.376368 0.036660 0.378682 0.032856
0.379837 0.035129 0.375877 0.039131 0.376368 0.036660
0.120691 0.602694 0.120822 0.604625 0.116814 0.603492
0.375123 0.032158 0.372830 0.036947 0.371771 0.033034
0.118366 0.596513 0.112908 0.600021 0.114759 0.596445
0.702794 0.075689 0.700341 0.079035 0.698821 0.075282
0.702794 0.075689 0.705612 0.075743 0.702817 0.078827
0.378682 0.032856 0.375485 0.036988 0.372830 0.036947
0.378682 0.032856 0.372830 0.036947 0.375123 0.032158
0.379837 0.035129 0.382562 0.040126 0.375877 0.039131
0.702794 0.075689 0.702817 0.078827 0.700341 0.079035
0.114759 0.596445 0.111999 0.596462 0.117255 0.590406
0.117255 0.590406 0.111999 0.596462 0.112809 0.593433
0.346828 0.009245 0.348813 0.008795 0.346848 0.010812
0.845100 0.123063 0.846921 0.126910 0.842372 0.127357
0.117255 0.590406 0.112758 0.589915 0.115450 0.586965
0.707251 0.080781 0.703607 0.082191 0.705612 0.075743
0.938226 0.100950 0.939252 0.102242 0.939340 0.103244
0.936501 0.094542 0.937041 0.092776 0.938131 0.095335
0.035891 0.422118 0.036453 0.421624 0.036675 0.421729
0.035891 0.422118 0.036675 0.421729 0.038217 0.422617
0.370377 0.029622 0.369191 0.032837 0.368842 0.031821
0.370377 0.029622 0.370101 0.033902 0.369191 0.032837
0.710000 0.077430 0.710718 0.086109 0.707251 0.080781
0.705612 0.075743 0.703607 0.082191 0.702817 0.078827
0.037370 0.430884 0.038111 0.429456 0.042599 0.427560
0.938131 0.095335 0.939567 0.093240 0.940756 0.094333
0.112908 0.600021 0.111999 0.596462 0.114759 0.596445
0.938131 0.095335 0.940756 0.094333 0.938226 0.100950
0.121656 0.604142 0.122037 0.604996 0.121301 0.605076
0.935486 0.092684 0.935779 0.091604 0.935932 0.092247
0.935779 0.091604 0.936067 0.091798 0.935932 0.092247
0.840065 0.111388 0.844951 0.108609 0.842905 0.113296
0.034500 0.425323 0.041846 0.425244 0.038111 0.429456
0.346828 0.009245 0.345009 0.010126 0.343755 0.010170
0.116814 0.603492 0.119626 0.605107 0.119014 0.605322
0.112908 0.600021 0.113396 0.601444 0.110314 0.602110
0.346828 0.009245 0.346848 0.010812 0.345695 0.010564
0.841156 0.119901 0.842905 0.113296 0.850092 0.119517
0.938226 0.100950 0.940756 0.094333 0.940952 0.099555
0.844951 0.108609 0.841072 0.102468 0.847392 0.106780
0.117255 0.590406 0.112809 0.593433 0.112758 0.589915
0.346828 0.009245 0.343755 0.010170 0.347340 0.007213
0.936456 0.092952 0.936216 0.092896 0.936495 0.092596
0.885744 0.354945 0.887176 0.352086 0.889095 0.353331
0.348813 0.008795 0.346642 0.012137 0.346848 0.010812
0.113396 0.601444 0.107777 0.604638 0.110314 0.602110
0.113396 0.601444 0.111850 0.603951 0.107777 0.604638
0.034500 0.425323 0.038217 0.422617 0.041846 0.425244
0.939567 0.093240 0.940564 0.092586 0.940756 0.094333
0.492952 0.929317 0.492469 0.929282 0.494975 0.929135
0.375877 0.039131 0.372830 0.036947 0.374741 0.037579
0.368842 0.031821 0.369191 0.032837 0.368477 0.032584
0.845100 0.123063 0.841156 0.119901 0.850092 0.119517
0.112908 0.600021 0.110000 0.600762 0.110558 0.600205
0.940952 0.099555 0.940756 0.094333 0.944155 0.095665
0.037370 0.430884 0.042599 0.427560 0.043322 0.432703
0.112908 0.600021 0.110434 0.597930 0.111999 0.596462
0.125024 0.606420 0.124893 0.606702 0.124349 0.606144
0.116814 0.603492 0.118272 0.605610 0.117150 0.606141
0.938226 0.100950 0.940952 0.099555 0.940739 0.100314
0.038111 0.429456 0.041846 0.425244 0.042599 0.427560
0.939065 0.091352 0.939233 0.089943 0.940564 0.092586
0.345051 0.011327 0.346848 0.010812 0.342302 0.013657
0.122284 0.605560 0.122496 0.606035 0.121491 0.605414
0.492469 0.929282 0.490769 0.928739 0.493643 0.928556
0.845100 0.123063 0.850203 0.124018 0.846921 0.126910
0.845100 0.123063 0.850092 0.119517 0.850203 0.124018
0.845684 0.129407 0.846921 0.126910 0.849262 0.128224
0.122891 0.605928 0.124024 0.606529 0.122792 0.606292
0.119014 0.605322 0.120013 0.605784 0.119180 0.606517
0.491310 0.927738 0.493643 0.928556 0.490769 0.928739
0.491310 0.927738 0.494206 0.926420 0.493643 0.928556
0.940952 0.099555 0.944155 0.095665 0.941534 0.099514
0.124024 0.606529 0.123527 0.607789 0.122792 0.606292
0.698821 0.075282 0.697971 0.079412 0.697298 0.075503
0.371486 0.036096 0.372830 0.036947 0.371172 0.037099
0.347340 0.007213 0.343755 0.010170 0.344092 0.007702
0.111850 0.603951 0.116814 0.603492 0.111233 0.606427
0.941647 0.103595 0.941988 0.102795 0.942381 0.103771
0.365556 0.033617 0.366399 0.034016 0.366469 0.034670
0.037382 0.420589 0.037427 0.420345 0.038345 0.419877
0.037382 0.420589 0.038543 0.420240 0.038217 0.422617
0.370090 0.034724 0.370030 0.035430 0.368990 0.034442
0.344265 0.010633 0.342302 0.013657 0.343755 0.010170
0.346848 0.010812 0.343660 0.013481 0.342302 0.013657
0.941261 0.102290 0.940952 0.099555 0.942067 0.101879
0.885744 0.354945 0.889095 0.353331 0.892648 0.354638
0.121332 0.605961 0.122164 0.607144 0.120523 0.607436
0.492469 0.929282 0.493643 0.928556 0.494975 0.929135
0.370956 0.035869 0.370453 0.036444 0.370030 0.035430
0.842905 0.113296 0.846655 0.112490 0.850092 0.119517
0.842905 0.113296 0.844951 0.108609 0.846655 0.112490
0.115450 0.586965 0.112758 0.589915 0.112361 0.587514
0.451702 0.953351 0.448814 0.940513 0.455627 0.940039
0.451702 0.953351 0.455627 0.940039 0.457523 0.952064
0.109106 0.600358 0.106939 0.600136 0.109461 0.599246
0.372830 0.036947 0.375877 0.039131 0.373226 0.038871
0.884356 0.351137 0.882369 0.351251 0.885506 0.349925
0.884356 0.351137 0.885506 0.349925 0.887176 0.352086
0.494975 0.929135 0.493643 0.928556 0.496606 0.927967
0.451702 0.953351 0.454031 0.954031 0.452285 0.954901
0.941534 0.099514 0.944155 0.095665 0.943095 0.099216
0.941534 0.099514 0.943095 0.099216 0.940952 0.099555
0.368990 0.034442 0.370030 0.035430 0.368670 0.034660
0.382562 0.040126 0.382542 0.044107 0.375877 0.039131
0.116814 0.603492 0.114005 0.608360 0.111233 0.606427
0.346848 0.010812 0.346642 0.012137 0.343660 0.013481
0.370030 0.035430 0.369853 0.036890 0.369083 0.035812
0.118818 0.606112 0.119180 0.606517 0.118783 0.606870
0.116814 0.603492 0.116064 0.606942 0.114005 0.608360
0.698821 0.075282 0.700341 0.079035 0.697971 0.079412
0.940952 0.099555 0.943095 0.099216 0.944025 0.100513
0.940952 0.099555 0.944025 0.100513 0.942067 0.101879
0.941988 0.102795 0.945018 0.101457 0.942381 0.103771
0.118189 0.606291 0.118783 0.606870 0.118014 0.606820
0.111850 0.603951 0.108504 0.606837 0.107777 0.604638
0.038217 0.422617 0.038543 0.420240 0.038848 0.420295
0.703607 0.082191 0.707251 0.080781 0.704144 0.084640
0.942067 0.101879 0.944025 0.100513 0.945018 0.101457
0.984011 0.125694 0.983872 0.125948 0.983806 0.125705
0.111850 0.603951 0.111233 0.606427 0.108504 0.606837
0.372275 0.038494 0.369926 0.039715 0.372830 0.036947
0.882369 0.351251 0.885032 0.348825 0.885506 0.349925
0.448814 0.940513 0.450386 0.936243 0.455627 0.940039
0.365556 0.033617 0.365251 0.035654 0.365594 0.039967
0.122164 0.607144 0.123527 0.607789 0.120741 0.607744
0.370901 0.037595 0.372830 0.036947 0.369926 0.039715
0.841072 0.102468 0.846677 0.100670 0.847392 0.106780
0.107934 0.600886 0.106333 0.601637 0.106939 0.600136
0.493643 0.928556 0.494206 0.926420 0.495330 0.926122
0.107617 0.601758 0.107777 0.604638 0.106333 0.601637
0.108921 0.598243 0.106939 0.600136 0.108865 0.594819
0.108921 0.598243 0.108865 0.594819 0.111999 0.596462
0.451702 0.953351 0.457523 0.952064 0.454031 0.954031
0.043322 0.432703 0.044814 0.430826 0.044199 0.433474
0.846921 0.126910 0.850203 0.124018 0.851663 0.126776
0.846921 0.126910 0.851663 0.126776 0.849262 0.128224
0.043322 0.432703 0.042599 0.427560 0.044222 0.430078
0.118783 0.606870 0.119089 0.607533 0.118724 0.607676
0.448498 0.929840 0.452294 0.929126 0.450386 0.936243
0.107777 0.604638 0.108504 0.606837 0.105748 0.608137
0.346642 0.012137 0.346335 0.014663 0.343660 0.013481
0.045377 0.434178 0.044199 0.433474 0.047718 0.431836
0.369853 0.036890 0.369926 0.039715 0.369397 0.037435
0.369853 0.036890 0.369227 0.036918 0.369341 0.036457
0.365556 0.033617 0.365594 0.039967 0.362180 0.039651
0.365556 0.033617 0.362180 0.039651 0.361454 0.034805
0.983921 0.124402 0.983213 0.124803 0.982585 0.124248
0.112758 0.589915 0.108806 0.590833 0.109981 0.588097
0.991785 0.582891 0.990958 0.583857 0.990709 0.583637
0.108504 0.606837 0.111233 0.606427 0.108781 0.608412
0.372188 0.039866 0.371222 0.040873 0.369926 0.039715
0.365594 0.039967 0.366894 0.038303 0.369926 0.039715
0.044199 0.433474 0.044814 0.430826 0.045999 0.431011
0.342302 0.013657 0.343660 0.013481 0.340683 0.015088
0.107777 0.604638 0.104036 0.605782 0.106333 0.601637
0.124110 0.610317 0.121456 0.611271 0.123527 0.607789
0.044199 0.433474 0.046478 0.432165 0.047718 0.431836
0.368241 0.036857 0.368649 0.036811 0.368476 0.037227
0.108865 0.594819 0.105296 0.595442 0.112758 0.589915
0.375877 0.039131 0.373225 0.041391 0.373118 0.040640
0.343755 0.010170 0.342302 0.013657 0.338186 0.012790
0.372855 0.040377 0.375877 0.039131 0.373118 0.040640
0.707251 0.080781 0.710718 0.086109 0.707109 0.087611
0.112758 0.589915 0.105296 0.595442 0.108806 0.590833
0.450386 0.936243 0.452294 0.929126 0.455627 0.940039
0.372095 0.040293 0.371779 0.040915 0.371222 0.040873
0.107777 0.604638 0.105748 0.608137 0.104036 0.605782
0.496606 0.927967 0.493643 0.928556 0.497434 0.926827
0.342302 0.013657 0.340683 0.015088 0.338186 0.012790
0.368195 0.037537 0.368562 0.037592 0.369926 0.039715
0.111233 0.606427 0.114005 0.608360 0.111935 0.608023
0.846655 0.112490 0.844951 0.108609 0.850126 0.111874
0.989378 0.582182 0.989587 0.582583 0.987290 0.582416
0.119659 0.608184 0.117851 0.609999 0.118856 0.608060
0.118856 0.608060 0.117851 0.609999 0.118188 0.608698
0.041846 0.425244 0.038217 0.422617 0.043494 0.420588
0.989587 0.582583 0.988758 0.582819 0.987290 0.582416
0.983213 0.124803 0.981444 0.125374 0.982585 0.124248
0.120145 0.608481 0.123527 0.607789 0.117851 0.609999
0.116727 0.607939 0.116059 0.609233 0.114005 0.608360
0.702817 0.078827 0.703607 0.082191 0.700341 0.079035
0.039252 0.419334 0.039447 0.419012 0.038848 0.420295
0.343660 0.013481 0.343656 0.016468 0.340683 0.015088
0.123527 0.607789 0.121456 0.611271 0.117851 0.609999
0.361454 0.034805 0.362180 0.039651 0.357983 0.038710
0.940756 0.094333 0.948001 0.092406 0.944155 0.095665
0.371779 0.040915 0.373225 0.041391 0.371638 0.041575
0.042599 0.427560 0.041846 0.425244 0.046103 0.425017
0.844951 0.108609 0.847392 0.106780 0.850126 0.111874
0.344092 0.007702 0.343755 0.010170 0.339992 0.009601
0.108781 0.608412 0.108042 0.609262 0.108504 0.606837
0.118188 0.608698 0.117851 0.609999 0.116059 0.609233
0.495330 0.926122 0.497434 0.926827 0.493643 0.928556
0.042599 0.427560 0.044975 0.428746 0.044709 0.429393
0.343755 0.010170 0.338186 0.012790 0.339992 0.009601
0.373225 0.041391 0.374351 0.043625 0.372016 0.041811
0.455147 0.953927 0.457523 0.952064 0.456238 0.953917
0.700341 0.079035 0.699844 0.082430 0.697971 0.079412
0.375877 0.039131 0.382542 0.044107 0.374351 0.043625
0.375877 0.039131 0.374351 0.043625 0.374574 0.042113
0.105748 0.608137 0.101660 0.609231 0.104036 0.605782
0.989961 0.583614 0.989692 0.584096 0.989515 0.583723
0.707251 0.080781 0.707109 0.087611 0.704144 0.084640
0.343656 0.016468 0.342624 0.017935 0.340683 0.015088
0.121456 0.611271 0.118762 0.611678 0.117851 0.609999
0.108865 0.594819 0.106939 0.600136 0.105296 0.595442
0.944155 0.095665 0.948001 0.092406 0.943095 0.099216
0.700341 0.079035 0.703607 0.082191 0.699844 0.082430
0.038217 0.422617 0.038848 0.420295 0.041727 0.419973
0.496606 0.927967 0.498351 0.927287 0.497738 0.928033
0.989515 0.583723 0.989692 0.584096 0.989076 0.584399
0.045524 0.430105 0.045798 0.429799 0.046353 0.430003
0.106939 0.600136 0.103782 0.599645 0.105296 0.595442
0.039892 0.419000 0.041035 0.419339 0.038848 0.420295
0.847392 0.106780 0.846677 0.100670 0.854273 0.103523
0.847392 0.106780 0.854273 0.103523 0.851463 0.107605
0.340683 0.015088 0.337439 0.013883 0.338186 0.012790
0.340683 0.015088 0.336504 0.015416 0.337439 0.013883
0.108504 0.606837 0.108042 0.609262 0.104872 0.611012
0.108504 0.606837 0.104872 0.611012 0.105748 0.608137
0.982585 0.124248 0.981444 0.125374 0.979991 0.123759
0.372016 0.041811 0.374351 0.043625 0.372158 0.043084
0.114005 0.608360 0.111808 0.610088 0.110926 0.609296
0.108042 0.609262 0.108325 0.611211 0.104872 0.611012
0.044975 0.428746 0.042599 0.427560 0.046103 0.425017
0.987063 0.598738 0.987205 0.597333 0.987383 0.598093
0.494206 0.926420 0.496752 0.924208 0.495330 0.926122
0.369926 0.039715 0.369889 0.041341 0.369297 0.041460
0.045798 0.429799 0.046507 0.429250 0.046353 0.430003
0.104036 0.605782 0.101658 0.604803 0.106333 0.601637
0.038217 0.422617 0.041727 0.419973 0.043494 0.420588
0.110926 0.609296 0.110899 0.609780 0.109659 0.609591
0.110926 0.609296 0.111808 0.610088 0.110899 0.609780
0.846677 0.100670 0.851614 0.100790 0.854273 0.103523
0.370799 0.041899 0.370472 0.042978 0.369830 0.042486
0.847392 0.106780 0.851463 0.107605 0.850126 0.111874
0.382542 0.044107 0.377880 0.045800 0.374351 0.043625
0.104036 0.605782 0.101660 0.609231 0.101658 0.604803
0.981444 0.125374 0.980657 0.124808 0.979991 0.123759
0.987205 0.597333 0.987287 0.596673 0.987383 0.598093
0.109659 0.609591 0.110899 0.609780 0.110808 0.610739
0.109659 0.609591 0.109838 0.610643 0.108325 0.611211
0.988019 0.583574 0.988084 0.584428 0.987163 0.584322
0.987317 0.582785 0.987042 0.583185 0.987290 0.582416
0.114005 0.608360 0.115761 0.610240 0.113684 0.610899
0.452294 0.929126 0.458400 0.933160 0.455627 0.940039
0.106939 0.600136 0.106333 0.601637 0.103782 0.599645
0.105748 0.608137 0.101657 0.610314 0.101660 0.609231
0.115761 0.610240 0.117851 0.609999 0.114562 0.611766
0.703607 0.082191 0.701675 0.086507 0.699844 0.082430
0.944025 0.100513 0.943095 0.099216 0.949201 0.095211
0.989686 0.584956 0.987559 0.587553 0.989359 0.584912
0.114005 0.608360 0.113684 0.610899 0.112048 0.611159
0.106333 0.601637 0.101658 0.604803 0.103782 0.599645
0.703607 0.082191 0.704144 0.084640 0.701675 0.086507
0.040690 0.418428 0.042455 0.417082 0.041035 0.419339
0.452294 0.929126 0.454904 0.927960 0.458400 0.933160
0.987205 0.597333 0.987168 0.596203 0.987287 0.596673
0.365594 0.039967 0.369926 0.039715 0.365924 0.045228
0.103200 0.594068 0.101855 0.596903 0.102171 0.595378
0.369926 0.039715 0.368666 0.043012 0.365924 0.045228
0.342624 0.017935 0.343656 0.016468 0.344136 0.019195
0.104334 0.594854 0.105296 0.595442 0.101855 0.596903
0.498532 0.927482 0.498351 0.927287 0.499485 0.927076
0.372158 0.043084 0.374351 0.043625 0.372067 0.043352
0.496606 0.927967 0.497434 0.926827 0.498983 0.926714
0.370472 0.042978 0.370402 0.043394 0.370114 0.043122
0.846655 0.112490 0.850126 0.111874 0.854439 0.118717
0.047245 0.431109 0.047293 0.429478 0.047718 0.431836
0.342624 0.017935 0.343490 0.021595 0.342625 0.020059
0.850092 0.119517 0.846655 0.112490 0.854439 0.118717
0.046281 0.428423 0.046103 0.425017 0.046550 0.428460
0.105296 0.595442 0.103782 0.599645 0.101855 0.596903
0.943095 0.099216 0.948001 0.092406 0.949201 0.095211
0.041727 0.419973 0.043271 0.419235 0.043494 0.420588
0.496752 0.924208 0.497675 0.924761 0.495330 0.926122
0.368666 0.043012 0.369084 0.044362 0.365924 0.045228
0.109838 0.610643 0.110808 0.610739 0.108325 0.611211
0.710718 0.086109 0.710244 0.093541 0.707109 0.087611
0.986250 0.583272 0.984161 0.583759 0.987290 0.582416
0.342624 0.017935 0.343417 0.019442 0.343490 0.021595
0.102171 0.595378 0.101855 0.596903 0.100698 0.596492
0.101657 0.610314 0.100068 0.610988 0.101660 0.609231
0.987171 0.595208 0.987211 0.593323 0.987508 0.594710
0.365924 0.045228 0.362461 0.047606 0.365594 0.039967
0.047293 0.429478 0.047966 0.428856 0.049544 0.429826
0.047293 0.429478 0.049544 0.429826 0.047718 0.431836
0.707109 0.087611 0.705341 0.090204 0.704144 0.084640
0.104872 0.611012 0.108325 0.611211 0.103052 0.613256
0.981444 0.125374 0.980080 0.125760 0.980099 0.125369
0.495330 0.926122 0.497675 0.924761 0.497434 0.926827
0.850203 0.124018 0.855248 0.124553 0.851663 0.126776
0.108325 0.611211 0.106131 0.613045 0.103052 0.613256
0.457648 0.953793 0.457523 0.952064 0.459342 0.954168
0.342768 0.020495 0.343490 0.021595 0.343827 0.022776
0.101660 0.609231 0.100068 0.610988 0.099945 0.610035
0.042455 0.417082 0.042511 0.418747 0.042126 0.419044
0.988063 0.585477 0.987559 0.587553 0.987480 0.585936
0.988063 0.585477 0.987480 0.585936 0.987472 0.585640
0.043494 0.420588 0.046103 0.425017 0.041846 0.425244
0.374351 0.043625 0.374870 0.046150 0.372769 0.044251
0.944025 0.100513 0.949201 0.095211 0.945018 0.101457
0.100698 0.596492 0.101855 0.596903 0.098404 0.598758
0.374351 0.043625 0.377880 0.045800 0.376043 0.045786
0.987508 0.594710 0.987211 0.593323 0.987244 0.592260
0.042126 0.419044 0.042511 0.418747 0.043974 0.418456
0.103782 0.599645 0.101658 0.604803 0.100476 0.601237
0.104872 0.611012 0.103052 0.613256 0.100272 0.612636
0.499485 0.927076 0.498983 0.926714 0.499752 0.926676
0.499485 0.927076 0.499752 0.926676 0.500651 0.927151
0.103782 0.599645 0.100476 0.601237 0.101855 0.596903
0.372769 0.044251 0.374870 0.046150 0.372948 0.046128
0.365924 0.045228 0.369084 0.044362 0.368331 0.046263
0.369458 0.044233 0.369834 0.045312 0.369084 0.044362
0.369084 0.044362 0.369834 0.045312 0.368331 0.046263
0.457523 0.952064 0.455627 0.940039 0.462555 0.950584
0.371837 0.044665 0.372948 0.046128 0.371836 0.045154
0.108325 0.611211 0.111277 0.612131 0.109665 0.613011
0.101855 0.596903 0.100476 0.601237 0.098404 0.598758
0.498983 0.926714 0.497434 0.926827 0.499707 0.926445
0.365594 0.039967 0.362461 0.047606 0.361610 0.044204
0.365594 0.039967 0.361610 0.044204 0.362180 0.039651
0.455627 0.940039 0.458400 0.933160 0.462555 0.950584
0.371152 0.044806 0.371836 0.045154 0.372011 0.046431
0.984161 0.583759 0.985814 0.584709 0.984455 0.584257
0.339992 0.009601 0.338186 0.012790 0.337514 0.010994
0.986755 0.585371 0.986783 0.585931 0.985737 0.585644
0.850126 0.111874 0.851463 0.107605 0.854907 0.109184
0.850126 0.111874 0.855804 0.115775 0.854439 0.118717
0.850126 0.111874 0.854907 0.109184 0.855804 0.115775
0.334728 0.016519 0.332669 0.017046 0.330551 0.017082
0.334728 0.016519 0.330551 0.017082 0.336504 0.015416
0.851614 0.100790 0.857541 0.096388 0.859777 0.100581
0.336504 0.015416 0.331922 0.015772 0.337439 0.013883
0.850203 0.124018 0.850092 0.119517 0.855248 0.124553
0.047333 0.427351 0.046103 0.425017 0.047966 0.428856
0.497434 0.926827 0.500971 0.925888 0.499908 0.925827
0.357983 0.038710 0.362180 0.039651 0.357115 0.042592
0.101660 0.609231 0.097436 0.609358 0.101658 0.604803
0.851663 0.126776 0.855299 0.127123 0.856833 0.129869
0.454904 0.927960 0.459558 0.929504 0.458400 0.933160
0.851614 0.100790 0.859777 0.100581 0.854273 0.103523
0.851463 0.107605 0.854273 0.103523 0.854907 0.109184
0.894840 0.363176 0.892648 0.354638 0.899472 0.362366
0.760143 0.017651 0.760875 0.017381 0.760656 0.019389
0.362180 0.039651 0.359244 0.044513 0.357115 0.042592
0.108325 0.611211 0.109665 0.613011 0.106131 0.613045
0.098970 0.611388 0.099077 0.612157 0.097699 0.611539
0.072589 0.466094 0.073145 0.470700 0.066532 0.468555
0.100272 0.612636 0.103052 0.613256 0.100374 0.613500
0.100272 0.612636 0.100374 0.613500 0.098123 0.614161
0.042865 0.418150 0.042455 0.417082 0.043017 0.416753
0.979464 0.125631 0.977489 0.125920 0.979592 0.124966
0.343827 0.022776 0.343490 0.021595 0.344374 0.023923
0.500651 0.927151 0.502203 0.926563 0.501128 0.927073
0.043271 0.419235 0.043974 0.418456 0.043494 0.420588
0.337439 0.013883 0.331922 0.015772 0.335670 0.013572
0.337439 0.013883 0.335670 0.013572 0.338186 0.012790
0.759819 0.016289 0.759218 0.015361 0.759975 0.015752
0.046103 0.425017 0.043494 0.420588 0.051047 0.423010
0.099077 0.612157 0.098123 0.614161 0.097699 0.611539
0.368331 0.046263 0.369452 0.048082 0.368318 0.049058
0.368331 0.046263 0.368318 0.049058 0.367113 0.047746
0.892648 0.354638 0.899475 0.353039 0.899472 0.362366
0.984455 0.584257 0.983508 0.584538 0.984161 0.583759
0.367249 0.046649 0.367113 0.047746 0.365924 0.045228
0.352430 0.037060 0.354272 0.039974 0.348538 0.037233
0.073907 0.464464 0.072589 0.466094 0.071332 0.463735
0.101658 0.604803 0.096829 0.608951 0.097180 0.606956
0.987244 0.592260 0.987211 0.593323 0.986774 0.591137
0.100476 0.601237 0.101658 0.604803 0.097180 0.606956
0.100476 0.601237 0.097180 0.606956 0.096764 0.601687
0.985737 0.585644 0.986262 0.586460 0.985548 0.586487
0.496752 0.924208 0.500301 0.922769 0.497675 0.924761
0.707109 0.087611 0.710244 0.093541 0.705341 0.090204
0.457523 0.952064 0.460998 0.952287 0.459342 0.954168
0.855299 0.127123 0.851663 0.126776 0.855248 0.124553
0.497434 0.926827 0.497675 0.924761 0.500971 0.925888
0.352430 0.037060 0.357983 0.038710 0.354272 0.039974
0.987244 0.592260 0.986774 0.591137 0.987559 0.587553
0.047966 0.428856 0.051267 0.426874 0.049544 0.429826
0.372948 0.046128 0.374870 0.046150 0.374927 0.047681
0.372948 0.046128 0.374927 0.047681 0.372665 0.047688
0.332669 0.017046 0.330910 0.017734 0.330551 0.017082
0.043494 0.420588 0.045187 0.417972 0.046050 0.419716
0.047966 0.428856 0.051544 0.425323 0.051267 0.426874
0.043494 0.420588 0.046050 0.419716 0.051047 0.423010
0.097699 0.611539 0.098123 0.614161 0.096440 0.612549
0.097699 0.611539 0.096440 0.612549 0.096469 0.611368
0.097699 0.611539 0.096469 0.611368 0.097219 0.610226
0.336504 0.015416 0.330551 0.017082 0.331922 0.015772
0.072589 0.466094 0.066532 0.468555 0.071332 0.463735
0.457523 0.952064 0.462555 0.950584 0.460998 0.952287
0.096081 0.600273 0.098404 0.598758 0.096764 0.601687
0.704144 0.084640 0.705341 0.090204 0.701675 0.086507
0.759218 0.015361 0.759763 0.014146 0.760302 0.015043
0.759218 0.015361 0.758845 0.013990 0.759763 0.014146
0.100476 0.601237 0.096764 0.601687 0.098404 0.598758
0.098123 0.614161 0.100286 0.614413 0.098536 0.614720
0.979991 0.123759 0.978837 0.123679 0.978348 0.123518
0.338186 0.012790 0.335670 0.013572 0.336450 0.011311
0.374870 0.046150 0.376224 0.047391 0.374927 0.047681
0.106131 0.613045 0.104073 0.614360 0.103052 0.613256
0.855248 0.124553 0.856682 0.126490 0.855299 0.127123
0.855248 0.124553 0.858256 0.124518 0.856682 0.126490
0.850092 0.119517 0.854439 0.118717 0.855248 0.124553
0.424798 0.997744 0.424675 0.996554 0.425011 0.996910
0.859777 0.100581 0.859011 0.105540 0.854273 0.103523
0.042455 0.417082 0.044226 0.415856 0.043461 0.416547
0.357983 0.038710 0.357115 0.042592 0.354272 0.039974
0.978972 0.124808 0.977489 0.125920 0.978425 0.124833
0.497675 0.924761 0.500301 0.922769 0.500971 0.925888
0.984275 0.585300 0.984692 0.586127 0.983444 0.585712
0.984275 0.585300 0.983444 0.585712 0.982739 0.584727
0.977489 0.125920 0.977066 0.125636 0.978425 0.124833
0.073145 0.470700 0.069468 0.471281 0.066532 0.468555
0.344924 0.022948 0.345794 0.024217 0.343490 0.021595
0.984161 0.583759 0.982443 0.584018 0.981904 0.583450
0.500661 0.926234 0.500971 0.925888 0.500651 0.927151
0.098123 0.614161 0.095478 0.613832 0.096440 0.612549
0.500651 0.927151 0.500971 0.925888 0.502203 0.926563
0.365924 0.045228 0.366055 0.048823 0.365551 0.049818
0.103052 0.613256 0.101615 0.615008 0.101410 0.614454
0.369452 0.048082 0.369863 0.049481 0.368318 0.049058
0.100286 0.614413 0.099619 0.615831 0.098352 0.615598
0.978837 0.123679 0.978670 0.123843 0.978348 0.123518
0.047966 0.428856 0.046103 0.425017 0.051544 0.425323
0.101410 0.614454 0.101615 0.615008 0.100752 0.615172
0.602287 0.265713 0.602610 0.264167 0.602978 0.264697
0.855248 0.124553 0.854439 0.118717 0.858256 0.124518
0.986662 0.590105 0.986510 0.589236 0.987559 0.587553
0.984161 0.583759 0.981168 0.582621 0.981393 0.582078
0.095264 0.601518 0.096764 0.601687 0.094233 0.602690
0.854273 0.103523 0.859011 0.105540 0.854907 0.109184
0.705341 0.090204 0.703320 0.089481 0.701675 0.086507
0.097180 0.606956 0.096829 0.608951 0.095731 0.608183
0.862765 0.094599 0.862666 0.097320 0.857541 0.096388
0.096469 0.611368 0.095502 0.611457 0.096575 0.610202
0.987559 0.587553 0.986635 0.588935 0.986791 0.588658
0.103052 0.613256 0.103454 0.615102 0.102631 0.615452
0.761119 0.015516 0.761506 0.014643 0.761634 0.015672
0.600800 0.265166 0.600138 0.263526 0.602046 0.263070
0.362461 0.047606 0.361167 0.046487 0.361243 0.046312
0.985764 0.587461 0.985679 0.587595 0.985596 0.587295
0.855299 0.127123 0.857256 0.127598 0.858814 0.128327
0.982739 0.584727 0.983444 0.585712 0.981309 0.584550
0.982739 0.584727 0.981309 0.584550 0.981231 0.583848
0.855804 0.115775 0.854907 0.109184 0.857335 0.110977
0.855299 0.127123 0.858814 0.128327 0.856833 0.129869
0.096764 0.601687 0.097180 0.606956 0.094704 0.606147
0.502203 0.926563 0.503338 0.926176 0.502913 0.926480
0.071332 0.463735 0.070710 0.460809 0.072759 0.461640
0.335670 0.013572 0.331922 0.015772 0.332602 0.014087
0.500971 0.925888 0.503044 0.925949 0.502203 0.926563
0.500971 0.925888 0.505249 0.924352 0.503044 0.925949
0.069468 0.471281 0.066045 0.471761 0.064282 0.470440
0.500301 0.922769 0.501769 0.924048 0.500971 0.925888
0.101615 0.615008 0.101774 0.616226 0.100700 0.616170
0.758845 0.013990 0.756703 0.014653 0.757659 0.013585
0.046103 0.425017 0.051047 0.423010 0.051544 0.425323
0.329647 0.018133 0.326870 0.018025 0.330551 0.017082
0.500971 0.925888 0.501769 0.924048 0.505249 0.924352
0.359244 0.044513 0.357645 0.046250 0.357115 0.042592
0.756703 0.014653 0.756401 0.013818 0.757659 0.013585
0.103454 0.615102 0.101774 0.616226 0.102631 0.615452
0.857541 0.096388 0.862666 0.097320 0.859777 0.100581
0.429865 0.997786 0.429170 0.997350 0.430291 0.996736
0.854907 0.109184 0.859011 0.105540 0.857335 0.110977
0.362461 0.047606 0.359818 0.049040 0.360430 0.046877
0.096764 0.601687 0.094704 0.606147 0.094728 0.603672
0.458400 0.933160 0.460205 0.930661 0.463664 0.933109
0.360106 0.046084 0.360430 0.046877 0.358762 0.047739
0.044638 0.416627 0.044226 0.415856 0.046702 0.417026
0.759156 0.013301 0.759233 0.012315 0.760389 0.012489
0.097180 0.606956 0.095731 0.608183 0.094704 0.606147
0.045187 0.417972 0.046702 0.417026 0.046050 0.419716
0.335670 0.013572 0.332890 0.012724 0.334947 0.012485
0.360430 0.046877 0.359818 0.049040 0.358762 0.047739
0.359313 0.045479 0.359391 0.046058 0.357645 0.046250
0.857652 0.126591 0.858256 0.124518 0.858814 0.128327
0.761634 0.015672 0.762164 0.014125 0.762977 0.014969
0.426382 0.996717 0.426765 0.995907 0.427723 0.996777
0.094728 0.603672 0.094704 0.606147 0.092562 0.606174
0.099619 0.615831 0.099481 0.616972 0.099005 0.616521
0.343280 0.054941 0.344762 0.054649 0.343701 0.055666
0.710244 0.093541 0.707841 0.095578 0.705341 0.090204
0.757659 0.013585 0.756401 0.013818 0.756601 0.012576
0.757659 0.013585 0.756601 0.012576 0.758126 0.013015
0.503044 0.925949 0.503733 0.925807 0.502203 0.926563
0.359391 0.046058 0.358762 0.047739 0.357645 0.046250
0.765413 0.010145 0.765349 0.009459 0.766620 0.009754
0.762003 0.012767 0.762342 0.012498 0.762431 0.013115
0.602046 0.263070 0.600138 0.263526 0.601425 0.261542
0.602046 0.263070 0.601425 0.261542 0.602506 0.261327
0.600138 0.263526 0.598646 0.264356 0.601425 0.261542
0.460205 0.930661 0.463412 0.929688 0.463664 0.933109
0.983971 0.245950 0.986718 0.247008 0.983872 0.246626
0.016150 0.659052 0.016241 0.657614 0.016780 0.658895
0.431212 0.997553 0.432095 0.996288 0.432755 0.996922
0.016780 0.658895 0.016241 0.657614 0.017187 0.655746
0.760389 0.012489 0.759233 0.012315 0.759862 0.011632
0.016780 0.658895 0.018989 0.658354 0.018640 0.658835
0.040907 0.244987 0.040608 0.246440 0.040226 0.245876
0.040907 0.244987 0.039581 0.245267 0.038190 0.244654
0.326870 0.018025 0.331922 0.015772 0.330551 0.017082
0.855804 0.115775 0.861076 0.121768 0.854439 0.118717
0.855804 0.115775 0.861185 0.117151 0.861076 0.121768
0.602465 0.262635 0.602851 0.262057 0.602774 0.262367
0.343701 0.055666 0.344762 0.054649 0.344952 0.057602
0.425652 0.996170 0.424675 0.996554 0.426765 0.995907
0.357115 0.042592 0.353819 0.048178 0.354272 0.039974
0.331922 0.015772 0.329545 0.015215 0.332602 0.014087
0.100700 0.616170 0.101774 0.616226 0.099481 0.616972
0.428892 0.996799 0.428491 0.996767 0.427723 0.996777
0.602899 0.262554 0.602851 0.262057 0.603156 0.261531
0.094700 0.610579 0.093210 0.611623 0.092762 0.610414
0.094700 0.610579 0.092762 0.610414 0.094566 0.609196
0.761817 0.017199 0.762977 0.014969 0.763249 0.017396
0.598646 0.264356 0.599133 0.260302 0.601425 0.261542
0.424675 0.996554 0.423772 0.995497 0.426765 0.995907
0.094704 0.606147 0.094421 0.608798 0.093208 0.608149
0.458400 0.933160 0.463664 0.933109 0.464973 0.945598
0.458400 0.933160 0.464973 0.945598 0.462555 0.950584
0.016780 0.658895 0.017187 0.655746 0.018323 0.657548
0.460921 0.929117 0.461276 0.927872 0.461668 0.928138
0.460921 0.929117 0.461938 0.928501 0.463412 0.929688
0.044226 0.415856 0.045375 0.414730 0.046702 0.417026
0.763802 0.008704 0.763352 0.008246 0.764014 0.008046
0.758762 0.011826 0.758843 0.010539 0.759862 0.011632
0.858256 0.124518 0.854439 0.118717 0.861076 0.121768
0.859011 0.105540 0.862592 0.108887 0.857335 0.110977
0.855804 0.115775 0.857335 0.110977 0.861185 0.117151
0.460998 0.952287 0.462555 0.950584 0.463334 0.952567
0.051047 0.423010 0.046050 0.419716 0.051109 0.419552
0.423772 0.995497 0.425169 0.994779 0.426765 0.995907
0.018323 0.657548 0.017187 0.655746 0.018757 0.657071
0.070710 0.460809 0.071332 0.463735 0.064373 0.465723
0.046702 0.417026 0.045664 0.414434 0.046866 0.414320
0.094704 0.606147 0.092081 0.607188 0.092562 0.606174
0.760679 0.011062 0.759828 0.009581 0.761606 0.010249
0.765715 0.008408 0.765905 0.006798 0.767397 0.008392
0.761606 0.010249 0.759828 0.009581 0.760204 0.008431
0.359818 0.049040 0.358106 0.049367 0.358762 0.047739
0.358762 0.047739 0.358106 0.049367 0.357645 0.046250
0.051267 0.426874 0.051544 0.425323 0.052792 0.425301
0.601425 0.261542 0.604148 0.256900 0.602506 0.261327
0.426765 0.995907 0.425324 0.994451 0.425587 0.994481
0.427970 0.992088 0.428378 0.991396 0.428440 0.991671
0.092562 0.606174 0.090970 0.608126 0.090242 0.608457
0.357115 0.042592 0.357645 0.046250 0.353819 0.048178
0.040265 0.246313 0.040608 0.246440 0.040163 0.246947
0.858256 0.124518 0.860757 0.127017 0.858814 0.128327
0.503044 0.925949 0.505249 0.924352 0.504456 0.925499
0.344952 0.057602 0.346001 0.055027 0.347987 0.054750
0.982988 0.248573 0.986718 0.247008 0.984992 0.248838
0.982988 0.248573 0.985129 0.249479 0.983069 0.249303
0.982988 0.248573 0.984992 0.248838 0.985129 0.249479
0.069468 0.471281 0.064282 0.470440 0.066532 0.468555
0.423772 0.995497 0.423741 0.994108 0.424439 0.994165
0.762977 0.014969 0.764423 0.016416 0.763249 0.017396
0.423772 0.995497 0.421498 0.994784 0.422648 0.994425
0.767397 0.008392 0.765905 0.006798 0.767573 0.006531
0.767397 0.008392 0.767573 0.006531 0.770345 0.004248
0.604382 0.260914 0.605660 0.257032 0.605638 0.260335
0.427723 0.996777 0.426765 0.995907 0.428471 0.995235
0.427723 0.996777 0.428471 0.995235 0.428635 0.995666
0.070755 0.458545 0.070710 0.460809 0.069958 0.457967
0.501769 0.924048 0.500301 0.922769 0.504091 0.920528
0.501769 0.924048 0.504091 0.920528 0.505249 0.924352
0.463891 0.952400 0.462555 0.950584 0.466286 0.951630
0.430996 0.996189 0.430952 0.995611 0.431201 0.995672
0.429530 0.995840 0.428968 0.995680 0.429266 0.995444
0.429530 0.995840 0.429636 0.995316 0.430096 0.995435
0.604287 0.260620 0.604305 0.259774 0.605660 0.257032
0.016640 0.656765 0.016330 0.654604 0.017187 0.655746
0.427970 0.992088 0.428362 0.993272 0.428010 0.993130
0.500301 0.922769 0.503361 0.919408 0.504091 0.920528
0.763370 0.006817 0.762059 0.006976 0.761005 0.002917
0.763370 0.006817 0.761005 0.002917 0.763815 0.005493
0.426765 0.995907 0.427672 0.994199 0.428236 0.994492
0.112544 0.991557 0.111854 0.985184 0.115216 0.991066
0.039527 0.246591 0.038929 0.247063 0.036203 0.246306
0.985515 0.252739 0.983320 0.252202 0.986055 0.252151
0.432095 0.996288 0.433970 0.995697 0.433283 0.996292
0.462152 0.926519 0.463682 0.925892 0.462468 0.926951
0.426765 0.995907 0.426507 0.993927 0.426681 0.993716
0.046050 0.419716 0.049494 0.414694 0.051109 0.419552
0.020126 0.659317 0.020038 0.658396 0.020745 0.658546
0.020126 0.659317 0.020745 0.658546 0.020497 0.659922
0.071332 0.463735 0.066532 0.468555 0.064373 0.465723
0.090970 0.608126 0.090809 0.608759 0.090242 0.608457
0.427970 0.992088 0.429096 0.991719 0.429265 0.991959
0.862765 0.094599 0.868873 0.096189 0.862666 0.097320
0.464391 0.952627 0.466286 0.951630 0.464902 0.952840
0.462897 0.928500 0.463381 0.928833 0.463412 0.929688
0.462707 0.927843 0.463682 0.925892 0.463170 0.927836
0.019534 0.657519 0.019644 0.656759 0.019891 0.657053
0.765905 0.006798 0.767309 0.003878 0.767573 0.006531
0.427970 0.992088 0.426195 0.992418 0.426304 0.991955
0.018575 0.656137 0.017187 0.655746 0.019805 0.656320
0.761545 0.007169 0.760732 0.006615 0.761005 0.002917
0.038371 0.245902 0.036203 0.246306 0.038190 0.244654
0.464479 0.953465 0.464802 0.953146 0.465337 0.953419
0.020497 0.659922 0.020745 0.658546 0.021159 0.659425
0.604305 0.259774 0.604148 0.256900 0.605660 0.257032
0.427970 0.992088 0.426269 0.992879 0.426195 0.992418
0.066532 0.468555 0.064282 0.470440 0.061414 0.468630
0.066532 0.468555 0.061414 0.468630 0.064373 0.465723
0.020038 0.658396 0.020266 0.657847 0.020678 0.658056
0.070710 0.460809 0.065316 0.457565 0.069958 0.457967
0.857335 0.110977 0.862592 0.108887 0.861185 0.117151
0.760204 0.008431 0.758779 0.008617 0.758885 0.007325
0.425942 0.993497 0.425498 0.993583 0.425239 0.993088
0.425942 0.993497 0.425239 0.993088 0.426002 0.993185
0.428264 0.993411 0.428450 0.993614 0.428117 0.993594
0.858256 0.124518 0.861076 0.121768 0.860757 0.127017
0.019805 0.656320 0.017187 0.655746 0.018366 0.653801
0.110537 0.975568 0.112041 0.975602 0.111687 0.975798
0.015807 0.656794 0.015262 0.655909 0.016330 0.654604
0.110452 0.975235 0.110521 0.974925 0.112041 0.975602
0.019644 0.656759 0.019805 0.656320 0.019891 0.657053
0.428158 0.993771 0.428450 0.993614 0.428425 0.993983
0.046050 0.419716 0.046702 0.417026 0.049494 0.414694
0.063113 0.472213 0.062793 0.472850 0.064282 0.470440
0.331922 0.015772 0.324711 0.017016 0.326372 0.015841
0.331922 0.015772 0.326944 0.015503 0.329545 0.015215
0.465199 0.953036 0.466286 0.951630 0.465575 0.953060
0.767573 0.006531 0.767309 0.003878 0.770345 0.004248
0.020266 0.657847 0.019805 0.656320 0.021075 0.657403
0.462555 0.950584 0.464973 0.945598 0.469360 0.950834
0.462555 0.950584 0.469360 0.950834 0.466286 0.951630
0.463838 0.928691 0.464782 0.929897 0.463412 0.929688
0.862666 0.097320 0.868873 0.096189 0.871109 0.099641
0.518023 0.929485 0.516938 0.928734 0.518185 0.929581
0.038190 0.244654 0.036203 0.246306 0.036206 0.244624
0.859777 0.100581 0.862666 0.097320 0.871109 0.099641
0.505249 0.924352 0.504091 0.920528 0.508196 0.923509
0.859777 0.100581 0.866600 0.104752 0.859011 0.105540
0.904902 0.355890 0.910269 0.357622 0.899472 0.362366
0.424263 0.993763 0.423134 0.993695 0.425239 0.993088
0.610373 0.960203 0.610019 0.960280 0.610537 0.958170
0.463412 0.929688 0.464782 0.929897 0.463664 0.933109
0.599133 0.260302 0.597582 0.259945 0.598975 0.255875
0.426179 0.991674 0.426435 0.990968 0.426542 0.991206
0.429319 0.993580 0.429327 0.993999 0.429111 0.993803
0.429093 0.994217 0.429111 0.993803 0.429327 0.993999
0.051047 0.423010 0.051109 0.419552 0.052496 0.421218
0.062793 0.472850 0.061074 0.470655 0.064282 0.470440
0.022523 0.662195 0.020497 0.659922 0.021159 0.659425
0.022523 0.662195 0.021159 0.659425 0.024583 0.661624
0.047684 0.415411 0.048258 0.414553 0.049494 0.414694
0.047684 0.415411 0.049494 0.414694 0.046702 0.417026
0.430009 0.993167 0.430860 0.992646 0.431442 0.993123
0.430009 0.993167 0.431442 0.993123 0.429878 0.993626
0.426828 0.990969 0.426542 0.991206 0.426435 0.990968
0.425806 0.992764 0.425239 0.993088 0.425599 0.992624
0.020745 0.658546 0.021026 0.658364 0.021159 0.659425
0.986991 0.248009 0.986718 0.247008 0.987571 0.248546
0.612099 0.958847 0.610537 0.958170 0.612290 0.958047
0.986718 0.247008 0.988565 0.246922 0.988642 0.247624
0.859777 0.100581 0.871109 0.099641 0.866600 0.104752
0.354272 0.039974 0.353819 0.048178 0.348327 0.048997
0.354272 0.039974 0.348327 0.048997 0.345691 0.045779
0.422439 0.994054 0.421461 0.994230 0.421681 0.993278
0.861076 0.121768 0.861185 0.117151 0.866646 0.121062
0.983320 0.252202 0.985129 0.249479 0.986095 0.251068
0.992323 0.155672 0.990808 0.154156 0.992754 0.154509
0.429878 0.993626 0.431442 0.993123 0.429854 0.994001
0.859011 0.105540 0.866600 0.104752 0.862592 0.108887
0.609062 0.960400 0.607214 0.958573 0.610537 0.958170
0.017187 0.655746 0.016330 0.654604 0.018366 0.653801
0.994846 0.154534 0.992754 0.154509 0.993019 0.152793
0.430981 0.994684 0.431442 0.993123 0.431388 0.994574
0.992754 0.154509 0.990808 0.154156 0.991753 0.151894
0.992754 0.154509 0.991753 0.151894 0.993019 0.152793
0.518990 0.929617 0.518678 0.929007 0.519204 0.929334
0.518061 0.928867 0.516938 0.928734 0.517813 0.928608
0.423134 0.993695 0.421681 0.993278 0.425239 0.993088
0.064282 0.470440 0.061074 0.470655 0.061414 0.468630
0.425606 0.992208 0.425239 0.993088 0.425494 0.992138
0.356246 0.049692 0.353819 0.048178 0.357645 0.046250
0.464973 0.945598 0.463664 0.933109 0.467230 0.938269
0.995043 0.156089 0.994937 0.155211 0.997487 0.154691
0.015262 0.655909 0.013260 0.655137 0.016330 0.654604
0.431388 0.994574 0.431442 0.993123 0.431875 0.994506
0.431388 0.994574 0.431875 0.994506 0.433970 0.995697
0.425494 0.992138 0.425239 0.993088 0.425272 0.992000
0.518678 0.929007 0.520275 0.929142 0.519204 0.929334
0.986448 0.249246 0.986677 0.249895 0.985129 0.249479
0.986448 0.249246 0.986998 0.249710 0.986677 0.249895
0.994937 0.155211 0.994846 0.154534 0.997487 0.154691
0.111687 0.975798 0.112041 0.975602 0.115376 0.977253
0.862592 0.108887 0.866600 0.104752 0.870215 0.109485
0.985129 0.249479 0.986677 0.249895 0.986459 0.250113
0.061811 0.473507 0.061045 0.473477 0.061074 0.470655
0.861076 0.121768 0.867360 0.124238 0.860757 0.127017
0.035062 0.245539 0.036203 0.246306 0.033303 0.245744
0.035062 0.245539 0.033303 0.245744 0.033931 0.244577
0.519701 0.929917 0.520275 0.929142 0.520523 0.930070
0.111687 0.975798 0.115376 0.977253 0.113759 0.977913
0.612571 0.956125 0.612254 0.956483 0.610703 0.955023
0.516938 0.928734 0.516876 0.927661 0.517266 0.927983
0.988668 0.248040 0.988991 0.247857 0.990593 0.249226
0.112041 0.975602 0.115173 0.975429 0.115376 0.977253
0.605660 0.257032 0.604148 0.256900 0.607291 0.253644
0.111854 0.985184 0.116992 0.984426 0.115216 0.991066
0.899472 0.362366 0.903155 0.361870 0.894941 0.368259
0.987703 0.251265 0.987878 0.250802 0.988067 0.251180
0.070710 0.460809 0.064373 0.465723 0.065316 0.457565
0.504494 0.918345 0.506517 0.916871 0.506886 0.917175
0.504494 0.918345 0.506210 0.918315 0.503361 0.919408
0.504494 0.918345 0.506886 0.917175 0.506210 0.918315
0.861076 0.121768 0.866646 0.121062 0.867360 0.124238
0.516938 0.928734 0.515855 0.927628 0.516876 0.927661
0.349212 0.054445 0.351770 0.055348 0.347987 0.054750
0.861185 0.117151 0.862592 0.108887 0.865644 0.114341
0.607503 0.960147 0.605502 0.960000 0.607214 0.958573
0.465054 0.927322 0.467361 0.927807 0.464782 0.929897
0.016330 0.654604 0.016783 0.651310 0.017853 0.651153
0.016330 0.654604 0.013928 0.652955 0.016783 0.651310
0.464973 0.945598 0.467230 0.938269 0.469360 0.950834
0.986952 0.250110 0.987251 0.249896 0.987092 0.250422
0.463682 0.925892 0.469078 0.921720 0.467053 0.925482
0.466837 0.953226 0.466286 0.951630 0.468330 0.953276
0.996404 0.156683 0.997487 0.154691 0.998033 0.156425
0.051109 0.419552 0.053551 0.420165 0.052496 0.421218
0.347987 0.054750 0.351973 0.055287 0.344952 0.057602
0.503361 0.919408 0.506068 0.919103 0.504091 0.920528
0.987640 0.250869 0.987741 0.250640 0.987878 0.250802
0.518480 0.928372 0.520298 0.927995 0.520275 0.929142
0.344952 0.057602 0.351973 0.055287 0.346395 0.059498
0.604148 0.256900 0.605581 0.251394 0.607291 0.253644
0.112041 0.975602 0.113373 0.974658 0.115173 0.975429
0.990808 0.154156 0.989951 0.150623 0.991753 0.151894
0.464995 0.926789 0.463682 0.925892 0.467361 0.927807
0.514574 0.926694 0.514367 0.926525 0.516876 0.927661
0.993218 0.151746 0.991753 0.151894 0.992763 0.150802
0.068924 0.455574 0.069958 0.457967 0.067412 0.455042
0.466286 0.951630 0.469360 0.950834 0.467912 0.951890
0.605660 0.257032 0.607291 0.253644 0.607369 0.255078
0.431442 0.993123 0.432974 0.993350 0.433970 0.995697
0.431442 0.993123 0.433970 0.995697 0.432777 0.993830
0.064373 0.465723 0.057284 0.467190 0.060104 0.458764
0.064373 0.465723 0.060104 0.458764 0.065316 0.457565
0.016330 0.654604 0.013260 0.655137 0.014793 0.654638
0.016330 0.654604 0.014821 0.654204 0.013928 0.652955
0.463682 0.925892 0.467053 0.925482 0.467361 0.927807
0.061414 0.468630 0.061074 0.470655 0.060294 0.468871
0.425239 0.993088 0.421264 0.992783 0.421937 0.992078
0.463664 0.933109 0.464782 0.929897 0.469344 0.933772
0.990593 0.249226 0.988946 0.249116 0.988597 0.249186
0.611228 0.957145 0.610537 0.958170 0.609445 0.955393
0.611228 0.957145 0.609445 0.955393 0.610703 0.955023
0.899472 0.362366 0.910269 0.357622 0.903155 0.361870
0.605660 0.257032 0.608362 0.254897 0.609129 0.256121
0.350260 0.053920 0.351655 0.053714 0.351770 0.055348
0.988337 0.250713 0.988841 0.250306 0.988067 0.251180
0.518148 0.927928 0.516876 0.927661 0.520298 0.927995
0.988004 0.250099 0.988163 0.250098 0.988167 0.250433
0.988004 0.250099 0.988273 0.249873 0.988163 0.250098
0.061074 0.470655 0.060355 0.472933 0.060545 0.472614
0.048864 0.413065 0.049489 0.411841 0.049494 0.414694
0.994846 0.154534 0.995875 0.152541 0.996839 0.152458
0.994846 0.154534 0.996839 0.152458 0.997487 0.154691
0.069260 0.453183 0.068924 0.455574 0.067283 0.453699
0.861185 0.117151 0.865644 0.114341 0.866646 0.121062
0.988067 0.251180 0.989179 0.250446 0.989325 0.250731
0.463664 0.933109 0.469344 0.933772 0.467230 0.938269
0.069958 0.457967 0.065316 0.457565 0.066946 0.455987
0.991072 0.251214 0.988067 0.251180 0.989901 0.251002
0.991753 0.151894 0.992037 0.150114 0.992763 0.150802
0.991753 0.151894 0.989951 0.150623 0.992037 0.150114
0.506859 0.915753 0.508119 0.914076 0.508628 0.914684
0.059150 0.475375 0.058164 0.474014 0.059441 0.473832
0.012585 0.655275 0.013005 0.654689 0.013260 0.655137
0.511366 0.925311 0.514523 0.925446 0.514367 0.926525
0.511366 0.925311 0.510187 0.923379 0.514523 0.925446
0.506068 0.919103 0.507639 0.918094 0.509026 0.918960
0.022484 0.657805 0.022628 0.656197 0.021159 0.659425
0.114387 0.979043 0.115376 0.977253 0.116799 0.980154
0.504091 0.920528 0.506584 0.919593 0.509026 0.918960
0.504091 0.920528 0.509026 0.918960 0.508196 0.923509
0.508196 0.923509 0.509026 0.918960 0.510187 0.923379
0.995630 0.152247 0.995890 0.150197 0.996863 0.151710
0.995059 0.151492 0.995157 0.150561 0.995890 0.150197
0.599133 0.260302 0.598975 0.255875 0.601425 0.261542
0.021159 0.659425 0.025117 0.658330 0.024583 0.661624
0.064373 0.465723 0.061414 0.468630 0.057284 0.467190
0.516876 0.927661 0.518149 0.926556 0.520298 0.927995
0.516876 0.927661 0.514367 0.926525 0.514523 0.925446
0.051109 0.419552 0.049494 0.414694 0.053496 0.415391
0.051109 0.419552 0.053496 0.415391 0.053893 0.417564
0.065316 0.457565 0.065529 0.454712 0.066443 0.455842
0.520275 0.929142 0.520298 0.927995 0.521849 0.928253
0.993901 0.149795 0.993813 0.149607 0.994067 0.149685
0.507000 0.916591 0.508628 0.914684 0.507324 0.916700
0.049494 0.414694 0.051753 0.413954 0.053496 0.415391
0.903155 0.361870 0.907348 0.363533 0.903439 0.366675
0.115376 0.977253 0.115173 0.975429 0.118530 0.977325
0.601425 0.261542 0.598975 0.255875 0.601033 0.252277
0.601425 0.261542 0.601033 0.252277 0.604148 0.256900
0.608362 0.254897 0.607291 0.253644 0.609000 0.253791
0.604148 0.256900 0.601033 0.252277 0.605581 0.251394
0.069260 0.453183 0.065451 0.453417 0.066535 0.450997
0.346395 0.059498 0.349224 0.059797 0.350001 0.062643
0.346395 0.059498 0.350001 0.062643 0.346250 0.061436
0.862592 0.108887 0.870215 0.109485 0.865644 0.114341
0.514523 0.925446 0.518149 0.926556 0.516876 0.927661
0.067283 0.453699 0.065451 0.453417 0.069260 0.453183
0.067068 0.454497 0.065529 0.454712 0.065451 0.453417
0.351973 0.055287 0.352180 0.056652 0.346395 0.059498
0.871109 0.099641 0.872448 0.104694 0.866600 0.104752
0.033931 0.244577 0.033303 0.245744 0.031690 0.245576
0.990103 0.249553 0.990593 0.249226 0.990433 0.249820
0.115173 0.975429 0.119141 0.975847 0.118530 0.977325
0.520298 0.927995 0.521811 0.927640 0.521849 0.928253
0.346395 0.059498 0.352180 0.056652 0.349224 0.059797
0.115216 0.991066 0.116992 0.984426 0.118498 0.987707
0.996839 0.152458 0.998491 0.151324 0.998671 0.153727
0.113373 0.974658 0.115799 0.973661 0.115173 0.975429
0.520298 0.927995 0.518149 0.926556 0.520689 0.926886
0.016783 0.651310 0.013928 0.652955 0.014366 0.651608
0.016783 0.651310 0.014366 0.651608 0.015086 0.651304
0.469362 0.951926 0.469360 0.950834 0.471563 0.952849
0.469362 0.951926 0.471563 0.952849 0.468594 0.953718
0.514523 0.925446 0.517504 0.924275 0.518149 0.926556
0.033303 0.245744 0.031730 0.246156 0.031513 0.245947
0.610537 0.958170 0.607214 0.958573 0.609445 0.955393
0.013260 0.655137 0.013537 0.654156 0.013790 0.654209
0.521849 0.928253 0.521811 0.927640 0.522757 0.928470
0.347299 0.066060 0.346250 0.061436 0.350001 0.062643
0.994117 0.148767 0.994208 0.148280 0.994534 0.148469
0.014003 0.654073 0.013642 0.653994 0.013928 0.652955
0.996863 0.151710 0.996680 0.149142 0.998491 0.151324
0.033931 0.244577 0.030891 0.245335 0.031074 0.244984
0.991072 0.251214 0.992610 0.250805 0.992824 0.250861
0.871109 0.099641 0.878143 0.098837 0.877148 0.102146
0.115376 0.977253 0.118530 0.977325 0.116799 0.980154
0.013525 0.653792 0.012750 0.652654 0.013928 0.652955
0.464782 0.929897 0.469131 0.930428 0.469344 0.933772
0.991072 0.251214 0.991541 0.250190 0.991780 0.250390
0.507684 0.917126 0.508628 0.914684 0.508448 0.917028
0.514523 0.925446 0.510187 0.923379 0.514031 0.923182
0.609000 0.253791 0.607291 0.253644 0.608808 0.251678
0.992745 0.148637 0.989951 0.150623 0.993242 0.147601
0.066535 0.450997 0.062960 0.451326 0.065398 0.446601
0.989951 0.150623 0.991810 0.146054 0.993242 0.147601
0.024583 0.661624 0.025117 0.658330 0.026592 0.658507
0.507639 0.918094 0.508448 0.917028 0.509026 0.918960
0.058883 0.472877 0.058081 0.470857 0.061074 0.470655
0.058883 0.472877 0.058234 0.472988 0.058081 0.470857
0.118530 0.977325 0.120740 0.978570 0.116799 0.980154
0.605502 0.960000 0.603225 0.959103 0.600229 0.957378
0.605502 0.960000 0.600229 0.957378 0.601340 0.954637
0.464782 0.929897 0.467361 0.927807 0.469406 0.930027
0.514523 0.925446 0.514031 0.923182 0.517504 0.924275
0.991526 0.249778 0.990593 0.249226 0.991772 0.249989
0.115173 0.975429 0.117655 0.975275 0.119141 0.975847
0.607214 0.958573 0.605502 0.960000 0.601340 0.954637
0.508628 0.914684 0.508119 0.914076 0.511483 0.911938
0.597582 0.259945 0.597690 0.258619 0.598975 0.255875
0.469360 0.950834 0.467230 0.938269 0.474236 0.949198
0.467053 0.925482 0.469078 0.921720 0.471230 0.926488
0.061074 0.470655 0.058081 0.470857 0.058177 0.470456
0.058296 0.470246 0.058081 0.470857 0.057584 0.469844
0.351770 0.055348 0.353047 0.054528 0.352180 0.056652
0.467053 0.925482 0.471230 0.926488 0.467361 0.927807
0.993181 0.250766 0.993288 0.250619 0.993556 0.250598
0.508119 0.914076 0.511238 0.910942 0.511483 0.911938
0.469344 0.933772 0.469856 0.931551 0.470072 0.931634
0.607291 0.253644 0.605581 0.251394 0.608808 0.251678
0.057206 0.474871 0.054047 0.475584 0.053931 0.472496
0.871109 0.099641 0.877148 0.102146 0.872448 0.104694
0.609445 0.955393 0.607214 0.958573 0.604478 0.954950
0.609445 0.955393 0.604478 0.954950 0.606796 0.953950
0.353757 0.052689 0.355062 0.051996 0.356186 0.053450
0.610203 0.952740 0.610703 0.955023 0.609046 0.951620
0.467230 0.938269 0.469344 0.933772 0.472375 0.940702
0.469360 0.950834 0.471301 0.952239 0.471563 0.952849
0.866646 0.121062 0.865644 0.114341 0.870206 0.120562
0.996680 0.149142 0.996138 0.147230 0.998073 0.147837
0.996680 0.149142 0.998073 0.147837 0.998491 0.151324
0.061414 0.468630 0.059265 0.468258 0.057284 0.467190
0.781332 0.934464 0.780496 0.934887 0.781210 0.934037
0.467230 0.938269 0.472375 0.940702 0.474236 0.949198
0.022734 0.319031 0.023122 0.320773 0.022366 0.320063
0.469360 0.950834 0.474236 0.949198 0.471001 0.950985
0.508448 0.917028 0.508628 0.914684 0.509026 0.918960
0.518149 0.926556 0.519191 0.925576 0.520340 0.926347
0.058111 0.469720 0.057584 0.469844 0.057284 0.467190
0.518149 0.926556 0.517504 0.924275 0.519191 0.925576
0.778204 0.186897 0.776702 0.187258 0.777558 0.186813
0.607214 0.958573 0.601340 0.954637 0.604478 0.954950
0.118530 0.977325 0.119141 0.975847 0.121915 0.976086
0.118530 0.977325 0.121915 0.976086 0.120740 0.978570
0.872448 0.104694 0.870215 0.109485 0.866600 0.104752
0.353047 0.054528 0.356186 0.053450 0.352180 0.056652
0.870215 0.109485 0.872219 0.113295 0.865644 0.114341
0.865644 0.114341 0.872219 0.113295 0.870206 0.120562
0.781904 0.935786 0.782203 0.936375 0.781584 0.936618
0.609445 0.955393 0.606796 0.953950 0.607654 0.952559
0.609445 0.955393 0.607654 0.952559 0.610703 0.955023
0.509026 0.918960 0.508628 0.914684 0.510630 0.915257
0.780572 0.933994 0.780496 0.934887 0.779040 0.934517
0.066535 0.450997 0.065451 0.453417 0.062960 0.451326
0.471317 0.951215 0.474236 0.949198 0.471563 0.952849
0.065316 0.457565 0.060104 0.458764 0.059337 0.454127
0.065316 0.457565 0.059337 0.454127 0.065529 0.454712
0.469344 0.933772 0.470839 0.932554 0.471867 0.933432
0.120740 0.978570 0.121915 0.976086 0.121901 0.977222
0.903155 0.361870 0.910269 0.357622 0.907348 0.363533
0.057239 0.473433 0.053931 0.472496 0.058081 0.470857
0.020649 0.320270 0.021065 0.321096 0.019818 0.324161
0.470336 0.930089 0.467361 0.927807 0.470727 0.929300
0.470336 0.930089 0.470727 0.929300 0.470609 0.930219
0.117380 0.974142 0.118426 0.973780 0.119141 0.975847
0.470680 0.931061 0.470543 0.930425 0.471867 0.933432
0.777976 0.187279 0.776587 0.187859 0.776702 0.187258
0.355062 0.051996 0.356094 0.052365 0.356186 0.053450
0.781584 0.936618 0.782358 0.936800 0.781719 0.937336
0.781584 0.936618 0.781719 0.937336 0.780130 0.938321
0.467361 0.927807 0.471230 0.926488 0.471048 0.928728
0.470543 0.930425 0.470805 0.930064 0.471867 0.933432
0.780262 0.936858 0.780130 0.938321 0.778545 0.937987
0.469344 0.933772 0.471867 0.933432 0.474488 0.937418
0.469344 0.933772 0.474488 0.937418 0.472375 0.940702
0.610703 0.955023 0.607654 0.952559 0.608097 0.951549
0.910269 0.357622 0.914867 0.357629 0.907348 0.363533
0.352180 0.056652 0.355809 0.056415 0.349224 0.059797
0.065529 0.454712 0.059337 0.454127 0.065451 0.453417
0.356186 0.053450 0.355170 0.055713 0.352180 0.056652
0.779479 0.936093 0.778545 0.937987 0.779040 0.934517
0.511483 0.911938 0.510630 0.915257 0.508628 0.914684
0.608808 0.251678 0.605581 0.251394 0.609917 0.247257
0.345691 0.045779 0.348327 0.048997 0.344997 0.048651
0.601033 0.252277 0.602453 0.249814 0.605581 0.251394
0.521186 0.926204 0.519191 0.925576 0.521188 0.926027
0.866646 0.121062 0.870206 0.120562 0.867360 0.124238
0.347299 0.066060 0.350001 0.062643 0.350650 0.065621
0.021948 0.320676 0.022331 0.320784 0.021844 0.320910
0.062960 0.451326 0.062797 0.448378 0.064727 0.446835
0.013021 0.324680 0.013707 0.327812 0.011392 0.328010
0.870215 0.109485 0.876309 0.114827 0.872219 0.113295
0.776702 0.187258 0.776587 0.187859 0.775647 0.187781
0.779040 0.934517 0.778545 0.937987 0.777813 0.935090
0.778545 0.937987 0.778031 0.936490 0.777813 0.935090
0.870215 0.109485 0.872448 0.104694 0.876309 0.114827
0.474236 0.949198 0.476448 0.949941 0.471563 0.952849
0.058081 0.470857 0.053931 0.472496 0.057584 0.469844
0.471867 0.933432 0.471424 0.929414 0.473914 0.933034
0.057584 0.469844 0.055022 0.469174 0.057284 0.467190
0.509026 0.918960 0.510630 0.915257 0.513308 0.917090
0.509026 0.918960 0.513308 0.917090 0.510187 0.923379
0.519191 0.925576 0.517504 0.924275 0.519829 0.923364
0.872448 0.104694 0.880613 0.117074 0.876309 0.114827
0.471048 0.928728 0.471230 0.926488 0.474928 0.929668
0.510187 0.923379 0.514930 0.919976 0.514031 0.923182
0.349224 0.059797 0.355809 0.056415 0.350001 0.062643
0.011392 0.328010 0.013707 0.327812 0.010728 0.330659
0.605581 0.251394 0.602453 0.249814 0.609917 0.247257
0.065451 0.453417 0.059337 0.454127 0.062960 0.451326
0.903439 0.366675 0.907348 0.363533 0.906313 0.366828
0.903439 0.366675 0.905647 0.367974 0.905092 0.368603
0.608710 0.950519 0.607537 0.949769 0.608154 0.949555
0.867360 0.124238 0.870206 0.120562 0.872518 0.125606
0.867360 0.124238 0.872518 0.125606 0.873246 0.129174
0.471424 0.929414 0.474928 0.929668 0.473914 0.933034
0.060104 0.458764 0.057284 0.467190 0.052793 0.465644
0.057584 0.469844 0.053931 0.472496 0.055022 0.469174
0.774542 0.186685 0.773653 0.186825 0.774208 0.186732
0.474236 0.949198 0.472375 0.940702 0.475835 0.947946
0.352180 0.056652 0.355170 0.055713 0.355809 0.056415
0.356747 0.052118 0.357981 0.052452 0.356186 0.053450
0.872448 0.104694 0.877148 0.102146 0.880613 0.117074
0.907348 0.363533 0.911231 0.363006 0.910613 0.363864
0.116799 0.980154 0.120740 0.978570 0.118393 0.982763
0.120740 0.978570 0.121901 0.977222 0.124818 0.978719
0.607654 0.952559 0.606836 0.952569 0.606851 0.951217
0.607654 0.952559 0.606851 0.951217 0.608097 0.951549
0.023956 0.321270 0.025113 0.322649 0.024232 0.322250
0.519191 0.925576 0.519829 0.923364 0.521049 0.925234
0.780130 0.938321 0.776707 0.941038 0.778545 0.937987
0.780130 0.938321 0.777858 0.941102 0.776707 0.941038
0.608808 0.251678 0.609917 0.247257 0.612588 0.247438
0.022849 0.321430 0.023233 0.321732 0.022712 0.321660
0.777233 0.937319 0.778545 0.937987 0.775468 0.937537
0.119141 0.975847 0.122630 0.974878 0.121915 0.976086
0.776587 0.187859 0.776775 0.189504 0.774370 0.188720
0.471867 0.933432 0.473914 0.933034 0.474488 0.937418
0.016572 0.323129 0.019826 0.326004 0.013707 0.327812
0.517504 0.924275 0.514031 0.923182 0.517772 0.921884
0.517504 0.924275 0.517772 0.921884 0.519829 0.923364
0.023233 0.321732 0.023056 0.321942 0.022792 0.321826
0.907348 0.363533 0.914867 0.357629 0.915207 0.361962
0.016572 0.323129 0.013707 0.327812 0.013021 0.324680
0.780130 0.938321 0.779043 0.941135 0.778324 0.941230
0.605369 0.954312 0.604478 0.954950 0.603422 0.951350
0.120740 0.978570 0.124818 0.978719 0.121021 0.984613
0.775647 0.187781 0.776587 0.187859 0.774370 0.188720
0.608154 0.949555 0.607537 0.949769 0.607344 0.948083
0.120740 0.978570 0.121021 0.984613 0.118393 0.982763
0.471563 0.952849 0.476448 0.949941 0.476298 0.952562
0.600229 0.957378 0.596097 0.956536 0.597605 0.955520
0.606836 0.952569 0.603422 0.951350 0.606351 0.951838
0.907348 0.363533 0.909031 0.365047 0.908879 0.366187
0.907348 0.363533 0.908236 0.366403 0.907038 0.366769
0.600229 0.957378 0.597605 0.955520 0.601124 0.955629
0.347751 0.068408 0.347299 0.066060 0.350650 0.065621
0.010728 0.330659 0.013707 0.327812 0.012709 0.332566
0.774491 0.187440 0.772154 0.187826 0.773653 0.186825
0.881008 0.102522 0.878845 0.107917 0.877148 0.102146
0.601340 0.954637 0.599139 0.953561 0.604478 0.954950
0.510630 0.915257 0.513141 0.912998 0.513308 0.917090
0.877148 0.102146 0.878845 0.107917 0.880613 0.117074
0.121901 0.977222 0.121915 0.976086 0.124818 0.978719
0.355170 0.055713 0.356186 0.053450 0.355809 0.056415
0.350001 0.062643 0.355809 0.056415 0.350650 0.065621
0.514031 0.923182 0.514930 0.919976 0.517772 0.921884
0.870206 0.120562 0.872229 0.121430 0.872855 0.122103
0.870206 0.120562 0.872855 0.122103 0.874476 0.123855
0.870206 0.120562 0.874476 0.123855 0.872518 0.125606
0.774762 0.187938 0.774370 0.188720 0.772154 0.187826
0.510187 0.923379 0.513308 0.917090 0.514930 0.919976
0.510630 0.915257 0.511483 0.911938 0.513141 0.912998
0.019818 0.324161 0.021273 0.323461 0.021511 0.323804
0.601033 0.252277 0.600990 0.248430 0.602453 0.249814
0.062797 0.448378 0.062960 0.451326 0.061229 0.448972
0.049888 0.812544 0.049801 0.811256 0.053435 0.809282
0.062960 0.451326 0.060027 0.449737 0.061229 0.448972
0.905092 0.368603 0.906226 0.368493 0.906560 0.369497
0.905092 0.368603 0.906560 0.369497 0.905435 0.370640
0.054047 0.475584 0.051940 0.479261 0.050296 0.472313
0.905435 0.370640 0.906560 0.369497 0.907048 0.369904
0.606851 0.951217 0.606351 0.951838 0.605540 0.949323
0.472375 0.940702 0.474488 0.937418 0.477736 0.942589
0.051940 0.479261 0.047581 0.478677 0.050296 0.472313
0.909031 0.365047 0.909481 0.365978 0.908879 0.366187
0.909031 0.365047 0.909856 0.365751 0.909481 0.365978
0.606351 0.951838 0.603422 0.951350 0.605540 0.949323
0.473914 0.933034 0.474928 0.929668 0.476990 0.935966
0.124818 0.978719 0.126129 0.979843 0.127192 0.981388
0.121915 0.976086 0.125299 0.976367 0.124818 0.978719
0.055022 0.469174 0.051853 0.467825 0.057284 0.467190
0.873246 0.129174 0.872518 0.125606 0.877165 0.131824
0.870206 0.120562 0.872219 0.113295 0.873393 0.119544
0.347751 0.068408 0.350650 0.065621 0.349901 0.069720
0.016572 0.323129 0.019818 0.324161 0.019826 0.326004
0.025487 0.323144 0.024779 0.324111 0.024494 0.323599
0.025487 0.323144 0.026726 0.324738 0.025403 0.324528
0.025487 0.323144 0.025403 0.324528 0.024779 0.324111
0.907348 0.363533 0.915207 0.361962 0.912565 0.362208
0.906560 0.369497 0.907324 0.368055 0.908289 0.369433
0.019818 0.324161 0.021579 0.324224 0.021598 0.324767
0.019818 0.324161 0.021598 0.324767 0.019826 0.326004
0.517772 0.921884 0.520046 0.919392 0.519829 0.923364
0.060104 0.458764 0.052793 0.465644 0.059337 0.454127
0.606799 0.950398 0.605540 0.949323 0.607344 0.948083
0.609917 0.247257 0.602453 0.249814 0.603382 0.247008
0.609917 0.247257 0.603382 0.247008 0.614109 0.242004
0.021579 0.324224 0.021830 0.324524 0.021598 0.324767
0.472375 0.940702 0.477736 0.942589 0.475835 0.947946
0.907324 0.368055 0.908160 0.367577 0.908289 0.369433
0.612588 0.247438 0.614618 0.247567 0.614086 0.249078
0.355809 0.056415 0.356210 0.060502 0.350650 0.065621
0.910613 0.363864 0.912354 0.364048 0.911408 0.364608
0.475951 0.937794 0.474488 0.937418 0.476990 0.935966
0.062960 0.451326 0.059303 0.451625 0.059754 0.450791
0.474488 0.937418 0.476537 0.939131 0.477736 0.942589
0.596097 0.956536 0.594921 0.958730 0.593474 0.956968
0.347751 0.068408 0.349901 0.069720 0.348669 0.072612
0.906577 0.371030 0.906892 0.370604 0.909906 0.370160
0.906892 0.370604 0.907360 0.370117 0.909906 0.370160
0.604478 0.954950 0.599139 0.953561 0.603422 0.951350
0.910482 0.364367 0.911408 0.364608 0.910630 0.364945
0.517772 0.921884 0.514930 0.919976 0.520046 0.919392
0.124818 0.978719 0.125299 0.976367 0.127617 0.976809
0.124818 0.978719 0.127617 0.976809 0.128641 0.978194
0.027644 0.324271 0.027621 0.328376 0.027214 0.325993
0.356186 0.053450 0.359095 0.053714 0.355809 0.056415
0.594921 0.958730 0.593209 0.960171 0.593474 0.956968
0.774370 0.188720 0.774280 0.190657 0.772246 0.190688
0.054047 0.475584 0.050296 0.472313 0.053931 0.472496
0.021598 0.324767 0.021866 0.324791 0.019826 0.326004
0.474236 0.949198 0.475835 0.947946 0.476448 0.949941
0.053435 0.809282 0.049801 0.811256 0.055081 0.806922
0.358895 0.052655 0.362053 0.051509 0.359645 0.053108
0.878845 0.107917 0.881623 0.106226 0.881082 0.108740
0.475835 0.947946 0.477736 0.942589 0.477949 0.946074
0.908526 0.367366 0.909715 0.366615 0.909280 0.368600
0.906418 0.372001 0.909906 0.370160 0.905340 0.372541
0.873277 0.120927 0.872219 0.113295 0.874474 0.121880
0.873277 0.120927 0.874474 0.121880 0.873645 0.121901
0.023196 0.324090 0.023264 0.324470 0.022915 0.324658
0.912035 0.363258 0.915207 0.361962 0.913036 0.363799
0.473914 0.933034 0.476990 0.935966 0.474488 0.937418
0.909025 0.366651 0.909416 0.366356 0.909715 0.366615
0.124818 0.978719 0.128641 0.978194 0.127459 0.979654
0.121915 0.976086 0.122630 0.974878 0.124786 0.975149
0.514930 0.919976 0.513308 0.917090 0.518863 0.913580
0.062960 0.451326 0.059337 0.454127 0.058559 0.451727
0.350650 0.065621 0.353372 0.066773 0.349901 0.069720
0.476818 0.939374 0.477663 0.937518 0.477736 0.942589
0.612588 0.247438 0.609917 0.247257 0.614109 0.242004
0.019826 0.326004 0.022889 0.325175 0.021575 0.326818
0.055022 0.469174 0.052436 0.469037 0.051853 0.467825
0.909280 0.368600 0.911062 0.366957 0.913247 0.366639
0.601124 0.955629 0.597605 0.955520 0.599139 0.953561
0.057284 0.467190 0.051853 0.467825 0.052793 0.465644
0.055081 0.806922 0.049801 0.811256 0.051602 0.806516
0.026726 0.324738 0.027214 0.325993 0.026512 0.325652
0.023306 0.324667 0.023388 0.324986 0.022889 0.325175
0.873645 0.121901 0.874474 0.121880 0.874476 0.123855
0.013707 0.327812 0.019826 0.326004 0.019374 0.332022
0.013707 0.327812 0.019374 0.332022 0.012709 0.332566
0.049801 0.811256 0.047050 0.810685 0.051602 0.806516
0.774370 0.188720 0.772246 0.190688 0.770650 0.188786
0.774370 0.188720 0.770650 0.188786 0.772154 0.187826
0.878845 0.107917 0.881082 0.108740 0.880499 0.110483
0.059337 0.454127 0.052793 0.465644 0.056194 0.454071
0.477736 0.942589 0.480850 0.939735 0.477856 0.941825
0.600990 0.248430 0.603382 0.247008 0.602453 0.249814
0.477736 0.942589 0.478427 0.945490 0.477949 0.946074
0.059337 0.454127 0.056194 0.454071 0.057651 0.451709
0.022889 0.325175 0.023341 0.326349 0.021575 0.326818
0.912354 0.364048 0.913036 0.363799 0.912974 0.364148
0.596097 0.956536 0.593474 0.956968 0.594229 0.955661
0.596097 0.956536 0.594229 0.955661 0.597605 0.955520
0.126861 0.980260 0.127459 0.979654 0.127773 0.980648
0.055022 0.469174 0.050296 0.472313 0.051956 0.470691
0.878845 0.107917 0.880499 0.110483 0.880613 0.117074
0.128641 0.978194 0.128459 0.979212 0.127459 0.979654
0.126714 0.980653 0.127192 0.981388 0.126139 0.981222
0.126714 0.980653 0.127773 0.980648 0.127192 0.981388
0.909725 0.369543 0.913247 0.366639 0.909906 0.370160
0.476990 0.935966 0.474928 0.929668 0.479014 0.935867
0.872219 0.113295 0.876134 0.121088 0.875832 0.122058
0.905340 0.372541 0.909906 0.370160 0.909305 0.372747
0.059076 0.450327 0.058109 0.450571 0.057869 0.449645
0.475835 0.947946 0.478469 0.947386 0.478298 0.947584
0.355809 0.056415 0.359814 0.055271 0.360763 0.058911
0.053931 0.472496 0.050296 0.472313 0.055022 0.469174
0.127459 0.979654 0.128459 0.979212 0.128786 0.979945
0.476990 0.935966 0.477663 0.937518 0.477346 0.938136
0.593209 0.960171 0.588997 0.959232 0.593474 0.956968
0.355809 0.056415 0.359095 0.053714 0.359652 0.054417
0.050296 0.472313 0.047581 0.478677 0.047557 0.472481
0.359095 0.053714 0.359645 0.053108 0.360747 0.053552
0.874474 0.121880 0.875502 0.123861 0.874476 0.123855
0.359645 0.053108 0.362053 0.051509 0.360747 0.053552
0.025091 0.325021 0.025293 0.325119 0.025185 0.325454
0.477736 0.942589 0.477663 0.937518 0.480850 0.939735
0.349901 0.069720 0.353372 0.066773 0.352531 0.070620
0.355809 0.056415 0.360763 0.058911 0.356210 0.060502
0.047050 0.810685 0.044024 0.810367 0.046491 0.808554
0.877165 0.131824 0.872518 0.125606 0.878800 0.130659
0.773601 0.191335 0.773662 0.191920 0.771093 0.192858
0.773601 0.191335 0.771093 0.192858 0.772246 0.190688
0.026512 0.325652 0.026562 0.326943 0.025561 0.326788
0.477736 0.942589 0.478753 0.943911 0.478470 0.944603
0.321073 0.964858 0.322297 0.964714 0.320835 0.966331
0.021575 0.326818 0.023405 0.326914 0.022208 0.327898
0.021575 0.326818 0.022208 0.327898 0.019826 0.326004
0.912040 0.365643 0.912932 0.365141 0.913247 0.366639
0.127192 0.981388 0.127773 0.980648 0.128393 0.982350
0.027214 0.325993 0.027621 0.328376 0.026337 0.328461
0.872518 0.125606 0.874420 0.124582 0.876233 0.125605
0.874420 0.124582 0.875502 0.123861 0.876833 0.125412
0.349901 0.069720 0.349596 0.072210 0.348669 0.072612
0.514930 0.919976 0.518863 0.913580 0.520046 0.919392
0.127773 0.980648 0.129551 0.981498 0.128393 0.982350
0.476990 0.935966 0.479014 0.935867 0.477663 0.937518
0.513308 0.917090 0.513141 0.912998 0.515814 0.912993
0.513308 0.917090 0.515814 0.912993 0.518863 0.913580
0.051395 0.469134 0.049402 0.469040 0.051853 0.467825
0.127617 0.976809 0.126219 0.975453 0.127561 0.975024
0.597605 0.955520 0.594229 0.955661 0.595481 0.952191
0.320206 0.972741 0.321571 0.967242 0.322224 0.967330
0.475835 0.947946 0.478499 0.949011 0.476448 0.949941
0.872219 0.113295 0.876309 0.114827 0.876847 0.121303
0.603382 0.247008 0.606472 0.241957 0.614109 0.242004
0.912932 0.365141 0.913245 0.365147 0.913247 0.366639
0.605540 0.949323 0.603566 0.944826 0.607344 0.948083
0.605540 0.949323 0.601182 0.948210 0.601896 0.944826
0.605540 0.949323 0.601896 0.944826 0.603566 0.944826
0.476448 0.949941 0.478897 0.950849 0.476298 0.952562
0.012709 0.332566 0.014494 0.337276 0.011700 0.335993
0.350650 0.065621 0.355499 0.063205 0.353372 0.066773
0.477736 0.942589 0.478961 0.942297 0.479536 0.942662
0.128777 0.980184 0.129617 0.979885 0.129551 0.981498
0.594229 0.955661 0.593474 0.956968 0.591438 0.954887
0.025350 0.326213 0.025561 0.326788 0.025314 0.326661
0.872518 0.125606 0.876462 0.126428 0.878800 0.130659
0.019826 0.326004 0.022257 0.328909 0.019374 0.332022
0.913247 0.366639 0.913615 0.370322 0.909906 0.370160
0.905340 0.372541 0.909305 0.372747 0.910264 0.373595
0.012709 0.332566 0.019374 0.332022 0.018587 0.336286
0.012709 0.332566 0.018587 0.336286 0.014494 0.337276
0.479327 0.946667 0.479496 0.946467 0.479582 0.946668
0.479347 0.945925 0.479452 0.945738 0.479514 0.945931
0.875832 0.122058 0.876597 0.122440 0.875502 0.123861
0.913943 0.364633 0.915207 0.361962 0.913247 0.366639
0.607344 0.948083 0.603566 0.944826 0.604992 0.944182
0.772154 0.187826 0.770650 0.188786 0.768670 0.188842
0.043471 0.810232 0.044718 0.806880 0.046491 0.808554
0.057869 0.449645 0.057772 0.450733 0.057595 0.450472
0.011700 0.335993 0.014494 0.337276 0.012092 0.337567
0.875502 0.123861 0.876597 0.122440 0.877527 0.123266
0.057651 0.451709 0.056194 0.454071 0.056962 0.451206
0.057651 0.451709 0.056962 0.451206 0.057415 0.450819
0.052793 0.465644 0.050091 0.459735 0.056194 0.454071
0.023405 0.326914 0.023307 0.327839 0.022208 0.327898
0.782629 0.145195 0.781384 0.145948 0.782073 0.144920
0.782629 0.145195 0.782638 0.144470 0.783803 0.143944
0.603422 0.951350 0.599139 0.953561 0.601182 0.948210
0.193739 0.018528 0.194070 0.018144 0.194293 0.018450
0.479447 0.945000 0.479970 0.945262 0.480205 0.945879
0.047050 0.810685 0.046491 0.808554 0.048674 0.806370
0.047050 0.810685 0.048674 0.806370 0.051602 0.806516
0.597605 0.955520 0.595481 0.952191 0.599139 0.953561
0.350650 0.065621 0.356210 0.060502 0.355499 0.063205
0.321571 0.967242 0.322686 0.965909 0.322224 0.967330
0.520046 0.919392 0.518863 0.913580 0.521874 0.916146
0.349901 0.069720 0.352531 0.070620 0.350794 0.071446
0.878376 0.131458 0.878800 0.130659 0.879437 0.134041
0.057415 0.450819 0.056962 0.451206 0.055099 0.450309
0.057415 0.450819 0.055099 0.450309 0.057252 0.449949
0.353372 0.066773 0.353529 0.068745 0.352531 0.070620
0.353372 0.066773 0.354162 0.068117 0.353529 0.068745
0.781384 0.145948 0.777866 0.146247 0.782073 0.144920
0.028753 0.327694 0.029225 0.327734 0.027621 0.328376
0.781732 0.147746 0.779283 0.147505 0.780891 0.147184
0.878800 0.130659 0.876462 0.126428 0.878065 0.126696
0.878800 0.130659 0.878065 0.126696 0.878796 0.128268
0.019374 0.332022 0.022257 0.328909 0.022450 0.330497
0.019374 0.332022 0.022302 0.330810 0.021425 0.331336
0.772246 0.190688 0.771093 0.192858 0.769178 0.191253
0.349124 0.074300 0.349990 0.073306 0.352200 0.075213
0.876597 0.122440 0.878040 0.122871 0.877527 0.123266
0.783803 0.143944 0.784211 0.142846 0.785532 0.142246
0.029225 0.327734 0.029890 0.329411 0.027621 0.328376
0.194947 0.016842 0.195123 0.016926 0.194908 0.017042
0.023307 0.327839 0.024726 0.327570 0.023711 0.329049
0.023307 0.327839 0.023711 0.329049 0.022257 0.328909
0.604992 0.944182 0.603566 0.944826 0.603613 0.942932
0.195479 0.016058 0.195682 0.015780 0.195584 0.016310
0.198739 0.006841 0.200612 0.001763 0.201015 0.007216
0.056962 0.451206 0.056194 0.454071 0.055099 0.450309
0.194835 0.017696 0.195132 0.017856 0.194293 0.018450
0.876309 0.114827 0.879053 0.121906 0.877654 0.122083
0.876309 0.114827 0.880613 0.117074 0.879053 0.121906
0.782243 0.144386 0.777866 0.146247 0.782199 0.143362
0.046491 0.808554 0.044718 0.806880 0.048674 0.806370
0.909305 0.372747 0.909906 0.370160 0.910264 0.373595
0.049402 0.469040 0.048210 0.468965 0.051853 0.467825
0.477663 0.937518 0.479014 0.935867 0.480850 0.939735
0.603422 0.951350 0.601182 0.948210 0.605540 0.949323
0.022257 0.328909 0.023711 0.329049 0.022990 0.330086
0.593474 0.956968 0.587022 0.954522 0.591438 0.954887
0.019374 0.332022 0.020595 0.333662 0.018587 0.336286
0.593474 0.956968 0.588997 0.959232 0.586179 0.957797
0.593474 0.956968 0.586179 0.957797 0.587022 0.954522
0.322224 0.967330 0.321419 0.970107 0.320206 0.972741
0.050711 0.471154 0.050296 0.472313 0.049402 0.469040
0.476298 0.952562 0.478897 0.950849 0.480384 0.952935
0.047581 0.478677 0.045081 0.477185 0.047557 0.472481
0.359814 0.055271 0.361089 0.054300 0.362699 0.053934
0.359814 0.055271 0.362699 0.053934 0.360763 0.058911
0.772246 0.190688 0.769178 0.191253 0.770650 0.188786
0.599139 0.953561 0.597479 0.950919 0.601182 0.948210
0.362053 0.051509 0.362699 0.053934 0.361089 0.054300
0.056194 0.454071 0.054014 0.452556 0.055099 0.450309
0.052793 0.465644 0.047965 0.461173 0.050091 0.459735
0.876850 0.124590 0.877527 0.123266 0.877631 0.124317
0.055081 0.806922 0.051602 0.806516 0.053344 0.804280
0.769178 0.191253 0.771093 0.192858 0.768054 0.192611
0.910264 0.373595 0.911490 0.375833 0.905998 0.376836
0.612588 0.247438 0.614109 0.242004 0.617491 0.238828
0.612588 0.247438 0.617491 0.238828 0.617069 0.243444
0.770650 0.188786 0.769178 0.191253 0.768670 0.188842
0.051853 0.467825 0.048210 0.468965 0.052793 0.465644
0.127617 0.976809 0.127561 0.975024 0.130129 0.975336
0.779872 0.146378 0.779283 0.147505 0.777866 0.146247
0.356210 0.060502 0.360763 0.058911 0.355499 0.063205
0.877527 0.123266 0.878470 0.124002 0.877631 0.124317
0.027621 0.328376 0.026604 0.329602 0.026410 0.328993
0.057903 0.804878 0.055081 0.806922 0.057689 0.803688
0.777866 0.146247 0.780965 0.142662 0.781742 0.143063
0.784211 0.142846 0.783665 0.141477 0.785532 0.142246
0.480286 0.942346 0.480310 0.941696 0.480850 0.939735
0.056194 0.454071 0.053682 0.454330 0.054014 0.452556
0.027621 0.328376 0.029890 0.329411 0.028411 0.330212
0.027621 0.328376 0.028411 0.330212 0.027581 0.329702
0.350794 0.076246 0.352200 0.075213 0.352231 0.076389
0.878800 0.130659 0.878796 0.128268 0.880633 0.130298
0.909906 0.370160 0.913615 0.370322 0.910264 0.373595
0.060819 0.804902 0.060206 0.804377 0.061485 0.804135
0.353372 0.066773 0.355499 0.063205 0.358109 0.063981
0.056194 0.454071 0.050091 0.459735 0.053037 0.455022
0.915207 0.361962 0.917096 0.366863 0.913247 0.366639
0.351339 0.073453 0.353416 0.074406 0.352200 0.075213
0.877631 0.124317 0.878470 0.124002 0.879085 0.124589
0.777866 0.146247 0.779197 0.144096 0.780162 0.143600
0.599139 0.953561 0.595481 0.952191 0.597479 0.950919
0.588997 0.959232 0.586568 0.959543 0.586179 0.957797
0.320206 0.972741 0.321352 0.970748 0.321180 0.971514
0.880613 0.117074 0.883969 0.118095 0.885249 0.120827
0.060206 0.804377 0.060676 0.802862 0.061485 0.804135
0.591438 0.954887 0.592591 0.951712 0.594229 0.955661
0.194030 0.019783 0.195573 0.019443 0.195261 0.022786
0.055081 0.806922 0.053344 0.804280 0.055153 0.803381
0.878065 0.126696 0.878112 0.126026 0.880208 0.126850
0.878065 0.126696 0.880208 0.126850 0.878796 0.128268
0.198739 0.006841 0.201015 0.007216 0.199105 0.011526
0.878112 0.126026 0.879085 0.124589 0.880208 0.126850
0.196666 0.015718 0.198127 0.013853 0.197483 0.016854
0.196666 0.015718 0.197483 0.016854 0.196568 0.016458
0.351698 0.071938 0.352531 0.070620 0.353416 0.074406
0.879053 0.121906 0.880613 0.117074 0.882952 0.122846
0.879053 0.121906 0.882952 0.122846 0.879965 0.123370
0.353372 0.066773 0.355349 0.068987 0.354162 0.068117
0.050296 0.472313 0.047557 0.472481 0.049402 0.469040
0.594229 0.955661 0.592591 0.951712 0.595481 0.952191
0.781762 0.142735 0.780965 0.142662 0.780999 0.141504
0.195157 0.018705 0.195945 0.018169 0.195573 0.019443
0.782710 0.142351 0.780999 0.141504 0.783665 0.141477
0.023618 0.330196 0.024629 0.329642 0.024971 0.330086
0.913247 0.366639 0.917266 0.368227 0.913615 0.370322
0.592591 0.951712 0.591438 0.954887 0.590708 0.953411
0.024629 0.329642 0.025488 0.329318 0.024971 0.330086
0.878796 0.128268 0.880894 0.129283 0.880633 0.130298
0.878796 0.128268 0.880744 0.127748 0.880894 0.129283
0.780965 0.142662 0.778850 0.143024 0.780999 0.141504
0.878949 0.124038 0.879270 0.123997 0.879085 0.124589
0.880613 0.117074 0.885249 0.120827 0.882952 0.122846
0.355499 0.063205 0.360763 0.058911 0.358109 0.063981
0.023060 0.331101 0.024971 0.330086 0.023768 0.332741
0.023060 0.331101 0.023768 0.332741 0.022666 0.331825
0.048210 0.468965 0.046457 0.469416 0.052793 0.465644
0.020595 0.333662 0.020931 0.335938 0.018587 0.336286
0.777566 0.144659 0.777866 0.146247 0.773346 0.142651
0.777566 0.144659 0.773346 0.142651 0.776325 0.144033
0.051602 0.806516 0.048674 0.806370 0.053344 0.804280
0.779283 0.147505 0.777041 0.146720 0.777866 0.146247
0.879085 0.124589 0.879270 0.123997 0.880537 0.125191
0.879085 0.124589 0.880537 0.125191 0.880208 0.126850
0.353416 0.074406 0.352531 0.070620 0.356309 0.072161
0.057689 0.803688 0.055081 0.806922 0.058697 0.801996
0.352531 0.070620 0.353638 0.070944 0.356309 0.072161
0.913615 0.370322 0.917287 0.368974 0.915470 0.371687
0.195945 0.018169 0.197483 0.016854 0.195573 0.019443
0.777866 0.146247 0.777041 0.146720 0.773346 0.142651
0.201015 0.007216 0.200612 0.001763 0.202509 0.003484
0.055081 0.806922 0.055153 0.803381 0.058697 0.801996
0.617491 0.238828 0.614109 0.242004 0.614014 0.237260
0.059703 0.803231 0.058697 0.801996 0.060676 0.802862
0.055099 0.450309 0.054014 0.452556 0.052797 0.450852
0.055099 0.450309 0.052797 0.450852 0.053551 0.449296
0.606472 0.241957 0.614014 0.237260 0.614109 0.242004
0.778850 0.143024 0.777053 0.142895 0.777900 0.141514
0.778850 0.143024 0.778740 0.140768 0.780999 0.141504
0.606472 0.241957 0.604145 0.239757 0.609323 0.236274
0.362053 0.051509 0.364874 0.051044 0.365900 0.051463
0.771372 0.194454 0.768197 0.196410 0.771093 0.192858
0.783665 0.141477 0.780999 0.141504 0.781303 0.139539
0.586568 0.959543 0.584902 0.958601 0.586179 0.957797
0.586568 0.959543 0.583054 0.959626 0.584902 0.958601
0.019374 0.332022 0.021927 0.332895 0.020595 0.333662
0.199105 0.011526 0.201015 0.007216 0.202056 0.013229
0.606472 0.241957 0.609323 0.236274 0.614014 0.237260
0.879965 0.123370 0.882952 0.122846 0.880537 0.125191
0.878800 0.130659 0.882680 0.132322 0.884005 0.133936
0.362699 0.053934 0.362053 0.051509 0.365900 0.051463
0.198676 0.013085 0.202056 0.013229 0.197483 0.016854
0.878800 0.130659 0.881381 0.130784 0.884032 0.131393
0.878800 0.130659 0.884032 0.131393 0.882680 0.132322
0.061533 0.802622 0.058697 0.801996 0.062009 0.799355
0.061533 0.802622 0.062009 0.799355 0.062546 0.801562
0.362699 0.053934 0.363848 0.057773 0.360763 0.058911
0.352200 0.075213 0.353416 0.074406 0.352231 0.076389
0.355349 0.068987 0.353372 0.066773 0.357932 0.066326
0.910264 0.373595 0.913615 0.370322 0.911490 0.375833
0.021927 0.332895 0.023768 0.332741 0.022223 0.334068
0.021927 0.332895 0.022223 0.334068 0.020595 0.333662
0.779283 0.147505 0.780222 0.150562 0.778184 0.150438
0.619905 0.206492 0.620586 0.205393 0.620372 0.207006
0.054014 0.452556 0.052808 0.454047 0.052231 0.451724
0.053037 0.455022 0.050091 0.459735 0.051742 0.454524
0.587022 0.954522 0.586281 0.952276 0.591438 0.954887
0.621937 0.204726 0.622891 0.207732 0.620372 0.207006
0.621937 0.204726 0.625768 0.206265 0.622891 0.207732
0.777053 0.142895 0.776718 0.142417 0.777900 0.141514
0.020595 0.333662 0.021959 0.334869 0.020931 0.335938
0.915470 0.371687 0.917287 0.368974 0.917838 0.369647
0.880208 0.126850 0.880537 0.125191 0.882142 0.125199
0.617491 0.238828 0.614014 0.237260 0.616726 0.237727
0.776110 0.143188 0.773346 0.142651 0.776247 0.142741
0.881381 0.130784 0.882453 0.129413 0.884032 0.131393
0.880537 0.125191 0.882952 0.122846 0.882142 0.125199
0.769178 0.191253 0.764378 0.190634 0.768670 0.188842
0.769178 0.191253 0.768054 0.192611 0.764378 0.190634
0.880894 0.129283 0.880744 0.127748 0.881340 0.128295
0.063665 0.802056 0.063142 0.801109 0.065631 0.800542
0.052808 0.454047 0.052073 0.454343 0.051492 0.452648
0.353372 0.066773 0.358109 0.063981 0.357932 0.066326
0.355244 0.071814 0.355349 0.068987 0.356309 0.072161
0.049402 0.469040 0.047557 0.472481 0.047654 0.471529
0.773346 0.142651 0.777041 0.146720 0.771557 0.144187
0.360763 0.058911 0.360742 0.062029 0.358109 0.063981
0.591438 0.954887 0.586281 0.952276 0.590708 0.953411
0.053279 0.447154 0.053964 0.447533 0.053415 0.447381
0.773346 0.142651 0.774058 0.142103 0.775623 0.142151
0.602880 0.941956 0.603566 0.944826 0.598937 0.941388
0.777900 0.141514 0.776317 0.141885 0.776165 0.140552
0.050318 0.445981 0.052951 0.446037 0.051072 0.446237
0.050318 0.445981 0.051652 0.447027 0.051786 0.448327
0.023768 0.332741 0.024078 0.334469 0.022223 0.334068
0.352231 0.076389 0.353416 0.074406 0.354443 0.077798
0.776317 0.141885 0.775511 0.141134 0.776165 0.140552
0.882680 0.132322 0.884032 0.131393 0.884005 0.133936
0.062546 0.801562 0.062009 0.799355 0.063142 0.801109
0.354814 0.069147 0.355349 0.068987 0.354823 0.069444
0.618740 0.209390 0.620006 0.207273 0.620372 0.207006
0.201015 0.007216 0.202509 0.003484 0.203711 0.008125
0.053607 0.447890 0.053024 0.448257 0.053029 0.447625
0.053551 0.449296 0.052797 0.450852 0.052598 0.449450
0.053551 0.449296 0.052598 0.449450 0.052949 0.448866
0.881504 0.127135 0.882142 0.125199 0.885462 0.127587
0.881504 0.127135 0.885462 0.127587 0.882228 0.128022
0.913615 0.370322 0.915470 0.371687 0.911490 0.375833
0.779283 0.147505 0.778184 0.150438 0.775665 0.150125
0.048674 0.806370 0.050002 0.801687 0.053344 0.804280
0.595481 0.952191 0.592591 0.951712 0.592770 0.948967
0.020931 0.335938 0.021969 0.336047 0.021580 0.337005
0.020931 0.335938 0.021580 0.337005 0.018587 0.336286
0.050091 0.459735 0.050127 0.457628 0.050432 0.455189
0.050091 0.459735 0.050432 0.455189 0.051742 0.454524
0.014494 0.337276 0.018587 0.336286 0.018741 0.341016
0.584902 0.958601 0.583054 0.959626 0.586179 0.957797
0.021592 0.335567 0.021937 0.335639 0.021969 0.336047
0.885249 0.120827 0.886130 0.123549 0.882952 0.122846
0.882050 0.128556 0.883095 0.128538 0.882453 0.129413
0.052793 0.465644 0.046457 0.469416 0.045306 0.466043
0.052793 0.465644 0.045306 0.466043 0.047965 0.461173
0.051742 0.454524 0.050432 0.455189 0.051492 0.452648
0.355349 0.068987 0.357932 0.066326 0.356309 0.072161
0.353416 0.074406 0.356309 0.072161 0.355797 0.076296
0.882453 0.129413 0.883850 0.129119 0.884528 0.130766
0.882228 0.128022 0.885462 0.127587 0.883095 0.128538
0.052797 0.450852 0.052275 0.449863 0.052598 0.449450
0.780222 0.150562 0.778028 0.152749 0.778184 0.150438
0.618740 0.209390 0.620174 0.211812 0.617487 0.212889
0.603566 0.944826 0.601896 0.944826 0.598937 0.941388
0.018587 0.336286 0.021580 0.337005 0.021694 0.338860
0.779283 0.147505 0.775665 0.150125 0.777041 0.146720
0.197483 0.016854 0.200145 0.018727 0.195573 0.019443
0.883399 0.124725 0.882952 0.122846 0.885462 0.127587
0.601896 0.944826 0.601182 0.948210 0.597514 0.942515
0.065631 0.800542 0.062950 0.800191 0.064027 0.800340
0.021969 0.336047 0.022689 0.335833 0.021580 0.337005
0.051652 0.447027 0.052054 0.448077 0.051786 0.448327
0.583054 0.959626 0.583203 0.957272 0.586179 0.957797
0.781303 0.139539 0.780788 0.137667 0.783755 0.137601
0.048674 0.806370 0.044718 0.806880 0.050002 0.801687
0.358109 0.063981 0.358653 0.065615 0.357932 0.066326
0.587022 0.954522 0.586179 0.957797 0.583203 0.957272
0.587022 0.954522 0.583203 0.957272 0.584600 0.954032
0.050091 0.459735 0.048029 0.459027 0.049265 0.457769
0.604145 0.239757 0.603667 0.231823 0.609323 0.236274
0.619364 0.240338 0.617491 0.238828 0.621134 0.239122
0.773346 0.142651 0.771329 0.141312 0.772458 0.140528
0.058697 0.801996 0.061019 0.799518 0.062009 0.799355
0.882952 0.122846 0.886130 0.123549 0.887170 0.125484
0.882952 0.122846 0.887170 0.125484 0.885462 0.127587
0.024078 0.334469 0.023490 0.336768 0.022689 0.335833
0.356309 0.072161 0.357932 0.066326 0.359997 0.068478
0.779150 0.139555 0.777067 0.139232 0.777660 0.137271
0.779150 0.139555 0.777660 0.137271 0.780788 0.137667
0.018587 0.336286 0.021694 0.338860 0.018741 0.341016
0.773306 0.140770 0.773346 0.142651 0.772458 0.140528
0.773306 0.140770 0.773414 0.140247 0.774057 0.140422
0.353416 0.074406 0.355797 0.076296 0.354443 0.077798
0.775532 0.139975 0.773867 0.139000 0.773901 0.137159
0.775532 0.139975 0.773901 0.137159 0.777067 0.139232
0.053344 0.804280 0.050002 0.801687 0.054299 0.802135
0.022689 0.335833 0.023490 0.336768 0.021580 0.337005
0.616726 0.237727 0.620043 0.233405 0.617491 0.238828
0.616726 0.237727 0.614014 0.237260 0.620043 0.233405
0.597183 0.227310 0.596534 0.225715 0.597389 0.226314
0.597183 0.227310 0.597389 0.226314 0.599188 0.227798
0.773346 0.142651 0.771557 0.144187 0.768668 0.140014
0.773346 0.142651 0.768668 0.140014 0.771329 0.141312
0.203711 0.008125 0.202509 0.003484 0.204877 0.006116
0.883850 0.129119 0.885462 0.127587 0.885592 0.131145
0.195573 0.019443 0.200145 0.018727 0.198757 0.022895
0.195573 0.019443 0.198757 0.022895 0.195261 0.022786
0.772458 0.140528 0.771329 0.141312 0.770623 0.140053
0.772458 0.140528 0.771788 0.139608 0.772418 0.139012
0.044718 0.806880 0.043994 0.804413 0.050002 0.801687
0.055598 0.802063 0.057042 0.800088 0.058697 0.801996
0.777067 0.139232 0.773901 0.137159 0.775766 0.136033
0.777067 0.139232 0.775766 0.136033 0.777660 0.137271
0.362699 0.053934 0.365900 0.051463 0.366329 0.054056
0.360742 0.062029 0.360447 0.063850 0.358109 0.063981
0.050091 0.459735 0.047965 0.461173 0.048029 0.459027
0.777041 0.146720 0.770678 0.146520 0.771557 0.144187
0.202509 0.003484 0.204930 0.002678 0.205059 0.004649
0.202509 0.003484 0.205059 0.004649 0.204877 0.006116
0.197483 0.016854 0.202056 0.013229 0.200145 0.018727
0.884844 0.131845 0.886353 0.132388 0.884005 0.133936
0.051786 0.448327 0.052172 0.448464 0.051938 0.448805
0.884005 0.133936 0.886353 0.132388 0.885997 0.133405
0.590708 0.953411 0.586281 0.952276 0.588303 0.952125
0.365900 0.051463 0.367166 0.052753 0.366329 0.054056
0.064027 0.800340 0.062950 0.800191 0.063465 0.799693
0.201015 0.007216 0.204819 0.012287 0.202056 0.013229
0.062950 0.800191 0.062009 0.799355 0.063465 0.799693
0.054299 0.802135 0.050002 0.801687 0.057042 0.800088
0.773867 0.139000 0.772418 0.139012 0.773102 0.138123
0.771788 0.139608 0.771232 0.139063 0.772418 0.139012
0.362699 0.053934 0.366329 0.054056 0.363848 0.057773
0.201015 0.007216 0.203711 0.008125 0.204819 0.012287
0.358109 0.063981 0.360324 0.064304 0.360305 0.064556
0.770623 0.140053 0.769920 0.140843 0.770377 0.139903
0.049265 0.457769 0.048029 0.459027 0.046474 0.457450
0.049265 0.457769 0.048252 0.456247 0.049645 0.455290
0.049265 0.457769 0.046474 0.457450 0.048252 0.456247
0.885462 0.127587 0.887170 0.125484 0.887069 0.128922
0.601182 0.948210 0.595710 0.944416 0.597514 0.942515
0.769920 0.140843 0.768668 0.140014 0.769133 0.139736
0.885592 0.131145 0.885462 0.127587 0.887549 0.131079
0.885592 0.131145 0.887016 0.131858 0.886353 0.132388
0.772418 0.139012 0.771232 0.139063 0.772686 0.138125
0.358847 0.071416 0.356309 0.072161 0.359547 0.071084
0.885462 0.127587 0.887069 0.128922 0.887549 0.131079
0.360763 0.058911 0.363848 0.057773 0.363889 0.060405
0.360763 0.058911 0.363889 0.060405 0.360742 0.062029
0.885997 0.133405 0.886353 0.132388 0.887738 0.133172
0.204930 0.002678 0.206772 0.002391 0.206013 0.004086
0.356309 0.072161 0.359997 0.068478 0.360394 0.069403
0.783855 0.131580 0.784015 0.132409 0.781781 0.131795
0.596512 0.224076 0.596537 0.224272 0.596159 0.224132
0.596512 0.224076 0.597270 0.224597 0.597235 0.224635
0.005214 0.065541 0.004803 0.065825 0.004656 0.065467
0.777041 0.146720 0.775665 0.150125 0.770678 0.146520
0.047965 0.461173 0.045134 0.465198 0.044808 0.462199
0.783755 0.137601 0.780788 0.137667 0.780624 0.135805
0.783755 0.137601 0.780624 0.135805 0.785815 0.133436
0.583203 0.957272 0.582878 0.954057 0.584600 0.954032
0.786050 0.132721 0.785079 0.132658 0.785018 0.132445
0.786050 0.132721 0.785815 0.133436 0.785398 0.133120
0.357932 0.066326 0.359358 0.066816 0.359997 0.068478
0.603309 0.231368 0.600152 0.228530 0.601136 0.229076
0.601182 0.948210 0.597479 0.950919 0.592770 0.948967
0.601182 0.948210 0.592770 0.948967 0.595710 0.944416
0.587022 0.954522 0.584600 0.954032 0.584433 0.952899
0.587022 0.954522 0.585346 0.951841 0.586281 0.952276
0.617491 0.238828 0.620043 0.233405 0.622998 0.232686
0.887170 0.125484 0.888275 0.128246 0.888199 0.128758
0.058697 0.801996 0.057042 0.800088 0.061019 0.799518
0.785018 0.132445 0.785079 0.132658 0.784769 0.133096
0.769133 0.139736 0.768668 0.140014 0.768805 0.139481
0.360447 0.063850 0.360742 0.062029 0.361224 0.063504
0.780788 0.137667 0.777660 0.137271 0.780624 0.135805
0.597479 0.950919 0.595481 0.952191 0.592770 0.948967
0.359997 0.068478 0.359358 0.066816 0.360865 0.067558
0.359997 0.068478 0.360865 0.067558 0.360394 0.069403
0.887069 0.128922 0.888713 0.129839 0.888414 0.130715
0.781781 0.131795 0.784015 0.132409 0.781250 0.132840
0.596606 0.225346 0.596982 0.225179 0.597317 0.225484
0.769973 0.138757 0.768956 0.138875 0.768297 0.136741
0.769973 0.138757 0.770455 0.136592 0.771228 0.138174
0.769973 0.138757 0.768297 0.136741 0.770455 0.136592
0.603667 0.231823 0.609402 0.228399 0.609323 0.236274
0.768668 0.140014 0.766450 0.137781 0.768956 0.138875
0.771228 0.138174 0.770455 0.136592 0.772868 0.136051
0.771228 0.138174 0.772868 0.136051 0.773077 0.137334
0.047965 0.461173 0.046474 0.457450 0.048029 0.459027
0.356309 0.072161 0.359135 0.074307 0.355797 0.076296
0.597270 0.224597 0.596961 0.224191 0.597567 0.224656
0.768956 0.138875 0.766450 0.137781 0.768297 0.136741
0.888275 0.129119 0.888749 0.129471 0.888713 0.129839
0.601136 0.229076 0.600474 0.228310 0.600830 0.228477
0.784015 0.132409 0.783645 0.133036 0.781250 0.132840
0.777660 0.137271 0.775766 0.136033 0.777084 0.134764
0.777660 0.137271 0.777084 0.134764 0.780624 0.135805
0.768668 0.140014 0.771557 0.144187 0.764837 0.141074
0.618740 0.209390 0.620372 0.207006 0.622891 0.207732
0.618740 0.209390 0.622891 0.207732 0.620174 0.211812
0.355797 0.076296 0.359135 0.074307 0.359819 0.075277
0.590708 0.953411 0.588510 0.949583 0.592591 0.951712
0.354443 0.077798 0.355797 0.076296 0.359883 0.077098
0.773901 0.137159 0.772868 0.136051 0.775020 0.134861
0.625768 0.206265 0.625727 0.208985 0.624562 0.210437
0.625768 0.206265 0.624562 0.210437 0.622891 0.207732
0.911490 0.375833 0.915470 0.371687 0.918775 0.374255
0.359785 0.071585 0.361183 0.071852 0.359730 0.071825
0.785398 0.133120 0.785815 0.133436 0.784769 0.133096
0.592770 0.948967 0.592591 0.951712 0.587991 0.948640
0.887414 0.132331 0.887556 0.132189 0.887708 0.132301
0.202056 0.013229 0.206652 0.016436 0.203929 0.017586
0.202056 0.013229 0.203929 0.017586 0.200145 0.018727
0.360865 0.067558 0.360462 0.065503 0.361411 0.065454
0.360865 0.067558 0.362110 0.068101 0.361105 0.069005
0.360865 0.067558 0.361411 0.065454 0.364800 0.064677
0.360865 0.067558 0.364800 0.064677 0.362110 0.068101
0.205746 0.005644 0.206346 0.005059 0.206566 0.006237
0.597567 0.224656 0.598287 0.225029 0.597793 0.224920
0.600544 0.228110 0.599554 0.227082 0.600783 0.226930
0.773312 0.127030 0.772789 0.128404 0.767254 0.127987
0.773312 0.127030 0.767254 0.127987 0.771016 0.126352
0.598095 0.226029 0.598300 0.225898 0.598747 0.226081
0.598095 0.226029 0.598747 0.226081 0.599554 0.227082
0.601188 0.228507 0.600900 0.228222 0.600783 0.226930
0.601188 0.228507 0.601972 0.228096 0.603667 0.231823
0.601188 0.228507 0.600783 0.226930 0.601972 0.228096
0.361105 0.069005 0.362110 0.068101 0.361241 0.069713
0.888975 0.130901 0.889359 0.131119 0.888597 0.131197
0.200145 0.018727 0.202970 0.018922 0.198757 0.022895
0.200145 0.018727 0.203929 0.017586 0.202970 0.018922
0.205625 0.007368 0.206566 0.006237 0.206562 0.008095
0.205625 0.007368 0.206562 0.008095 0.203711 0.008125
0.888077 0.132489 0.888597 0.131197 0.889163 0.132120
0.617491 0.238828 0.622336 0.237745 0.621134 0.239122
0.617491 0.238828 0.622998 0.232686 0.622336 0.237745
0.778184 0.150438 0.778028 0.152749 0.775665 0.150125
0.603667 0.231823 0.603329 0.227848 0.604210 0.228920
0.768668 0.140014 0.762651 0.138076 0.766450 0.137781
0.768668 0.140014 0.764837 0.141074 0.762651 0.138076
0.781781 0.131795 0.781250 0.132840 0.778340 0.132260
0.048252 0.456247 0.046286 0.456471 0.046861 0.455347
0.620174 0.211812 0.622891 0.207732 0.621996 0.209558
0.362398 0.061915 0.360742 0.062029 0.362944 0.061971
0.766450 0.137781 0.762651 0.138076 0.764727 0.135979
0.766450 0.137781 0.766701 0.135598 0.767425 0.136193
0.766450 0.137781 0.764727 0.135979 0.766701 0.135598
0.592591 0.951712 0.588510 0.949583 0.587991 0.948640
0.614014 0.237260 0.609323 0.236274 0.615490 0.231782
0.771557 0.144187 0.766683 0.144967 0.764837 0.141074
0.204819 0.012287 0.203711 0.008125 0.206715 0.012327
0.204819 0.012287 0.205692 0.013744 0.202056 0.013229
0.204819 0.012287 0.206715 0.012327 0.206663 0.013652
0.206867 0.004953 0.208328 0.006833 0.206566 0.006237
0.206566 0.006237 0.208328 0.006833 0.206562 0.008095
0.770455 0.136592 0.768297 0.136741 0.769369 0.135856
0.355797 0.076296 0.359819 0.075277 0.359883 0.077098
0.772868 0.136051 0.771551 0.134456 0.772128 0.133789
0.772868 0.136051 0.774227 0.133945 0.775020 0.134861
0.772868 0.136051 0.772128 0.133789 0.774227 0.133945
0.202056 0.013229 0.205692 0.013744 0.206652 0.016436
0.360742 0.062029 0.363764 0.061671 0.362944 0.061971
0.047930 0.455514 0.047230 0.454830 0.047785 0.454706
0.585346 0.951841 0.585554 0.951147 0.586281 0.952276
0.206562 0.008095 0.208328 0.006833 0.207916 0.009976
0.206562 0.008095 0.207916 0.009976 0.203711 0.008125
0.361354 0.064695 0.362401 0.064024 0.364800 0.064677
0.361559 0.070080 0.362110 0.068101 0.361183 0.071852
0.769369 0.135856 0.769085 0.133927 0.771551 0.134456
0.203711 0.008125 0.207916 0.009976 0.207517 0.011728
0.777140 0.131973 0.778340 0.132260 0.777047 0.132582
0.777140 0.131973 0.776770 0.132443 0.776751 0.131905
0.775665 0.150125 0.778028 0.152749 0.770113 0.148698
0.775285 0.131322 0.775120 0.132071 0.772931 0.131877
0.781250 0.132840 0.777084 0.134764 0.778340 0.132260
0.362944 0.061971 0.363764 0.061671 0.365851 0.062420
0.778340 0.132260 0.777084 0.134764 0.777047 0.132582
0.600783 0.226930 0.600047 0.225551 0.601947 0.227113
0.622891 0.207732 0.624562 0.210437 0.622393 0.209463
0.363889 0.060405 0.363848 0.057773 0.365347 0.060927
0.785815 0.133436 0.780624 0.135805 0.783595 0.134664
0.610782 0.212960 0.613648 0.214393 0.610817 0.214171
0.610782 0.212960 0.610817 0.214171 0.608859 0.214631
0.610782 0.212960 0.608859 0.214631 0.608607 0.213207
0.780624 0.135805 0.781250 0.132840 0.782423 0.134388
0.768414 0.135535 0.767643 0.135320 0.769085 0.133927
0.771557 0.144187 0.770678 0.146520 0.766683 0.144967
0.354443 0.077798 0.359883 0.077098 0.359506 0.079333
0.354443 0.077798 0.359506 0.079333 0.353606 0.082045
0.776577 0.132118 0.776770 0.132443 0.776258 0.132418
0.359135 0.074307 0.361183 0.071852 0.359819 0.075277
0.363848 0.057773 0.366329 0.054056 0.367286 0.057337
0.601896 0.944826 0.597514 0.942515 0.598937 0.941388
0.586281 0.952276 0.586247 0.950393 0.587180 0.950095
0.775665 0.150125 0.770113 0.148698 0.770678 0.146520
0.775020 0.134861 0.774227 0.133945 0.775143 0.133894
0.775020 0.134861 0.775143 0.133894 0.777084 0.134764
0.766701 0.135598 0.764727 0.135979 0.765252 0.134515
0.766701 0.135598 0.765252 0.134515 0.767643 0.135320
0.205692 0.013744 0.207333 0.014620 0.206652 0.016436
0.767643 0.135320 0.765252 0.134515 0.767517 0.133323
0.767643 0.135320 0.767517 0.133323 0.769085 0.133927
0.762651 0.138076 0.764837 0.141074 0.758246 0.139120
0.770678 0.146520 0.770113 0.148698 0.766683 0.144967
0.764837 0.141074 0.766683 0.144967 0.762413 0.141913
0.764727 0.135979 0.762651 0.138076 0.760597 0.135116
0.764727 0.135979 0.760597 0.135116 0.762751 0.133642
0.764727 0.135979 0.762751 0.133642 0.765252 0.134515
0.911490 0.375833 0.918775 0.374255 0.912484 0.380427
0.620174 0.211812 0.620785 0.213987 0.617487 0.212889
0.601947 0.227113 0.600047 0.225551 0.602370 0.226195
0.615490 0.231782 0.609323 0.236274 0.615299 0.225656
0.762651 0.138076 0.758246 0.139120 0.756275 0.135830
0.762651 0.138076 0.756275 0.135830 0.758960 0.135279
0.057042 0.800088 0.050002 0.801687 0.058443 0.797059
0.762651 0.138076 0.758960 0.135279 0.760597 0.135116
0.203929 0.017586 0.206652 0.016436 0.203647 0.019043
0.758246 0.139120 0.764837 0.141074 0.762413 0.141913
0.996447 0.391860 0.997313 0.392859 0.996295 0.392284
0.603329 0.227848 0.602370 0.226195 0.605158 0.227985
0.771551 0.134456 0.769085 0.133927 0.770891 0.133133
0.620174 0.211812 0.622636 0.211060 0.620785 0.213987
0.603667 0.231823 0.605158 0.227985 0.609402 0.228399
0.057042 0.800088 0.058443 0.797059 0.061019 0.799518
0.198757 0.022895 0.203907 0.022655 0.201334 0.024284
0.586247 0.950393 0.587991 0.948640 0.587180 0.950095
0.586247 0.950393 0.584901 0.946840 0.587991 0.948640
0.366329 0.054056 0.368339 0.053022 0.369084 0.054625
0.626281 0.210773 0.625756 0.212396 0.624562 0.210437
0.198757 0.022895 0.203863 0.019827 0.203315 0.021545
0.363264 0.063679 0.363258 0.063037 0.364800 0.064677
0.422482 0.987421 0.420534 0.982446 0.422989 0.983511
0.368339 0.053022 0.370866 0.051233 0.369084 0.054625
0.620043 0.233405 0.614014 0.237260 0.615490 0.231782
0.620043 0.233405 0.623327 0.229660 0.622998 0.232686
0.620043 0.233405 0.615490 0.231782 0.623327 0.229660
0.206663 0.013652 0.207050 0.012719 0.208069 0.013147
0.206663 0.013652 0.208069 0.013147 0.207487 0.014185
0.595710 0.944416 0.592770 0.948967 0.588911 0.945903
0.769085 0.133927 0.767517 0.133323 0.769215 0.131683
0.769085 0.133927 0.769589 0.132107 0.770891 0.133133
0.774227 0.133945 0.773443 0.132986 0.773951 0.133148
0.207517 0.011728 0.209143 0.010493 0.208210 0.012590
0.765252 0.134515 0.762751 0.133642 0.765245 0.132814
0.765252 0.134515 0.765245 0.132814 0.767517 0.133323
0.203647 0.019043 0.206652 0.016436 0.204945 0.020341
0.363258 0.063037 0.365851 0.062420 0.364800 0.064677
0.622636 0.211060 0.624562 0.210437 0.620785 0.213987
0.353606 0.082045 0.359506 0.079333 0.358013 0.086080
0.610817 0.214171 0.613648 0.214393 0.608859 0.214631
0.605158 0.227985 0.602370 0.226195 0.605272 0.226038
0.605158 0.227985 0.605272 0.226038 0.609402 0.228399
0.609323 0.236274 0.609402 0.228399 0.615299 0.225656
0.780624 0.135805 0.777084 0.134764 0.781250 0.132840
0.364800 0.064677 0.366346 0.066331 0.366298 0.066684
0.362110 0.068101 0.365703 0.069407 0.361183 0.071852
0.776565 0.133136 0.776879 0.133223 0.777084 0.134764
0.363848 0.057773 0.367313 0.058097 0.365347 0.060927
0.585432 0.950023 0.585009 0.949522 0.584901 0.946840
0.617487 0.212889 0.620785 0.213987 0.618308 0.215955
0.617487 0.212889 0.617596 0.216936 0.614863 0.217198
0.617487 0.212889 0.614863 0.217198 0.613648 0.214393
0.762413 0.141913 0.758938 0.141407 0.758246 0.139120
0.423887 0.988208 0.425052 0.986480 0.425410 0.987990
0.423887 0.988208 0.425410 0.987990 0.424122 0.989071
0.760597 0.135116 0.758960 0.135279 0.759809 0.133338
0.760597 0.135116 0.761022 0.133261 0.762751 0.133642
0.766683 0.144967 0.762743 0.144337 0.762413 0.141913
0.592770 0.948967 0.587991 0.948640 0.588911 0.945903
0.994801 0.243815 0.993858 0.242936 0.995383 0.242448
0.203863 0.019827 0.204945 0.020341 0.203315 0.021545
0.765102 0.126087 0.767254 0.127987 0.763704 0.126438
0.209143 0.010493 0.209862 0.011736 0.208210 0.012590
0.767517 0.133323 0.765245 0.132814 0.766576 0.130870
0.767517 0.133323 0.766576 0.130870 0.769215 0.131683
0.366329 0.054056 0.369084 0.054625 0.367933 0.056647
0.208210 0.012590 0.209862 0.011736 0.208972 0.014206
0.207487 0.014185 0.208069 0.013147 0.208972 0.014206
0.770891 0.133133 0.770438 0.131912 0.772931 0.131877
0.766683 0.144967 0.765678 0.147187 0.762743 0.144337
0.421751 0.979075 0.422249 0.976122 0.423335 0.978153
0.421751 0.979075 0.423335 0.978153 0.422540 0.980162
0.061019 0.799518 0.058443 0.797059 0.060704 0.795883
0.206652 0.016436 0.206911 0.019368 0.204945 0.020341
0.773951 0.133148 0.773443 0.132986 0.772931 0.131877
0.620785 0.213987 0.622989 0.213883 0.622735 0.214420
0.206652 0.016436 0.208074 0.015252 0.207833 0.017006
0.758246 0.139120 0.753199 0.138194 0.749614 0.134753
0.758246 0.139120 0.749614 0.134753 0.756275 0.135830
0.762751 0.133642 0.762157 0.132898 0.763247 0.132281
0.762751 0.133642 0.763247 0.132281 0.765245 0.132814
0.364790 0.061330 0.365347 0.060927 0.365851 0.062420
0.778028 0.152749 0.777782 0.155263 0.775518 0.154325
0.758960 0.135279 0.756275 0.135830 0.758079 0.132563
0.758960 0.135279 0.758525 0.133006 0.759809 0.133338
0.613648 0.214393 0.614863 0.217198 0.612386 0.216493
0.621443 0.214946 0.621467 0.216154 0.620785 0.213987
0.994986 0.870463 0.995302 0.870653 0.994362 0.871322
0.624562 0.210437 0.623828 0.212629 0.620785 0.213987
0.364800 0.064677 0.366298 0.066684 0.362110 0.068101
0.756275 0.135830 0.755881 0.133283 0.758079 0.132563
0.595710 0.944416 0.594896 0.941855 0.597514 0.942515
0.759809 0.133338 0.758525 0.133006 0.758746 0.132712
0.759809 0.133338 0.759547 0.132256 0.760193 0.132991
0.624562 0.210437 0.624957 0.213293 0.623828 0.212629
0.756275 0.135830 0.753991 0.134279 0.755881 0.133283
0.778028 0.152749 0.773531 0.155259 0.770113 0.148698
0.756275 0.135830 0.752382 0.134387 0.753991 0.134279
0.756275 0.135830 0.749614 0.134753 0.752382 0.134387
0.204945 0.020341 0.206911 0.019368 0.206874 0.020604
0.204945 0.020341 0.205350 0.022991 0.203907 0.022655
0.365347 0.060927 0.367313 0.058097 0.367255 0.058863
0.208074 0.015252 0.208972 0.014206 0.209685 0.016110
0.208074 0.015252 0.209685 0.016110 0.207833 0.017006
0.993858 0.242936 0.994354 0.241978 0.995383 0.242448
0.206652 0.016436 0.207833 0.017006 0.207704 0.018440
0.206652 0.016436 0.207704 0.018440 0.207019 0.018653
0.770113 0.148698 0.773531 0.155259 0.767063 0.153789
0.605272 0.226038 0.608470 0.226938 0.609402 0.228399
0.605272 0.226038 0.608989 0.224893 0.608470 0.226938
0.605272 0.226038 0.606705 0.223586 0.608989 0.224893
0.429670 0.989112 0.430535 0.985267 0.431434 0.988867
0.364800 0.064677 0.367940 0.064465 0.367275 0.064885
0.623828 0.212629 0.624957 0.213293 0.623614 0.214594
0.608624 0.215890 0.613648 0.214393 0.607956 0.217409
0.422862 0.973782 0.426175 0.975082 0.426925 0.977844
0.761796 0.124289 0.762703 0.126327 0.761568 0.125953
0.778891 0.155516 0.775920 0.157636 0.775518 0.154325
0.202488 0.024577 0.203907 0.022655 0.204179 0.023535
0.625613 0.213368 0.625582 0.214276 0.624474 0.214520
0.766683 0.144967 0.770113 0.148698 0.765678 0.147187
0.763247 0.132281 0.762705 0.130060 0.764608 0.131566
0.203907 0.022655 0.205350 0.022991 0.204779 0.023520
0.753991 0.134279 0.754035 0.132915 0.755881 0.133283
0.753991 0.134279 0.752732 0.133370 0.752891 0.132813
0.624957 0.213293 0.624474 0.214520 0.623614 0.214594
0.426671 0.980817 0.426925 0.977844 0.428552 0.980805
0.370866 0.051233 0.372843 0.051520 0.369084 0.054625
0.620785 0.213987 0.620771 0.216628 0.619551 0.216881
0.365851 0.062420 0.365347 0.060927 0.367192 0.060338
0.365851 0.062420 0.367879 0.060507 0.364800 0.064677
0.427303 0.982621 0.427519 0.981877 0.428227 0.983897
0.755881 0.133283 0.754035 0.132915 0.754891 0.131650
0.755881 0.133283 0.754891 0.131650 0.756393 0.131219
0.755881 0.133283 0.756393 0.131219 0.758079 0.132563
0.622408 0.215387 0.623876 0.215154 0.621820 0.216648
0.622408 0.215387 0.621820 0.216648 0.621467 0.216154
0.359506 0.079333 0.365913 0.079342 0.358013 0.086080
0.760522 0.132392 0.759547 0.132256 0.761103 0.131750
0.758079 0.132563 0.756393 0.131219 0.758734 0.130118
0.758079 0.132563 0.758734 0.130118 0.759547 0.132256
0.207833 0.017006 0.209685 0.016110 0.208787 0.018509
0.365703 0.069407 0.362110 0.068101 0.366298 0.066684
0.615490 0.231782 0.615299 0.225656 0.617976 0.228345
0.361183 0.071852 0.365703 0.069407 0.365872 0.070986
0.995383 0.242448 0.993900 0.241529 0.996675 0.241116
0.752382 0.134387 0.749941 0.133286 0.751992 0.133078
0.752382 0.134387 0.749614 0.134753 0.749941 0.133286
0.367255 0.058863 0.367711 0.058397 0.367772 0.058764
0.764608 0.131566 0.762705 0.130060 0.766576 0.130870
0.623327 0.229660 0.615490 0.231782 0.617976 0.228345
0.623327 0.229660 0.617976 0.228345 0.623010 0.228699
0.206911 0.019368 0.207676 0.019080 0.207830 0.019384
0.369084 0.054625 0.369679 0.056512 0.368258 0.056789
0.625582 0.214276 0.625626 0.215138 0.624832 0.214968
0.608924 0.226949 0.608989 0.224893 0.609402 0.228399
0.752732 0.133370 0.752620 0.132850 0.752891 0.132813
0.762413 0.141913 0.762743 0.144337 0.758938 0.141407
0.361183 0.071852 0.365872 0.070986 0.359819 0.075277
0.367275 0.064885 0.368068 0.064585 0.368165 0.064861
0.426925 0.977844 0.427313 0.974218 0.428547 0.974983
0.368258 0.056789 0.369679 0.056512 0.368845 0.057488
0.991437 0.242288 0.990186 0.242600 0.990091 0.241777
0.991437 0.242288 0.990091 0.241777 0.990853 0.241696
0.587991 0.948640 0.584901 0.946840 0.588911 0.945903
0.988628 0.242355 0.988797 0.242433 0.988546 0.242818
0.612386 0.216493 0.614863 0.217198 0.614726 0.218135
0.612386 0.216493 0.614726 0.218135 0.613241 0.218599
0.612386 0.216493 0.611597 0.217977 0.613648 0.214393
0.612386 0.216493 0.613241 0.218599 0.611597 0.217977
0.989074 0.241405 0.989214 0.240641 0.989671 0.241041
0.206273 0.021178 0.206636 0.022016 0.205350 0.022991
0.624832 0.214968 0.625626 0.215138 0.623523 0.216753
0.778028 0.152749 0.775518 0.154325 0.773531 0.155259
0.609402 0.228399 0.610159 0.224741 0.612502 0.225056
0.609402 0.228399 0.612502 0.225056 0.615299 0.225656
0.368021 0.057826 0.368845 0.057488 0.368472 0.058076
0.620771 0.216628 0.621820 0.216648 0.620599 0.219500
0.620771 0.216628 0.620599 0.219500 0.619552 0.217321
0.613648 0.214393 0.609961 0.218362 0.608706 0.218469
0.613648 0.214393 0.608706 0.218469 0.607956 0.217409
0.760907 0.125375 0.760044 0.125837 0.759798 0.124426
0.205350 0.022991 0.206636 0.022016 0.207070 0.022870
0.205350 0.022991 0.206406 0.023866 0.205060 0.023596
0.205060 0.023596 0.206406 0.023866 0.205614 0.024507
0.367049 0.066110 0.367733 0.065856 0.366298 0.066684
0.758246 0.139120 0.758938 0.141407 0.753199 0.138194
0.751348 0.132424 0.749941 0.133286 0.749972 0.131642
0.369084 0.054625 0.370848 0.055507 0.369916 0.055797
0.751849 0.132141 0.751221 0.131668 0.751699 0.131697
0.749941 0.133286 0.748239 0.131274 0.749972 0.131642
0.749941 0.133286 0.749614 0.134753 0.747599 0.132685
0.627688 0.224849 0.624936 0.225986 0.625809 0.224100
0.759798 0.124426 0.760044 0.125837 0.759320 0.125636
0.759798 0.124426 0.758947 0.125368 0.758328 0.124461
0.759798 0.124426 0.758328 0.124461 0.758497 0.122867
0.756393 0.131219 0.754549 0.131168 0.755511 0.129618
0.756393 0.131219 0.755511 0.129618 0.756851 0.129318
0.756393 0.131219 0.756851 0.129318 0.758734 0.130118
0.367594 0.065464 0.368490 0.064892 0.368552 0.065404
0.751699 0.131697 0.751221 0.131668 0.751512 0.131502
0.762743 0.144337 0.758775 0.143977 0.758938 0.141407
0.623523 0.216753 0.622948 0.218568 0.622399 0.218635
0.370866 0.051233 0.372515 0.050751 0.372843 0.051520
0.364800 0.064677 0.367879 0.060507 0.370584 0.062084
0.364800 0.064677 0.370584 0.062084 0.368417 0.063135
0.992632 0.241649 0.992477 0.240233 0.993900 0.241529
0.619029 0.217446 0.620599 0.219500 0.617932 0.219086
0.619029 0.217446 0.617932 0.219086 0.617479 0.218142
0.762743 0.144337 0.765678 0.147187 0.760148 0.145869
0.207952 0.020063 0.208243 0.019772 0.208962 0.020783
0.208787 0.018509 0.210258 0.019689 0.209217 0.019670
0.993900 0.241529 0.992477 0.240233 0.994228 0.240177
0.993900 0.241529 0.994228 0.240177 0.996675 0.241116
0.367879 0.060507 0.369186 0.059529 0.370584 0.062084
0.992273 0.841249 0.992850 0.839782 0.993064 0.840881
0.832737 0.999932 0.833163 0.999540 0.833462 0.999649
0.832737 0.999932 0.832084 0.999022 0.833163 0.999540
0.990623 0.629567 0.990139 0.628701 0.990377 0.628561
0.622009 0.217551 0.622399 0.218635 0.620599 0.219500
0.058443 0.797059 0.061110 0.792641 0.060704 0.795883
0.625809 0.224100 0.624936 0.225986 0.623885 0.224500
0.762705 0.130060 0.760807 0.130058 0.761462 0.128931
0.760807 0.130058 0.760496 0.128719 0.761462 0.128931
0.626521 0.227277 0.624530 0.227899 0.624936 0.225986
0.749614 0.134753 0.753199 0.138194 0.750346 0.137101
0.624936 0.225986 0.623075 0.226269 0.623885 0.224500
0.624936 0.225986 0.623507 0.227846 0.623075 0.226269
0.359819 0.075277 0.365872 0.070986 0.369346 0.072812
0.359819 0.075277 0.369346 0.072812 0.359883 0.077098
0.762743 0.144337 0.760148 0.145869 0.758775 0.143977
0.770113 0.148698 0.767063 0.153789 0.763868 0.150781
0.206406 0.023866 0.206669 0.024374 0.206214 0.024648
0.623885 0.224500 0.623075 0.226269 0.620468 0.225425
0.623885 0.224500 0.620811 0.223483 0.622091 0.222329
0.623885 0.224500 0.622091 0.222329 0.625604 0.222487
0.623885 0.224500 0.620468 0.225425 0.620811 0.223483
0.207834 0.022034 0.208196 0.021197 0.208105 0.021838
0.206214 0.024648 0.206669 0.024374 0.206366 0.024755
0.616232 0.218354 0.616038 0.219340 0.615236 0.219050
0.609961 0.218362 0.609768 0.219279 0.608853 0.219349
0.209217 0.019670 0.210258 0.019689 0.210311 0.020091
0.209217 0.019670 0.210226 0.020882 0.209832 0.020916
0.208196 0.021197 0.208862 0.021423 0.208699 0.021726
0.992822 0.838624 0.993963 0.838533 0.994114 0.839606
0.623075 0.226269 0.622268 0.227343 0.620468 0.225425
0.622998 0.232686 0.623327 0.229660 0.625708 0.230897
0.770113 0.148698 0.763868 0.150781 0.765678 0.147187
0.620811 0.223483 0.620468 0.225425 0.619190 0.224057
0.610159 0.224741 0.610718 0.223870 0.612502 0.225056
0.369084 0.054625 0.372843 0.051520 0.372390 0.054155
0.369084 0.054625 0.372390 0.054155 0.371805 0.054659
0.619190 0.224057 0.620468 0.225425 0.617976 0.228345
0.619190 0.224057 0.617976 0.228345 0.615299 0.225656
0.623723 0.218344 0.624118 0.218825 0.623770 0.218893
0.613241 0.218599 0.614045 0.219667 0.613422 0.219722
0.613241 0.218599 0.612795 0.219301 0.612210 0.218645
0.620468 0.225425 0.622268 0.227343 0.617976 0.228345
0.615236 0.219050 0.616038 0.219340 0.615231 0.219595
0.749459 0.129068 0.749226 0.128529 0.749803 0.129053
0.370584 0.062084 0.369186 0.059529 0.369990 0.059053
0.370584 0.062084 0.369990 0.059053 0.372423 0.058163
0.625594 0.228381 0.626294 0.228961 0.624778 0.228694
0.757912 0.128966 0.757107 0.128923 0.756448 0.127755
0.755098 0.128944 0.756448 0.127755 0.755870 0.128856
0.606315 0.221721 0.607404 0.220524 0.607761 0.222397
0.623327 0.229660 0.624778 0.228694 0.626294 0.228961
0.752876 0.128911 0.752050 0.128720 0.752748 0.128479
0.612502 0.225056 0.610718 0.223870 0.612587 0.222250
0.612502 0.225056 0.612587 0.222250 0.614905 0.223586
0.617617 0.222743 0.615299 0.225656 0.614905 0.223586
0.366298 0.066684 0.368567 0.067592 0.365703 0.069407
0.749226 0.128529 0.749658 0.128305 0.750414 0.128580
0.752050 0.128720 0.752366 0.128226 0.752748 0.128479
0.359883 0.077098 0.369346 0.072812 0.359506 0.079333
0.614131 0.225393 0.614905 0.223586 0.615299 0.225656
0.610718 0.223870 0.609266 0.223595 0.610285 0.221916
0.994114 0.839606 0.993963 0.838533 0.994730 0.839265
0.609266 0.223595 0.607761 0.222397 0.610285 0.221916
0.994390 0.842539 0.994814 0.842479 0.994404 0.843525
0.610330 0.219055 0.610318 0.219618 0.609888 0.219977
0.607761 0.222397 0.608657 0.220494 0.609266 0.220660
0.607761 0.222397 0.609266 0.220660 0.610285 0.221916
0.614045 0.219667 0.613890 0.220090 0.613634 0.219944
0.623327 0.229660 0.626294 0.228961 0.626418 0.230274
0.369035 0.065112 0.369303 0.065370 0.369114 0.065706
0.595710 0.944416 0.588911 0.945903 0.586466 0.941538
0.612587 0.222250 0.614526 0.220672 0.615315 0.221744
0.612587 0.222250 0.613682 0.220909 0.614526 0.220672
0.758938 0.141407 0.754034 0.140969 0.753199 0.138194
0.994850 0.839771 0.995003 0.839249 0.995098 0.839751
0.615794 0.221419 0.615023 0.220787 0.616569 0.221064
0.988529 0.629619 0.988232 0.629740 0.988275 0.629275
0.990101 0.741426 0.990323 0.740176 0.991464 0.741203
0.210129 0.021301 0.210537 0.021169 0.210320 0.021456
0.370584 0.062084 0.372423 0.058163 0.372240 0.060450
0.370584 0.062084 0.372240 0.060450 0.373774 0.060527
0.613810 0.220383 0.612936 0.220939 0.613490 0.220180
0.989952 0.740766 0.989926 0.740329 0.990323 0.740176
0.365703 0.069407 0.368567 0.067592 0.370088 0.068316
0.358013 0.086080 0.361689 0.088371 0.356571 0.089063
0.775518 0.154325 0.775920 0.157636 0.773531 0.155259
0.372843 0.051520 0.374715 0.049638 0.375327 0.050351
0.370214 0.057951 0.370846 0.057383 0.372423 0.058163
0.370441 0.063960 0.370584 0.062084 0.371829 0.063883
0.758938 0.141407 0.758775 0.143977 0.754034 0.140969
0.211732 0.021086 0.212122 0.021663 0.211421 0.021507
0.372423 0.058163 0.373196 0.059090 0.372240 0.060450
0.370801 0.057011 0.370959 0.056731 0.371152 0.056780
0.370178 0.064580 0.371829 0.063883 0.370219 0.065102
0.060704 0.795883 0.061110 0.792641 0.062931 0.794580
0.372240 0.060450 0.373196 0.059090 0.374008 0.059731
0.372240 0.060450 0.373714 0.060187 0.373774 0.060527
0.365703 0.069407 0.370088 0.068316 0.365872 0.070986
0.370846 0.057383 0.371657 0.057071 0.372423 0.058163
0.370584 0.062084 0.373774 0.060527 0.371829 0.063883
0.372390 0.054155 0.372843 0.051520 0.374824 0.053361
0.368567 0.067592 0.370289 0.065713 0.370088 0.068316
0.588911 0.945903 0.584901 0.946840 0.583866 0.943626
0.588911 0.945903 0.583866 0.943626 0.586466 0.941538
0.749060 0.137212 0.753199 0.138194 0.748998 0.138854
0.372051 0.055663 0.372281 0.055463 0.372289 0.055730
0.373196 0.059090 0.372423 0.058163 0.374414 0.058509
0.372423 0.058163 0.372857 0.056512 0.374610 0.056684
0.372423 0.058163 0.374610 0.056684 0.377402 0.056262
0.372423 0.058163 0.377402 0.056262 0.374414 0.058509
0.753199 0.138194 0.754034 0.140969 0.748998 0.138854
0.371829 0.063883 0.370088 0.068316 0.370289 0.065713
0.773531 0.155259 0.775920 0.157636 0.770352 0.156373
0.586466 0.941538 0.589001 0.940724 0.595710 0.944416
0.626294 0.228961 0.627870 0.230318 0.627161 0.230789
0.765678 0.147187 0.763868 0.150781 0.760148 0.145869
0.775038 0.160689 0.771317 0.159596 0.775920 0.157636
0.371829 0.063883 0.373774 0.060527 0.373682 0.063641
0.372857 0.056512 0.373161 0.055692 0.374610 0.056684
0.373714 0.060187 0.374008 0.059731 0.373774 0.060527
0.372843 0.051520 0.375974 0.050867 0.376249 0.051257
0.773531 0.155259 0.770352 0.156373 0.767063 0.153789
0.371829 0.063883 0.373682 0.063641 0.370088 0.068316
0.359506 0.079333 0.369346 0.072812 0.365913 0.079342
0.373161 0.055692 0.374824 0.053361 0.374610 0.056684
0.374610 0.056684 0.374824 0.053361 0.377375 0.054706
0.374610 0.056684 0.377375 0.054706 0.377402 0.056262
0.372843 0.051520 0.376249 0.051257 0.374824 0.053361
0.062931 0.794580 0.061110 0.792641 0.064198 0.793650
0.358013 0.086080 0.365913 0.079342 0.365698 0.084613
0.376400 0.050128 0.377418 0.049455 0.376249 0.051257
0.358013 0.086080 0.365698 0.084613 0.361689 0.088371
0.754034 0.140969 0.758775 0.143977 0.754035 0.144647
0.377375 0.054706 0.374824 0.053361 0.376249 0.051257
0.064198 0.793650 0.061110 0.792641 0.065206 0.790986
0.377418 0.049455 0.378298 0.049932 0.376249 0.051257
0.125891 0.393977 0.124420 0.392291 0.125771 0.389172
0.770352 0.156373 0.775920 0.157636 0.771317 0.159596
0.375950 0.059232 0.377402 0.056262 0.378275 0.058648
0.758775 0.143977 0.760148 0.145869 0.754035 0.144647
0.373682 0.063641 0.376261 0.065371 0.370088 0.068316
0.763868 0.150781 0.767063 0.153789 0.762140 0.154614
0.760148 0.145869 0.763868 0.150781 0.754035 0.144647
0.377402 0.056262 0.377375 0.054706 0.379414 0.055327
0.365872 0.070986 0.370088 0.068316 0.369346 0.072812
0.373682 0.063641 0.373774 0.060527 0.376413 0.061981
0.979014 0.676485 0.975454 0.674074 0.977652 0.670396
0.377375 0.054706 0.379983 0.052126 0.379414 0.055327
0.377375 0.054706 0.376249 0.051257 0.379983 0.052126
0.377402 0.056262 0.379414 0.055327 0.378275 0.058648
0.376409 0.059951 0.378275 0.058648 0.376413 0.061981
0.376409 0.059951 0.376413 0.061981 0.373774 0.060527
0.370088 0.068316 0.376261 0.065371 0.374524 0.068049
0.365913 0.079342 0.369478 0.081226 0.365698 0.084613
0.379414 0.055327 0.379983 0.052126 0.381564 0.053929
0.125891 0.393977 0.125771 0.389172 0.127444 0.391823
0.125891 0.393977 0.127444 0.391823 0.127383 0.392659
0.376249 0.051257 0.379031 0.052114 0.379983 0.052126
0.373682 0.063641 0.376413 0.061981 0.376261 0.065371
0.763868 0.150781 0.755112 0.150599 0.754035 0.144647
0.370088 0.068316 0.374524 0.068049 0.369346 0.072812
0.378275 0.058648 0.379378 0.058923 0.376413 0.061981
0.583866 0.943626 0.582502 0.941196 0.586466 0.941538
0.361689 0.088371 0.365698 0.084613 0.367736 0.085829
0.770352 0.156373 0.771317 0.159596 0.765772 0.159619
0.378275 0.058648 0.379414 0.055327 0.379378 0.058923
0.379164 0.050340 0.379464 0.050195 0.379485 0.050501
0.975454 0.674074 0.974730 0.666293 0.977652 0.670396
0.365913 0.079342 0.369346 0.072812 0.369478 0.081226
0.770926 0.164052 0.768501 0.168558 0.771317 0.159596
0.379586 0.051362 0.379810 0.050805 0.379983 0.052126
0.767063 0.153789 0.763544 0.156517 0.762140 0.154614
0.767063 0.153789 0.770352 0.156373 0.763544 0.156517
0.770352 0.156373 0.765772 0.159619 0.763544 0.156517
0.771317 0.159596 0.766167 0.163136 0.765772 0.159619
0.125771 0.389172 0.128467 0.389426 0.128544 0.390478
0.954998 0.159190 0.955779 0.156455 0.955640 0.158567
0.954998 0.159190 0.954578 0.157399 0.955779 0.156455
0.763868 0.150781 0.762140 0.154614 0.755112 0.150599
0.771317 0.159596 0.768501 0.168558 0.764233 0.168097
0.771317 0.159596 0.764233 0.168097 0.766167 0.163136
0.127303 0.395334 0.127796 0.392928 0.128428 0.392314
0.127303 0.395334 0.128428 0.392314 0.128357 0.393575
0.379414 0.055327 0.382467 0.058327 0.379378 0.058923
0.128357 0.393575 0.128797 0.392378 0.130658 0.390230
0.128544 0.390478 0.129047 0.389968 0.128748 0.390521
0.128797 0.392378 0.129431 0.391327 0.130658 0.390230
0.126202 0.385862 0.131222 0.384459 0.125771 0.389172
0.984896 0.672324 0.977652 0.670396 0.982407 0.668879
0.369478 0.081226 0.369346 0.072812 0.373836 0.078463
0.369346 0.072812 0.374524 0.068049 0.375733 0.073738
0.365698 0.084613 0.369478 0.081226 0.367736 0.085829
0.984896 0.672324 0.982407 0.668879 0.984691 0.667190
0.129396 0.390674 0.130038 0.390092 0.130658 0.390230
0.376413 0.061981 0.379378 0.058923 0.383119 0.061193
0.376413 0.061981 0.383119 0.061193 0.376261 0.065371
0.379378 0.058923 0.382467 0.058327 0.383119 0.061193
0.130658 0.390230 0.130997 0.393516 0.128357 0.393575
0.125771 0.389172 0.130013 0.386931 0.129580 0.387543
0.974730 0.666293 0.975273 0.661663 0.977652 0.670396
0.130038 0.390092 0.130545 0.388922 0.130658 0.390230
0.125771 0.389172 0.131222 0.384459 0.130160 0.385718
0.129766 0.389461 0.129977 0.389065 0.130026 0.389298
0.762140 0.154614 0.763544 0.156517 0.758663 0.156024
0.129809 0.387568 0.130150 0.387072 0.129987 0.387396
0.969751 0.180458 0.969692 0.180150 0.969945 0.180410
0.369478 0.081226 0.372014 0.083799 0.367736 0.085829
0.982407 0.668879 0.982854 0.666425 0.984691 0.667190
0.969731 0.179774 0.970112 0.179696 0.970129 0.180077
0.369346 0.072812 0.375733 0.073738 0.373836 0.078463
0.981209 0.471751 0.980769 0.470906 0.981569 0.470695
0.977652 0.670396 0.975273 0.661663 0.980575 0.662046
0.980880 0.471829 0.979555 0.471517 0.980769 0.470906
0.369478 0.081226 0.373836 0.078463 0.372014 0.083799
0.382467 0.058327 0.385400 0.058809 0.383119 0.061193
0.766167 0.163136 0.758962 0.163190 0.765772 0.159619
0.765772 0.159619 0.758962 0.163190 0.758022 0.158431
0.765772 0.159619 0.758022 0.158431 0.763544 0.156517
0.766167 0.163136 0.764233 0.168097 0.758962 0.163190
0.131222 0.384459 0.128629 0.383808 0.129976 0.383638
0.755112 0.150599 0.762140 0.154614 0.750755 0.153410
0.376261 0.065371 0.383119 0.061193 0.374524 0.068049
0.981569 0.470695 0.980769 0.470906 0.981297 0.469948
0.981569 0.470695 0.981297 0.469948 0.981662 0.469991
0.763544 0.156517 0.758022 0.158431 0.758663 0.156024
0.130797 0.387567 0.130959 0.387086 0.131102 0.387078
0.130852 0.387091 0.131177 0.386739 0.130959 0.387068
0.131573 0.388811 0.134023 0.386222 0.130658 0.390230
0.982407 0.668879 0.977652 0.670396 0.980575 0.662046
0.982407 0.668879 0.980575 0.662046 0.982854 0.666425
0.128629 0.383808 0.132217 0.381924 0.129976 0.383638
0.130936 0.386053 0.131222 0.384459 0.131718 0.384885
0.957101 0.157205 0.955779 0.156455 0.957458 0.153898
0.969701 0.177828 0.970133 0.178093 0.970271 0.178977
0.131164 0.387323 0.131102 0.387078 0.131379 0.386769
0.130997 0.393516 0.130658 0.390230 0.135502 0.386666
0.130658 0.390230 0.134023 0.386222 0.135502 0.386666
0.971541 0.184094 0.971706 0.182341 0.971997 0.182424
0.131579 0.387498 0.132289 0.386286 0.134023 0.386222
0.372014 0.083799 0.373836 0.078463 0.376735 0.080301
0.984691 0.667190 0.982854 0.666425 0.983460 0.663893
0.971289 0.182074 0.971361 0.181221 0.971746 0.181134
0.982854 0.666425 0.980575 0.662046 0.983041 0.663743
0.968784 0.174374 0.968432 0.174061 0.968818 0.173905
0.984691 0.667190 0.984439 0.664260 0.985842 0.664638
0.984691 0.667190 0.984242 0.664292 0.984439 0.664260
0.984691 0.667190 0.985842 0.664638 0.987751 0.663277
0.969659 0.175151 0.970532 0.174142 0.970723 0.176382
0.961230 0.169880 0.961395 0.169834 0.961540 0.169896
0.131222 0.384459 0.130954 0.383315 0.132296 0.383560
0.131222 0.384459 0.132148 0.384242 0.131718 0.384885
0.970796 0.180038 0.971144 0.179463 0.971323 0.180138
0.762140 0.154614 0.758663 0.156024 0.750755 0.153410
0.961767 0.169855 0.961613 0.169696 0.964491 0.168450
0.970748 0.177489 0.971358 0.177274 0.971455 0.177695
0.975273 0.661663 0.974124 0.654764 0.975870 0.658552
0.975273 0.661663 0.976959 0.659083 0.980575 0.662046
0.970723 0.176382 0.970532 0.174142 0.972366 0.176183
0.383119 0.061193 0.382647 0.068085 0.374524 0.068049
0.383119 0.061193 0.389457 0.062260 0.382647 0.068085
0.373836 0.078463 0.375733 0.073738 0.377828 0.074880
0.955779 0.156455 0.954912 0.147422 0.957458 0.153898
0.984000 0.663854 0.982674 0.661251 0.985431 0.663477
0.984439 0.664260 0.984455 0.664074 0.985842 0.664638
0.969984 0.173026 0.970010 0.172697 0.970317 0.173134
0.130954 0.383315 0.132217 0.381924 0.132296 0.383560
0.970532 0.174142 0.971216 0.173266 0.973856 0.173274
0.970532 0.174142 0.973856 0.173274 0.972366 0.176183
0.374524 0.068049 0.381028 0.071328 0.375733 0.073738
0.971746 0.181134 0.971547 0.180789 0.972022 0.180608
0.797772 0.962891 0.797431 0.963577 0.797316 0.963242
0.982975 0.662314 0.980575 0.662046 0.982674 0.661251
0.373836 0.078463 0.377828 0.074880 0.376735 0.080301
0.964491 0.168450 0.964281 0.170693 0.963979 0.171071
0.385400 0.058809 0.388327 0.059416 0.383119 0.061193
0.968653 0.172963 0.967211 0.172740 0.968634 0.171913
0.964491 0.168450 0.967519 0.170385 0.965015 0.170448
0.038393 0.182491 0.038875 0.180800 0.039178 0.181270
0.972578 0.184323 0.971541 0.184094 0.973695 0.182932
0.972282 0.181617 0.972529 0.180850 0.973111 0.180925
0.975870 0.658552 0.974124 0.654764 0.976299 0.654666
0.975870 0.658552 0.976299 0.654666 0.977365 0.657302
0.972057 0.178904 0.972341 0.178308 0.972409 0.179060
0.750755 0.153410 0.758663 0.156024 0.753131 0.156121
0.133069 0.385314 0.133403 0.384535 0.134023 0.386222
0.039732 0.179132 0.039969 0.180430 0.039036 0.180465
0.972109 0.179423 0.972409 0.179060 0.972791 0.179131
0.971216 0.173266 0.971618 0.172155 0.973856 0.173274
0.976959 0.659083 0.977395 0.658663 0.980575 0.662046
0.967211 0.172740 0.966653 0.172131 0.968634 0.171913
0.972648 0.181956 0.973695 0.182932 0.971541 0.184094
0.972648 0.181956 0.973452 0.180633 0.973695 0.182932
0.972341 0.178308 0.972512 0.178868 0.972409 0.179060
0.800233 0.967573 0.798357 0.969261 0.799817 0.967710
0.758663 0.156024 0.758022 0.158431 0.753131 0.156121
0.980575 0.662046 0.978130 0.658707 0.979551 0.656197
0.375733 0.073738 0.381028 0.071328 0.377828 0.074880
0.038393 0.182491 0.034793 0.183637 0.036206 0.180646
0.972366 0.176183 0.973856 0.173274 0.974259 0.175135
0.971618 0.172155 0.972024 0.171318 0.974010 0.168937
0.971618 0.172155 0.974010 0.168937 0.973856 0.173274
0.968634 0.171913 0.966684 0.171948 0.967519 0.170385
0.968634 0.171913 0.967519 0.170385 0.969361 0.169949
0.968634 0.171913 0.969361 0.169949 0.970189 0.170614
0.374524 0.068049 0.382647 0.068085 0.381028 0.071328
0.966000 0.171485 0.965826 0.170977 0.967519 0.170385
0.977323 0.658234 0.977365 0.657302 0.978216 0.657283
0.982674 0.661251 0.985527 0.658856 0.985431 0.663477
0.982674 0.661251 0.983940 0.660196 0.985527 0.658856
0.978130 0.658707 0.978216 0.657283 0.979551 0.656197
0.972803 0.184900 0.973695 0.182932 0.973103 0.185047
0.972716 0.178873 0.972728 0.178342 0.973163 0.178119
0.039732 0.179132 0.037918 0.179462 0.037722 0.178918
0.967519 0.170385 0.964491 0.168450 0.964400 0.164988
0.039732 0.179132 0.041468 0.178066 0.040873 0.180362
0.985431 0.663477 0.985527 0.658856 0.987050 0.664192
0.039732 0.179132 0.037722 0.178918 0.037408 0.178017
0.980575 0.662046 0.979551 0.656197 0.982674 0.661251
0.982674 0.661251 0.979551 0.656197 0.983940 0.660196
0.796037 0.964903 0.794393 0.965386 0.795263 0.963778
0.972939 0.177576 0.974259 0.175135 0.973163 0.178119
0.977365 0.657302 0.976299 0.654666 0.978216 0.657283
0.796848 0.965722 0.797784 0.966678 0.795540 0.967482
0.134023 0.386222 0.133795 0.383580 0.132217 0.381924
0.970189 0.170614 0.969361 0.169949 0.970824 0.169494
0.059915 0.031155 0.055946 0.029201 0.057720 0.027947
0.961098 0.168446 0.960380 0.168320 0.961881 0.164849
0.961098 0.168446 0.961881 0.164849 0.964491 0.168450
0.758962 0.163190 0.755379 0.163114 0.758022 0.158431
0.978216 0.657283 0.976299 0.654666 0.979551 0.656197
0.037722 0.178918 0.037367 0.179194 0.037408 0.178017
0.964491 0.168450 0.962631 0.165844 0.966138 0.165099
0.388327 0.059416 0.389457 0.062260 0.383119 0.061193
0.134023 0.386222 0.132217 0.381924 0.135621 0.382715
0.134023 0.386222 0.135621 0.382715 0.135502 0.386666
0.964491 0.168450 0.961881 0.164849 0.962631 0.165844
0.798341 0.967877 0.798357 0.969261 0.797376 0.968218
0.987050 0.664192 0.985527 0.658856 0.987751 0.663277
0.041468 0.178066 0.043293 0.178762 0.040873 0.180362
0.039539 0.182246 0.040873 0.180362 0.043293 0.178762
0.036206 0.180646 0.034793 0.183637 0.036637 0.179287
0.969361 0.169949 0.967519 0.170385 0.969345 0.166683
0.969361 0.169949 0.969345 0.166683 0.970824 0.169494
0.976299 0.654666 0.978319 0.654964 0.979551 0.656197
0.979551 0.656197 0.979638 0.653281 0.983940 0.660196
0.970824 0.169494 0.969345 0.166683 0.970943 0.167673
0.750755 0.153410 0.753131 0.156121 0.750785 0.154563
0.376735 0.080301 0.377828 0.074880 0.382613 0.076885
0.973610 0.179265 0.974078 0.178077 0.974219 0.179388
0.794122 0.964702 0.794393 0.965386 0.793571 0.965143
0.794393 0.965386 0.792940 0.965875 0.793571 0.965143
0.753131 0.156121 0.758022 0.158431 0.750504 0.158708
0.132217 0.381924 0.131848 0.379915 0.133519 0.380682
0.972829 0.168678 0.970943 0.167673 0.974010 0.168937
0.755379 0.163114 0.753862 0.162789 0.758022 0.158431
0.966138 0.165099 0.968947 0.162594 0.969345 0.166683
0.055946 0.029201 0.053243 0.029161 0.054169 0.026952
0.055946 0.029201 0.054169 0.026952 0.057720 0.027947
0.036637 0.179287 0.034793 0.183637 0.034856 0.179126
0.793707 0.964860 0.793571 0.965143 0.793492 0.964602
0.957458 0.153898 0.954912 0.147422 0.958332 0.147099
0.964400 0.164988 0.969345 0.166683 0.967519 0.170385
0.046412 0.029105 0.046346 0.029920 0.044967 0.029918
0.055946 0.029201 0.059915 0.031155 0.055121 0.035719
0.132217 0.381924 0.134519 0.381456 0.135323 0.381282
0.954912 0.147422 0.955515 0.144741 0.958332 0.147099
0.967716 0.161773 0.966138 0.165099 0.967374 0.161598
0.983940 0.660196 0.979638 0.653281 0.985527 0.658856
0.758022 0.158431 0.752881 0.163024 0.750504 0.158708
0.381028 0.071328 0.382647 0.068085 0.383786 0.071228
0.381028 0.071328 0.383786 0.071228 0.377828 0.074880
0.974078 0.178077 0.974259 0.175135 0.975384 0.177407
0.974078 0.178077 0.975333 0.178707 0.974219 0.179388
0.061199 0.033066 0.061003 0.036297 0.060409 0.033814
0.053243 0.029161 0.055946 0.029201 0.055121 0.035719
0.974219 0.179388 0.975333 0.178707 0.975258 0.179941
0.978886 0.654536 0.979638 0.653281 0.979551 0.656197
0.976299 0.654666 0.977248 0.652376 0.977458 0.652609
0.974010 0.168937 0.973503 0.165432 0.976558 0.163017
0.969345 0.166683 0.968947 0.162594 0.971751 0.161237
0.969345 0.166683 0.971751 0.161237 0.970943 0.167673
0.135621 0.382715 0.138194 0.381813 0.135502 0.386666
0.968872 0.161152 0.968217 0.160323 0.971751 0.161237
0.377828 0.074880 0.386794 0.071793 0.383469 0.076162
0.974735 0.181743 0.975472 0.181455 0.975126 0.182161
0.034793 0.183637 0.031632 0.182174 0.033965 0.180099
0.798357 0.969261 0.801242 0.971778 0.798106 0.974061
0.966138 0.165099 0.962631 0.165844 0.965147 0.162143
0.974010 0.168937 0.970943 0.167673 0.973503 0.165432
0.090746 0.647814 0.088540 0.648773 0.089378 0.646471
0.133377 0.380212 0.131848 0.379915 0.133488 0.379705
0.974602 0.180930 0.975305 0.180809 0.975472 0.181455
0.974576 0.180515 0.975258 0.179941 0.975367 0.180582
0.150803 0.425188 0.149211 0.423386 0.152001 0.424873
0.049394 0.030440 0.053243 0.029161 0.048939 0.031130
0.967709 0.160804 0.966488 0.159734 0.968217 0.160323
0.044967 0.029918 0.046346 0.029920 0.045691 0.030396
0.973856 0.173274 0.974010 0.168937 0.978250 0.170453
0.377828 0.074880 0.383786 0.071228 0.386794 0.071793
0.979638 0.653281 0.983861 0.654772 0.985527 0.658856
0.134743 0.380416 0.135587 0.379188 0.138563 0.378046
0.134743 0.380416 0.138563 0.378046 0.135990 0.380689
0.059915 0.031155 0.059469 0.034307 0.055121 0.035719
0.975126 0.182161 0.975472 0.181455 0.976670 0.182696
0.049966 0.029078 0.049723 0.028280 0.053243 0.029161
0.973856 0.173274 0.977829 0.173702 0.974259 0.175135
0.089173 0.645133 0.089378 0.646471 0.088212 0.645594
0.795593 0.969203 0.798357 0.969261 0.792450 0.970794
0.795593 0.969203 0.792450 0.970794 0.793193 0.967111
0.779223 0.962988 0.777841 0.962259 0.785055 0.963990
0.974010 0.168937 0.978791 0.166925 0.978250 0.170453
0.089378 0.646471 0.088540 0.648773 0.087895 0.646611
0.974010 0.168937 0.976558 0.163017 0.978791 0.166925
0.152001 0.424873 0.149211 0.423386 0.151108 0.423220
0.046725 0.030184 0.046941 0.030690 0.046219 0.030349
0.977732 0.652143 0.979638 0.653281 0.978177 0.652609
0.779223 0.962988 0.779038 0.963982 0.774959 0.963540
0.382647 0.068085 0.386534 0.066476 0.383786 0.071228
0.954912 0.147422 0.954733 0.144615 0.955515 0.144741
0.787943 0.965024 0.789176 0.964501 0.788520 0.965148
0.970943 0.167673 0.971751 0.161237 0.973503 0.165432
0.382647 0.068085 0.389457 0.062260 0.386534 0.066476
0.968217 0.160323 0.970352 0.157941 0.971751 0.161237
0.046219 0.030349 0.046941 0.030690 0.044022 0.032166
0.777841 0.962259 0.785639 0.962989 0.785055 0.963990
0.787943 0.965024 0.785055 0.963990 0.789176 0.964501
0.785055 0.963990 0.785639 0.962989 0.789176 0.964501
0.975258 0.179941 0.975333 0.178707 0.976443 0.179784
0.045691 0.030396 0.044022 0.032166 0.044967 0.029918
0.974259 0.175135 0.977829 0.173702 0.975384 0.177407
0.958857 0.166372 0.958759 0.165484 0.961881 0.164849
0.965147 0.162143 0.962631 0.165844 0.964347 0.159553
0.383786 0.071228 0.386534 0.066476 0.389320 0.070523
0.383786 0.071228 0.389320 0.070523 0.386794 0.071793
0.975333 0.178707 0.977829 0.173702 0.976443 0.179784
0.046941 0.030690 0.047895 0.032612 0.044022 0.032166
0.975472 0.181455 0.976033 0.181027 0.976670 0.182696
0.961881 0.164849 0.964347 0.159553 0.962631 0.165844
0.087925 0.644204 0.087984 0.643734 0.088153 0.643927
0.059469 0.034307 0.061003 0.036297 0.055121 0.035719
0.790698 0.966390 0.791998 0.968166 0.789861 0.968176
0.779223 0.962988 0.784018 0.964707 0.783944 0.966409
0.978250 0.170453 0.977829 0.173702 0.973856 0.173274
0.136498 0.380561 0.138563 0.378046 0.143050 0.377141
0.789611 0.966088 0.789861 0.968176 0.787943 0.965024
0.779223 0.962988 0.783944 0.966409 0.779038 0.963982
0.053243 0.029161 0.050700 0.028082 0.054169 0.026952
0.970352 0.157941 0.975172 0.156252 0.971751 0.161237
0.087895 0.646611 0.088540 0.648773 0.085144 0.647266
0.971751 0.161237 0.976170 0.161516 0.973503 0.165432
0.961530 0.151877 0.958332 0.147099 0.960272 0.144067
0.048950 0.031627 0.053243 0.029161 0.047895 0.032612
0.145509 0.421668 0.145292 0.420685 0.150803 0.425188
0.053243 0.029161 0.055121 0.035719 0.047895 0.032612
0.784589 0.965067 0.787943 0.965024 0.783944 0.966409
0.135587 0.379188 0.135725 0.378384 0.138563 0.378046
0.086704 0.640133 0.086487 0.641808 0.084785 0.641992
0.087209 0.644165 0.087203 0.644835 0.086487 0.641808
0.150803 0.425188 0.145292 0.420685 0.149211 0.423386
0.791998 0.968166 0.792450 0.970794 0.789861 0.968176
0.386925 0.074650 0.386794 0.071793 0.388939 0.072922
0.044967 0.029918 0.044022 0.032166 0.042574 0.032335
0.961881 0.164849 0.961091 0.162547 0.964347 0.159553
0.137756 0.380854 0.143050 0.377141 0.138194 0.381813
0.976558 0.163017 0.973503 0.165432 0.976170 0.161516
0.787943 0.965024 0.789861 0.968176 0.783944 0.966409
0.087192 0.646488 0.085144 0.647266 0.086328 0.646349
0.087192 0.646488 0.086328 0.646349 0.086466 0.645845
0.968217 0.160323 0.966488 0.159734 0.966994 0.157237
0.388939 0.072922 0.386794 0.071793 0.389320 0.070523
0.798357 0.969261 0.798106 0.974061 0.795545 0.975235
0.150011 0.422346 0.149211 0.423386 0.146129 0.419406
0.779038 0.963982 0.783944 0.966409 0.781000 0.965113
0.135135 0.377979 0.134994 0.377266 0.135443 0.377624
0.135725 0.378384 0.136771 0.377557 0.138563 0.378046
0.976443 0.179784 0.977829 0.173702 0.976670 0.182696
0.086749 0.645102 0.085987 0.645364 0.086487 0.641808
0.054169 0.026952 0.054644 0.023281 0.057720 0.027947
0.971751 0.161237 0.975172 0.156252 0.976995 0.157591
0.798357 0.969261 0.795545 0.975235 0.792450 0.970794
0.976558 0.163017 0.976170 0.161516 0.978805 0.159897
0.779038 0.963982 0.781000 0.965113 0.774959 0.963540
0.087700 0.649960 0.085144 0.647266 0.088540 0.648773
0.968217 0.160323 0.966994 0.157237 0.970352 0.157941
0.971751 0.161237 0.976995 0.157591 0.976170 0.161516
0.389320 0.070523 0.386534 0.066476 0.391488 0.067225
0.134994 0.377266 0.133093 0.375544 0.135729 0.376679
0.149211 0.423386 0.145292 0.420685 0.146129 0.419406
0.970352 0.157941 0.966994 0.157237 0.968495 0.155278
0.965418 0.159719 0.964347 0.159553 0.966994 0.157237
0.386534 0.066476 0.389457 0.062260 0.391488 0.067225
0.389320 0.070523 0.391488 0.067225 0.391065 0.070107
0.206506 0.985582 0.203280 0.985193 0.204681 0.982047
0.145509 0.421668 0.140172 0.418592 0.141869 0.418070
0.064239 0.036839 0.060489 0.038756 0.061003 0.036297
0.136771 0.377557 0.143406 0.373621 0.143745 0.375231
0.136771 0.377557 0.143745 0.375231 0.138563 0.378046
0.955515 0.144741 0.954960 0.141082 0.956483 0.140310
0.976170 0.161516 0.976995 0.157591 0.978805 0.159897
0.204681 0.982047 0.203280 0.985193 0.203269 0.983212
0.978540 0.186801 0.979245 0.182399 0.980379 0.188680
0.135729 0.376679 0.133093 0.375544 0.143406 0.373621
0.138194 0.381813 0.143050 0.377141 0.144386 0.378851
0.391488 0.067225 0.389457 0.062260 0.391978 0.064575
0.974493 0.140662 0.969142 0.138703 0.971277 0.137496
0.145509 0.421668 0.141869 0.418070 0.145292 0.420685
0.085296 0.645952 0.085144 0.647266 0.086487 0.641808
0.136473 0.418221 0.131459 0.414266 0.131813 0.411812
0.136473 0.418221 0.131813 0.411812 0.140172 0.418592
0.955515 0.144741 0.956483 0.140310 0.958332 0.147099
0.958332 0.147099 0.956483 0.140310 0.960272 0.144067
0.977829 0.173702 0.979245 0.182399 0.976670 0.182696
0.032036 0.948276 0.036452 0.948047 0.038535 0.950891
0.086487 0.641808 0.085144 0.647266 0.082536 0.648309
0.086487 0.641808 0.082536 0.648309 0.084785 0.641992
0.792450 0.970794 0.790608 0.975556 0.789861 0.968176
0.061003 0.036297 0.057537 0.037701 0.055121 0.035719
0.055121 0.035719 0.046916 0.037559 0.047895 0.032612
0.204681 0.982047 0.202392 0.983327 0.202041 0.982077
0.976670 0.182696 0.979245 0.182399 0.978540 0.186801
0.964347 0.159553 0.964552 0.157464 0.966994 0.157237
0.964347 0.159553 0.963319 0.157431 0.964552 0.157464
0.971277 0.137496 0.969142 0.138703 0.965279 0.135055
0.133093 0.375544 0.139563 0.373553 0.143406 0.373621
0.966994 0.157237 0.967675 0.154930 0.968495 0.155278
0.084785 0.641992 0.080354 0.645416 0.081550 0.640789
0.032036 0.948276 0.032640 0.946546 0.036452 0.948047
0.115403 0.410108 0.113765 0.409491 0.117437 0.406691
0.044022 0.032166 0.047895 0.032612 0.042217 0.036887
0.140172 0.418592 0.131813 0.411812 0.135969 0.411192
0.964552 0.157464 0.963319 0.157431 0.964812 0.155937
0.964552 0.157464 0.964812 0.155937 0.966994 0.157237
0.047895 0.032612 0.046916 0.037559 0.042217 0.036887
0.041527 0.622032 0.042843 0.622482 0.041549 0.623374
0.966994 0.157237 0.964812 0.155937 0.966262 0.155180
0.966994 0.157237 0.966262 0.155180 0.967675 0.154930
0.146129 0.419406 0.143300 0.417464 0.145056 0.417095
0.060489 0.038756 0.057537 0.037701 0.061003 0.036297
0.200610 0.982831 0.200694 0.983625 0.200140 0.983565
0.201796 0.983581 0.201966 0.983962 0.201650 0.983715
0.954960 0.141082 0.954891 0.136837 0.956483 0.140310
0.962861 0.152925 0.963904 0.152170 0.964812 0.155937
0.201966 0.983962 0.203280 0.985193 0.201667 0.984534
0.145292 0.420685 0.141869 0.418070 0.143300 0.417464
0.145292 0.420685 0.143300 0.417464 0.146129 0.419406
0.197570 0.973896 0.197946 0.979598 0.194790 0.980061
0.197570 0.973896 0.194790 0.980061 0.194255 0.974589
0.962552 0.147476 0.960272 0.144067 0.963042 0.144577
0.140172 0.418592 0.135969 0.411192 0.138945 0.414191
0.140172 0.418592 0.138945 0.414191 0.141869 0.418070
0.115403 0.410108 0.117437 0.406691 0.117251 0.408911
0.115403 0.410108 0.117251 0.408911 0.118309 0.409599
0.197946 0.979598 0.196933 0.980218 0.194790 0.980061
0.197946 0.979598 0.197369 0.980981 0.196933 0.980218
0.041367 0.033933 0.044022 0.032166 0.042217 0.036887
0.956483 0.140310 0.958629 0.139569 0.960272 0.144067
0.203280 0.985193 0.201678 0.985773 0.201383 0.985362
0.200737 0.984737 0.200477 0.987088 0.200033 0.985209
0.200737 0.984737 0.200033 0.985209 0.200124 0.984879
0.055121 0.035719 0.057537 0.037701 0.052739 0.040326
0.201383 0.985362 0.201445 0.985771 0.200477 0.987088
0.203280 0.985193 0.200477 0.987088 0.201788 0.985952
0.196933 0.980218 0.196685 0.981248 0.195678 0.981610
0.196933 0.980218 0.195678 0.981610 0.194790 0.980061
0.046916 0.037559 0.055121 0.035719 0.047618 0.041150
0.057537 0.037701 0.055354 0.041255 0.052739 0.040326
0.118309 0.409599 0.118510 0.408496 0.119497 0.410299
0.783944 0.966409 0.789861 0.968176 0.784383 0.969752
0.783944 0.966409 0.784383 0.969752 0.782509 0.968418
0.199082 0.985153 0.198998 0.985652 0.198689 0.985011
0.963042 0.144577 0.960272 0.144067 0.962068 0.140976
0.198425 0.984982 0.198998 0.985652 0.198067 0.985920
0.967675 0.154930 0.966754 0.153518 0.966606 0.152681
0.145056 0.417095 0.143300 0.417464 0.142258 0.414913
0.196457 0.982130 0.197251 0.983596 0.196057 0.982636
0.197251 0.983596 0.197339 0.984564 0.196052 0.984599
0.197251 0.983596 0.196052 0.984599 0.196057 0.982636
0.964812 0.155937 0.964831 0.153208 0.965528 0.153670
0.964831 0.153208 0.965348 0.152906 0.965528 0.153670
0.789002 0.055131 0.787084 0.055165 0.787675 0.052567
0.203280 0.985193 0.201234 0.991691 0.200477 0.987088
0.194790 0.980061 0.195028 0.982430 0.193059 0.983750
0.194790 0.980061 0.193059 0.983750 0.190667 0.981101
0.131813 0.411812 0.132990 0.407496 0.135969 0.411192
0.197961 0.986465 0.197639 0.987098 0.197340 0.986576
0.195571 0.982830 0.196052 0.984599 0.193059 0.983750
0.199383 0.988069 0.200477 0.987088 0.198548 0.988804
0.055121 0.035719 0.052739 0.040326 0.047618 0.041150
0.197340 0.986576 0.197639 0.987098 0.197304 0.986982
0.963042 0.144577 0.962068 0.140976 0.964068 0.142350
0.138563 0.378046 0.143745 0.375231 0.143050 0.377141
0.194790 0.980061 0.190667 0.981101 0.194255 0.974589
0.197304 0.986982 0.196882 0.986900 0.197017 0.986536
0.125059 0.410849 0.123998 0.409892 0.126450 0.404770
0.125059 0.410849 0.126450 0.404770 0.128694 0.409969
0.119497 0.410299 0.119636 0.407827 0.120962 0.408079
0.196052 0.984599 0.195594 0.985870 0.193059 0.983750
0.960272 0.144067 0.958629 0.139569 0.962068 0.140976
0.160377 0.510275 0.165537 0.514420 0.161448 0.513652
0.131459 0.414266 0.128694 0.409969 0.131813 0.411812
0.197974 0.988191 0.198644 0.989957 0.196665 0.988041
0.200477 0.987088 0.201234 0.991691 0.198644 0.989957
0.200477 0.987088 0.198644 0.989957 0.198548 0.988804
0.038535 0.950891 0.036452 0.948047 0.037065 0.943985
0.038535 0.950891 0.043407 0.950595 0.042093 0.951435
0.041549 0.623374 0.042565 0.626293 0.038844 0.625803
0.038844 0.625803 0.042565 0.626293 0.039223 0.628909
0.965113 0.141537 0.962598 0.138084 0.967087 0.140003
0.119497 0.410299 0.120962 0.408079 0.122249 0.409085
0.195594 0.985870 0.193742 0.987006 0.193059 0.983750
0.122249 0.409085 0.120962 0.408079 0.124371 0.405691
0.160377 0.510275 0.161448 0.513652 0.155332 0.511486
0.160377 0.510275 0.155332 0.511486 0.157334 0.510863
0.969142 0.138703 0.967087 0.140003 0.963977 0.135167
0.122806 0.409109 0.124371 0.405691 0.126450 0.404770
0.964014 0.141291 0.962068 0.140976 0.962598 0.138084
0.131813 0.411812 0.128694 0.409969 0.132990 0.407496
0.969142 0.138703 0.963977 0.135167 0.965279 0.135055
0.956483 0.140310 0.954891 0.136837 0.955755 0.132846
0.141869 0.418070 0.138945 0.414191 0.143300 0.417464
0.143300 0.417464 0.138945 0.414191 0.142258 0.414913
0.118117 0.407586 0.117437 0.406691 0.121435 0.404162
0.120962 0.408079 0.119636 0.407827 0.121435 0.404162
0.120962 0.408079 0.121435 0.404162 0.124371 0.405691
0.052739 0.040326 0.055354 0.041255 0.051944 0.041940
0.143050 0.377141 0.143745 0.375231 0.146061 0.375663
0.143050 0.377141 0.146061 0.375663 0.144386 0.378851
0.967087 0.140003 0.962598 0.138084 0.963977 0.135167
0.142258 0.414913 0.140833 0.412641 0.141738 0.412727
0.143745 0.375231 0.143406 0.373621 0.149055 0.372218
0.143745 0.375231 0.148711 0.375512 0.146444 0.375240
0.143745 0.375231 0.149055 0.372218 0.148711 0.375512
0.956483 0.140310 0.955755 0.132846 0.956911 0.134721
0.956483 0.140310 0.956911 0.134721 0.958629 0.139569
0.042217 0.036887 0.046916 0.037559 0.043413 0.043079
0.958629 0.139569 0.958730 0.133109 0.962068 0.140976
0.052739 0.040326 0.051944 0.041940 0.047618 0.041150
0.155332 0.511486 0.154762 0.514432 0.148714 0.510923
0.138945 0.414191 0.140239 0.413263 0.142258 0.414913
0.139563 0.373553 0.142749 0.371750 0.143406 0.373621
0.155332 0.511486 0.161448 0.513652 0.158668 0.514333
0.958629 0.139569 0.956911 0.134721 0.958730 0.133109
0.146444 0.375240 0.148711 0.375512 0.144386 0.378851
0.193059 0.983750 0.193742 0.987006 0.189923 0.986506
0.193059 0.983750 0.189923 0.986506 0.188395 0.983302
0.193059 0.983750 0.188395 0.983302 0.190667 0.981101
0.046916 0.037559 0.047618 0.041150 0.043413 0.043079
0.143406 0.373621 0.143785 0.372116 0.147187 0.371887
0.143406 0.373621 0.147187 0.371887 0.149055 0.372218
0.148714 0.510923 0.154762 0.514432 0.149307 0.514644
0.165537 0.514420 0.165169 0.517172 0.161448 0.513652
0.051944 0.041940 0.051506 0.043095 0.048363 0.043275
0.051944 0.041940 0.048363 0.043275 0.047618 0.041150
0.962068 0.140976 0.958730 0.133109 0.962598 0.138084
0.138945 0.414191 0.138666 0.410781 0.139492 0.412910
0.138945 0.414191 0.135969 0.411192 0.138666 0.410781
0.051506 0.043095 0.050584 0.044606 0.048363 0.043275
0.954891 0.136837 0.954533 0.132054 0.955755 0.132846
0.965279 0.135055 0.963977 0.135167 0.961385 0.130088
0.148711 0.375512 0.149055 0.372218 0.148954 0.373424
0.128694 0.409969 0.130350 0.404194 0.132990 0.407496
0.155332 0.511486 0.158668 0.514333 0.154762 0.514432
0.869013 0.992204 0.871736 0.990849 0.870758 0.994047
0.161448 0.513652 0.165169 0.517172 0.161810 0.518927
0.161448 0.513652 0.161810 0.518927 0.158668 0.514333
0.189923 0.986506 0.187743 0.986861 0.188395 0.983302
0.128694 0.409969 0.126450 0.404770 0.130350 0.404194
0.963977 0.135167 0.962598 0.138084 0.961598 0.133819
0.963977 0.135167 0.962319 0.132742 0.961385 0.130088
0.126450 0.404770 0.124371 0.405691 0.125420 0.401660
0.962598 0.138084 0.958730 0.133109 0.961598 0.133819
0.148954 0.373424 0.151812 0.372099 0.148711 0.375512
0.148954 0.373424 0.149055 0.372218 0.151812 0.372099
0.956911 0.134721 0.955755 0.132846 0.956264 0.128652
0.165169 0.517172 0.168820 0.523313 0.165509 0.521670
0.165169 0.517172 0.165509 0.521670 0.161810 0.518927
0.135969 0.411192 0.132990 0.407496 0.135407 0.408002
0.138358 0.409478 0.138666 0.410781 0.135407 0.408002
0.956911 0.134721 0.956264 0.128652 0.958730 0.133109
0.135969 0.411192 0.135407 0.408002 0.138666 0.410781
0.871736 0.990849 0.873102 0.993208 0.870758 0.994047
0.871736 0.990849 0.876914 0.992282 0.873102 0.993208
0.870758 0.994047 0.873102 0.993208 0.871592 0.995161
0.047618 0.041150 0.048363 0.043275 0.046006 0.045845
0.047618 0.041150 0.046006 0.045845 0.043413 0.043079
0.130350 0.404194 0.126450 0.404770 0.128739 0.400930
0.148711 0.375512 0.151812 0.372099 0.153348 0.373508
0.149307 0.514644 0.154762 0.514432 0.154980 0.518026
0.954895 0.130528 0.955569 0.128586 0.955755 0.132846
0.158668 0.514333 0.161810 0.518927 0.158217 0.519653
0.158668 0.514333 0.158217 0.519653 0.154762 0.514432
0.961636 0.128969 0.961385 0.130088 0.958970 0.130269
0.872279 0.996474 0.875153 0.995992 0.873344 0.997165
0.126450 0.404770 0.125420 0.401660 0.128739 0.400930
0.955755 0.132846 0.955569 0.128586 0.956264 0.128652
0.048363 0.043275 0.045575 0.048820 0.046006 0.045845
0.958730 0.133109 0.958970 0.130269 0.959980 0.131191
0.956264 0.128652 0.957903 0.129493 0.958730 0.133109
0.959980 0.131191 0.958970 0.130269 0.961385 0.130088
0.124371 0.405691 0.123762 0.401695 0.125420 0.401660
0.958730 0.133109 0.957903 0.129493 0.958970 0.130269
0.872598 0.995300 0.873102 0.993208 0.875153 0.995992
0.154762 0.514432 0.158217 0.519653 0.154980 0.518026
0.153348 0.373508 0.151812 0.372099 0.155622 0.370841
0.961636 0.128969 0.958970 0.130269 0.959807 0.127323
0.961636 0.128969 0.959881 0.127075 0.960429 0.126401
0.044680 0.050829 0.043545 0.051365 0.042307 0.050060
0.151812 0.372099 0.149055 0.372218 0.154389 0.369991
0.046006 0.045845 0.045575 0.048820 0.043203 0.047874
0.046006 0.045845 0.040966 0.047473 0.043413 0.043079
0.149307 0.514644 0.154980 0.518026 0.154219 0.521585
0.046006 0.045845 0.043203 0.047874 0.040966 0.047473
0.149055 0.372218 0.151908 0.369681 0.154389 0.369991
0.161810 0.518927 0.160923 0.524759 0.158217 0.519653
0.161810 0.518927 0.165509 0.521670 0.160923 0.524759
0.151812 0.372099 0.154389 0.369991 0.155622 0.370841
0.044717 0.049823 0.042307 0.050060 0.045575 0.048820
0.876914 0.992282 0.871736 0.990849 0.876262 0.991383
0.873102 0.993208 0.876914 0.992282 0.875153 0.995992
0.958970 0.130269 0.958451 0.127740 0.958622 0.127568
0.955569 0.128586 0.955942 0.126543 0.956264 0.128652
0.165509 0.521670 0.168820 0.523313 0.164307 0.526880
0.958412 0.127477 0.958102 0.127365 0.958231 0.127218
0.125420 0.401660 0.126111 0.399226 0.128739 0.400930
0.958632 0.126113 0.958188 0.126209 0.958267 0.125921
0.045575 0.048820 0.042307 0.050060 0.043203 0.047874
0.957856 0.127268 0.956264 0.128652 0.957509 0.126874
0.165509 0.521670 0.164307 0.526880 0.160923 0.524759
0.153348 0.373508 0.155622 0.370841 0.156724 0.372589
0.154980 0.518026 0.158217 0.519653 0.154219 0.521585
0.956264 0.128652 0.956646 0.125582 0.956904 0.126000
0.130350 0.404194 0.128739 0.400930 0.129875 0.399829
0.875153 0.995992 0.878984 0.995773 0.878186 0.996651
0.158217 0.519653 0.157723 0.523888 0.154219 0.521585
0.043203 0.047874 0.042307 0.050060 0.041363 0.049904
0.956904 0.126000 0.956646 0.125582 0.957125 0.125614
0.878186 0.996651 0.878984 0.995773 0.882047 0.996642
0.168820 0.523313 0.167989 0.530437 0.164307 0.526880
0.876914 0.992282 0.877635 0.994487 0.875153 0.995992
0.158217 0.519653 0.160923 0.524759 0.157723 0.523888
0.957125 0.125614 0.956558 0.125302 0.955764 0.122368
0.957125 0.125614 0.955764 0.122368 0.957309 0.124622
0.043203 0.047874 0.041363 0.049904 0.040966 0.047473
0.042426 0.052493 0.041533 0.052502 0.042307 0.050060
0.042307 0.050060 0.041533 0.052502 0.041438 0.051936
0.875153 0.995992 0.877635 0.994487 0.878984 0.995773
0.954978 0.124162 0.954640 0.123073 0.955764 0.122368
0.882047 0.996642 0.878984 0.995773 0.880818 0.995218
0.876262 0.991383 0.878546 0.990515 0.876914 0.992282
0.042307 0.050060 0.040958 0.051462 0.040642 0.050790
0.157723 0.523888 0.161006 0.529292 0.154219 0.521585
0.157723 0.523888 0.160923 0.524759 0.161006 0.529292
0.876914 0.992282 0.878546 0.990515 0.879300 0.990921
0.876914 0.992282 0.879300 0.990921 0.879583 0.991637
0.876914 0.992282 0.879583 0.991637 0.877635 0.994487
0.164307 0.526880 0.167989 0.530437 0.164897 0.531591
0.956349 0.122335 0.955764 0.122368 0.956140 0.121653
0.164307 0.526880 0.161006 0.529292 0.160923 0.524759
0.164307 0.526880 0.163751 0.530679 0.161006 0.529292
0.155622 0.370841 0.160713 0.369565 0.160511 0.370385
0.040556 0.053234 0.040078 0.053513 0.040198 0.053393
0.882092 0.994612 0.878984 0.995773 0.881993 0.993567
0.882092 0.994612 0.881993 0.993567 0.882701 0.993467
0.882092 0.994612 0.882701 0.993467 0.882047 0.996642
0.040333 0.052065 0.039725 0.052449 0.039963 0.051857
0.877635 0.994487 0.880062 0.993380 0.878984 0.995773
0.877635 0.994487 0.880122 0.991962 0.880253 0.992529
0.039963 0.051857 0.039725 0.052449 0.039344 0.052673
0.039834 0.051824 0.039254 0.052314 0.039547 0.051791
0.040233 0.053046 0.039586 0.053570 0.039727 0.052954
0.879300 0.990921 0.880833 0.990175 0.880566 0.990956
0.955764 0.122368 0.955093 0.120360 0.955396 0.120775
0.881993 0.993567 0.881985 0.992428 0.882614 0.992582
0.039727 0.052954 0.039365 0.053584 0.039371 0.053374
0.880566 0.990956 0.880833 0.990175 0.881372 0.990265
0.955239 0.120315 0.955145 0.119763 0.955364 0.120190
0.880826 0.991884 0.880778 0.991649 0.881221 0.991802
0.161006 0.529292 0.162210 0.530593 0.161234 0.530288
0.162861 0.531122 0.161865 0.532435 0.161234 0.530288
